step,time,elastic,fracture,kinetic,external,total
0,1.785714286e-03,5.415874346e-02,4.535853579e-07,0.000000000e+00,0.000000000e+00,5.415919705e-02
1,3.571428571e-03,2.166240861e-01,7.258779881e-06,0.000000000e+00,0.000000000e+00,2.166313449e-01
2,5.357142857e-03,4.873633496e-01,3.675902084e-05,0.000000000e+00,0.000000000e+00,4.874001086e-01
3,7.142857143e-03,8.663220210e-01,1.162265736e-04,0.000000000e+00,0.000000000e+00,8.664382476e-01
4,8.928571429e-03,1.353423678e+00,2.839126389e-04,0.000000000e+00,0.000000000e+00,1.353707591e+00
5,1.071428571e-02,1.948569885e+00,5.891178901e-04,0.000000000e+00,0.000000000e+00,1.949159003e+00
6,1.250000000e-02,2.651640051e+00,1.092285514e-03,0.000000000e+00,0.000000000e+00,2.652732337e+00
7,1.428571429e-02,3.462491260e+00,1.865120604e-03,0.000000000e+00,0.000000000e+00,3.464356381e+00
8,1.607142857e-02,4.380958050e+00,2.990735098e-03,0.000000000e+00,0.000000000e+00,4.383948785e+00
9,1.785714286e-02,5.406852148e+00,4.563834864e-03,0.000000000e+00,0.000000000e+00,5.411415983e+00
10,1.964285714e-02,6.539962182e+00,6.690905844e-03,0.000000000e+00,0.000000000e+00,6.546653088e+00
11,2.142857143e-02,7.780053275e+00,9.490510878e-03,0.000000000e+00,0.000000000e+00,7.789543786e+00
12,2.321428571e-02,9.126866645e+00,1.309355031e-02,0.000000000e+00,0.000000000e+00,9.139960196e+00
13,2.500000000e-02,1.058011905e+01,1.764366589e-02,0.000000000e+00,0.000000000e+00,1.059776272e+01
14,2.678571429e-02,1.213950224e+01,2.329762265e-02,0.000000000e+00,0.000000000e+00,1.216279986e+01
15,2.857142857e-02,1.380468214e+01,3.022587199e-02,0.000000000e+00,0.000000000e+00,1.383490801e+01
16,3.035714286e-02,1.557529809e+01,3.861313763e-02,0.000000000e+00,0.000000000e+00,1.561391123e+01
17,3.214285714e-02,1.745096177e+01,4.865916942e-02,0.000000000e+00,0.000000000e+00,1.749962094e+01
18,3.392857143e-02,1.943125600e+01,6.057962195e-02,0.000000000e+00,0.000000000e+00,1.949183562e+01
19,3.571428571e-02,2.151573221e+01,7.460818352e-02,0.000000000e+00,0.000000000e+00,2.159034039e+01
20,3.750000000e-02,2.370391209e+01,9.099454130e-02,0.000000000e+00,0.000000000e+00,2.379490663e+01
21,3.928571429e-02,2.599528093e+01,1.100104250e-01,0.000000000e+00,0.000000000e+00,2.610529136e+01
22,4.107142857e-02,2.838928754e+01,1.319491315e-01,0.000000000e+00,0.000000000e+00,2.852123667e+01
23,4.285714286e-02,3.088534034e+01,1.571286085e-01,0.000000000e+00,0.000000000e+00,3.104246895e+01
24,4.464285714e-02,3.348279947e+01,1.858984419e-01,0.000000000e+00,0.000000000e+00,3.366869791e+01
25,4.642857143e-02,3.618098272e+01,2.186328176e-01,0.000000000e+00,0.000000000e+00,3.639961553e+01
26,4.821428571e-02,3.897914351e+01,2.557510789e-01,0.000000000e+00,0.000000000e+00,3.923489459e+01
27,5.000000000e-02,4.187647058e+01,2.977163307e-01,0.000000000e+00,0.000000000e+00,4.217418691e+01
28,5.178571429e-02,4.487206211e+01,3.450589482e-01,0.000000000e+00,0.000000000e+00,4.521712106e+01
29,5.357142857e-02,4.796494268e+01,3.983568083e-01,0.000000000e+00,0.000000000e+00,4.836329949e+01
30,5.535714286e-02,5.115399320e+01,4.583012949e-01,0.000000000e+00,0.000000000e+00,5.161229449e+01
31,5.714285714e-02,5.443791321e+01,5.257295911e-01,0.000000000e+00,0.000000000e+00,5.496364281e+01
32,5.892857143e-02,5.781524772e+01,6.015905734e-01,0.000000000e+00,0.000000000e+00,5.841683829e+01
33,6.071428571e-02,6.128413284e+01,6.871876560e-01,0.000000000e+00,0.000000000e+00,6.197132050e+01
34,6.250000000e-02,6.484231175e+01,7.841467120e-01,0.000000000e+00,0.000000000e+00,6.562645846e+01
35,6.428571429e-02,6.848676674e+01,8.947567602e-01,0.000000000e+00,0.000000000e+00,6.938152350e+01
36,6.607142857e-02,7.221315242e+01,1.022490581e+00,0.000000000e+00,0.000000000e+00,7.323564300e+01
37,6.785714286e-02,7.601480496e+01,1.172909488e+00,0.000000000e+00,0.000000000e+00,7.718771445e+01
38,6.964285714e-02,7.987947346e+01,1.356747922e+00,0.000000000e+00,0.000000000e+00,8.123622138e+01
39,7.142857143e-02,8.377858992e+01,1.600193933e+00,0.000000000e+00,0.000000000e+00,8.537878386e+01
40,7.321428571e-02,8.760067879e+01,2.009577051e+00,0.000000000e+00,0.000000000e+00,8.961025584e+01
41,7.500000000e-02,9.006141017e+01,3.848179067e+00,0.000000000e+00,0.000000000e+00,9.390958923e+01
42,7.678571429e-02,9.157777071e+01,6.715742303e+00,0.000000000e+00,0.000000000e+00,9.829351301e+01
43,7.857142857e-02,8.552289102e+01,1.626720283e+01,0.000000000e+00,0.000000000e+00,1.017900939e+02
44,8.035714286e-02,6.942311479e+01,3.371835661e+01,0.000000000e+00,0.000000000e+00,1.031414714e+02
45,8.214285714e-02,5.201243275e+01,5.144454618e+01,0.000000000e+00,0.000000000e+00,1.034569789e+02
46,8.392857143e-02,4.166640651e+01,6.306217259e+01,0.000000000e+00,0.000000000e+00,1.047285791e+02
47,8.571428571e-02,3.664292354e+01,6.971431988e+01,0.000000000e+00,0.000000000e+00,1.063572434e+02
48,8.750000000e-02,3.367763429e+01,7.424719389e+01,0.000000000e+00,0.000000000e+00,1.079248282e+02
49,8.928571429e-02,3.284149661e+01,7.652971696e+01,0.000000000e+00,0.000000000e+00,1.093712136e+02
50,9.107142857e-02,3.060852754e+01,8.012464658e+01,0.000000000e+00,0.000000000e+00,1.107331741e+02
51,9.285714286e-02,2.972481362e+01,8.226983493e+01,0.000000000e+00,0.000000000e+00,1.119946485e+02
52,9.464285714e-02,2.915271317e+01,8.404094868e+01,0.000000000e+00,0.000000000e+00,1.131936618e+02
53,9.642857143e-02,2.744655236e+01,8.690100760e+01,0.000000000e+00,0.000000000e+00,1.143475600e+02
54,9.821428571e-02,2.297054490e+01,9.220822143e+01,0.000000000e+00,0.000000000e+00,1.151787663e+02
55,1.000000000e-01,1.741212237e+01,9.823385066e+01,0.000000000e+00,0.000000000e+00,1.156459730e+02
56,1.017857143e-01,7.685081904e+00,1.049364484e+02,0.000000000e+00,0.000000000e+00,1.126215303e+02
57,1.035714286e-01,7.943308489e+00,1.049555500e+02,0.000000000e+00,0.000000000e+00,1.128988584e+02
58,1.053571429e-01,8.206021760e+00,1.049743239e+02,0.000000000e+00,0.000000000e+00,1.131803457e+02
59,1.071428571e-01,8.473491255e+00,1.049923410e+02,0.000000000e+00,0.000000000e+00,1.134658323e+02
60,1.089285714e-01,8.745691821e+00,1.050096601e+02,0.000000000e+00,0.000000000e+00,1.137553519e+02
61,1.107142857e-01,9.022598106e+00,1.050263370e+02,0.000000000e+00,0.000000000e+00,1.140489351e+02
62,1.125000000e-01,9.304185427e+00,1.050424244e+02,0.000000000e+00,0.000000000e+00,1.143466098e+02
63,1.142857143e-01,9.590462385e+00,1.050579311e+02,0.000000000e+00,0.000000000e+00,1.146483935e+02
64,1.160714286e-01,9.881345567e+00,1.050729791e+02,0.000000000e+00,0.000000000e+00,1.149543247e+02
65,1.178571429e-01,1.017680515e+01,1.050876267e+02,0.000000000e+00,0.000000000e+00,1.152644319e+02
66,1.196428571e-01,1.047692588e+01,1.051017596e+02,0.000000000e+00,0.000000000e+00,1.155786855e+02
67,1.214285714e-01,1.078156326e+01,1.051156042e+02,0.000000000e+00,0.000000000e+00,1.158971674e+02
68,1.232142857e-01,1.109079762e+01,1.051290478e+02,0.000000000e+00,0.000000000e+00,1.162198454e+02
69,1.250000000e-01,1.140458013e+01,1.051421695e+02,0.000000000e+00,0.000000000e+00,1.165467496e+02
70,1.267857143e-01,1.172289388e+01,1.051549991e+02,0.000000000e+00,0.000000000e+00,1.168778930e+02
71,1.285714286e-01,1.204572020e+01,1.051675670e+02,0.000000000e+00,0.000000000e+00,1.172132872e+02
72,1.303571429e-01,1.237304494e+01,1.051798977e+02,0.000000000e+00,0.000000000e+00,1.175529427e+02
73,1.321428571e-01,1.270485171e+01,1.051920172e+02,0.000000000e+00,0.000000000e+00,1.178968689e+02
74,1.339285714e-01,1.304112598e+01,1.052039484e+02,0.000000000e+00,0.000000000e+00,1.182450744e+02
75,1.357142857e-01,1.338177499e+01,1.052159593e+02,0.000000000e+00,0.000000000e+00,1.185977343e+02
76,1.375000000e-01,1.372694350e+01,1.052275739e+02,0.000000000e+00,0.000000000e+00,1.189545174e+02
77,1.392857143e-01,1.407653798e+01,1.052390620e+02,0.000000000e+00,0.000000000e+00,1.193155999e+02
78,1.410714286e-01,1.443054592e+01,1.052504417e+02,0.000000000e+00,0.000000000e+00,1.196809876e+02
79,1.428571429e-01,1.478897387e+01,1.052617035e+02,0.000000000e+00,0.000000000e+00,1.200506774e+02
80,1.446428571e-01,1.515174785e+01,1.052729497e+02,0.000000000e+00,0.000000000e+00,1.204246976e+02
81,1.464285714e-01,1.551893477e+01,1.052840837e+02,0.000000000e+00,0.000000000e+00,1.208030185e+02
82,1.482142857e-01,1.589046169e+01,1.052952058e+02,0.000000000e+00,0.000000000e+00,1.211856675e+02
83,1.500000000e-01,1.626633811e+01,1.053063017e+02,0.000000000e+00,0.000000000e+00,1.215726398e+02
84,1.517857143e-01,1.664654885e+01,1.053173883e+02,0.000000000e+00,0.000000000e+00,1.219639372e+02
85,1.535714286e-01,1.703108349e+01,1.053284778e+02,0.000000000e+00,0.000000000e+00,1.223595613e+02
86,1.553571429e-01,1.741992784e+01,1.053395853e+02,0.000000000e+00,0.000000000e+00,1.227595131e+02
87,1.571428571e-01,1.781307081e+01,1.053507226e+02,0.000000000e+00,0.000000000e+00,1.231637934e+02
88,1.589285714e-01,1.821049907e+01,1.053619037e+02,0.000000000e+00,0.000000000e+00,1.235724028e+02
89,1.607142857e-01,1.861220268e+01,1.053731384e+02,0.000000000e+00,0.000000000e+00,1.239853411e+02
90,1.625000000e-01,1.901816647e+01,1.053844418e+02,0.000000000e+00,0.000000000e+00,1.244026083e+02
91,1.642857143e-01,1.942838232e+01,1.053958214e+02,0.000000000e+00,0.000000000e+00,1.248242037e+02
92,1.660714286e-01,1.984283422e+01,1.054072924e+02,0.000000000e+00,0.000000000e+00,1.252501266e+02
93,1.678571429e-01,2.026151357e+01,1.054188623e+02,0.000000000e+00,0.000000000e+00,1.256803759e+02
94,1.696428571e-01,2.068440492e+01,1.054305452e+02,0.000000000e+00,0.000000000e+00,1.261149501e+02
95,1.714285714e-01,2.111149915e+01,1.054423486e+02,0.000000000e+00,0.000000000e+00,1.265538478e+02
96,1.732142857e-01,2.154278150e+01,1.054542855e+02,0.000000000e+00,0.000000000e+00,1.269970670e+02
97,1.750000000e-01,2.197824243e+01,1.054663632e+02,0.000000000e+00,0.000000000e+00,1.274446056e+02
98,1.767857143e-01,2.241786706e+01,1.054785944e+02,0.000000000e+00,0.000000000e+00,1.278964615e+02
99,1.785714286e-01,2.286164565e+01,1.054909863e+02,0.000000000e+00,0.000000000e+00,1.283526320e+02
100,1.803571429e-01,2.330956425e+01,1.055035503e+02,0.000000000e+00,0.000000000e+00,1.288131145e+02
101,1.821428571e-01,2.376161132e+01,1.055162949e+02,0.000000000e+00,0.000000000e+00,1.292779063e+02
102,1.839285714e-01,2.421777375e+01,1.055292304e+02,0.000000000e+00,0.000000000e+00,1.297470041e+02
103,1.857142857e-01,2.467803955e+01,1.055423653e+02,0.000000000e+00,0.000000000e+00,1.302204049e+02
104,1.875000000e-01,2.514239545e+01,1.055557097e+02,0.000000000e+00,0.000000000e+00,1.306981051e+02
105,1.892857143e-01,2.561082996e+01,1.055692714e+02,0.000000000e+00,0.000000000e+00,1.311801013e+02
106,1.910714286e-01,2.608332970e+01,1.055830600e+02,0.000000000e+00,0.000000000e+00,1.316663897e+02
107,1.928571429e-01,2.655988258e+01,1.055970838e+02,0.000000000e+00,0.000000000e+00,1.321569664e+02
108,1.946428571e-01,2.704047571e+01,1.056113518e+02,0.000000000e+00,0.000000000e+00,1.326518275e+02
109,1.964285714e-01,2.752509559e+01,1.056258731e+02,0.000000000e+00,0.000000000e+00,1.331509687e+02
110,1.982142857e-01,2.801373035e+01,1.056406554e+02,0.000000000e+00,0.000000000e+00,1.336543858e+02
111,2.000000000e-01,2.850636553e+01,1.056557088e+02,0.000000000e+00,0.000000000e+00,1.341620743e+02
112,2.017857143e-01,2.900298872e+01,1.056710411e+02,0.000000000e+00,0.000000000e+00,1.346740298e+02
113,2.035714286e-01,2.950358679e+01,1.056866608e+02,0.000000000e+00,0.000000000e+00,1.351902476e+02
114,2.053571429e-01,3.000814568e+01,1.057025772e+02,0.000000000e+00,0.000000000e+00,1.357107228e+02
115,2.071428571e-01,3.051665226e+01,1.057187984e+02,0.000000000e+00,0.000000000e+00,1.362354507e+02
116,2.089285714e-01,3.102909343e+01,1.057353326e+02,0.000000000e+00,0.000000000e+00,1.367644261e+02
117,2.107142857e-01,3.154545465e+01,1.057521892e+02,0.000000000e+00,0.000000000e+00,1.372976439e+02
118,2.125000000e-01,3.206572274e+01,1.057693760e+02,0.000000000e+00,0.000000000e+00,1.378350988e+02
119,2.142857143e-01,3.258988412e+01,1.057869013e+02,0.000000000e+00,0.000000000e+00,1.383767854e+02
120,2.160714286e-01,3.311792409e+01,1.058047742e+02,0.000000000e+00,0.000000000e+00,1.389226983e+02
121,2.178571429e-01,3.364982886e+01,1.058230031e+02,0.000000000e+00,0.000000000e+00,1.394728319e+02
122,2.196428571e-01,3.418558476e+01,1.058415957e+02,0.000000000e+00,0.000000000e+00,1.400271805e+02
123,2.214285714e-01,3.472517789e+01,1.058605604e+02,0.000000000e+00,0.000000000e+00,1.405857383e+02
124,2.232142857e-01,3.526859218e+01,1.058799073e+02,0.000000000e+00,0.000000000e+00,1.411484994e+02
125,2.250000000e-01,3.581581395e+01,1.058996441e+02,0.000000000e+00,0.000000000e+00,1.417154580e+02
126,2.267857143e-01,3.636682885e+01,1.059197791e+02,0.000000000e+00,0.000000000e+00,1.422866079e+02
127,2.285714286e-01,3.692162155e+01,1.059403215e+02,0.000000000e+00,0.000000000e+00,1.428619430e+02
128,2.303571429e-01,3.748017656e+01,1.059612805e+02,0.000000000e+00,0.000000000e+00,1.434414571e+02
129,2.321428571e-01,3.804247948e+01,1.059826642e+02,0.000000000e+00,0.000000000e+00,1.440251437e+02
130,2.339285714e-01,3.860851571e+01,1.060044807e+02,0.000000000e+00,0.000000000e+00,1.446129965e+02
131,2.357142857e-01,3.917826918e+01,1.060267396e+02,0.000000000e+00,0.000000000e+00,1.452050088e+02
132,2.375000000e-01,3.975172401e+01,1.060494501e+02,0.000000000e+00,0.000000000e+00,1.458011741e+02
133,2.392857143e-01,4.032887036e+01,1.060727600e+02,0.000000000e+00,0.000000000e+00,1.464016304e+02
134,2.410714286e-01,4.090969246e+01,1.060963859e+02,0.000000000e+00,0.000000000e+00,1.470060783e+02
135,2.428571429e-01,4.149416767e+01,1.061204929e+02,0.000000000e+00,0.000000000e+00,1.476146605e+02
136,2.446428571e-01,4.208228240e+01,1.061450858e+02,0.000000000e+00,0.000000000e+00,1.482273682e+02
137,2.464285714e-01,4.267402016e+01,1.061701743e+02,0.000000000e+00,0.000000000e+00,1.488441944e+02
138,2.482142857e-01,4.326936586e+01,1.061957663e+02,0.000000000e+00,0.000000000e+00,1.494651321e+02
139,2.500000000e-01,4.386830224e+01,1.062218718e+02,0.000000000e+00,0.000000000e+00,1.500901740e+02
140,2.625000000e-01,4.815812222e+01,1.064216647e+02,0.000000000e+00,0.000000000e+00,1.545797869e+02
141,2.750000000e-01,5.261856955e+01,1.066489294e+02,0.000000000e+00,0.000000000e+00,1.592674989e+02
142,2.875000000e-01,5.724201912e+01,1.069085092e+02,0.000000000e+00,0.000000000e+00,1.641505284e+02
143,3.000000000e-01,6.202185076e+01,1.072040286e+02,0.000000000e+00,0.000000000e+00,1.692258793e+02
144,3.125000000e-01,6.694999318e+01,1.075403842e+02,0.000000000e+00,0.000000000e+00,1.744903774e+02
145,3.250000000e-01,7.201996152e+01,1.079206711e+02,0.000000000e+00,0.000000000e+00,1.799406327e+02
146,3.375000000e-01,7.722413485e+01,1.083489056e+02,0.000000000e+00,0.000000000e+00,1.855730404e+02
147,3.500000000e-01,8.255172943e+01,1.088320728e+02,0.000000000e+00,0.000000000e+00,1.913838022e+02
148,3.625000000e-01,8.799516824e+01,1.093736894e+02,0.000000000e+00,0.000000000e+00,1.973688577e+02
149,3.750000000e-01,9.354064713e+01,1.099832236e+02,0.000000000e+00,0.000000000e+00,2.035238707e+02
150,3.875000000e-01,9.917589156e+01,1.106682601e+02,0.000000000e+00,0.000000000e+00,2.098441516e+02
151,4.000000000e-01,1.048803385e+02,1.114441876e+02,0.000000000e+00,0.000000000e+00,2.163245261e+02
152,4.125000000e-01,1.106117655e+02,1.123471352e+02,0.000000000e+00,0.000000000e+00,2.229589007e+02
153,4.250000000e-01,7.264569568e+01,1.384257744e+02,0.000000000e+00,0.000000000e+00,2.110714700e+02
154,4.375000000e-01,2.222949180e+01,1.736403362e+02,0.000000000e+00,0.000000000e+00,1.958698280e+02
155,4.500000000e-01,1.984433253e+01,1.772823459e+02,0.000000000e+00,0.000000000e+00,1.971266784e+02
156,4.625000000e-01,2.002476013e+01,1.782696289e+02,0.000000000e+00,0.000000000e+00,1.982943891e+02
157,4.750000000e-01,1.987643866e+01,1.795783676e+02,0.000000000e+00,0.000000000e+00,1.994548062e+02
158,4.875000000e-01,2.030640184e+01,1.802511979e+02,0.000000000e+00,0.000000000e+00,2.005575997e+02
159,5.000000000e-01,2.030407770e+01,1.813709194e+02,0.000000000e+00,0.000000000e+00,2.016749971e+02
160,5.125000000e-01,2.079962487e+01,1.819413864e+02,0.000000000e+00,0.000000000e+00,2.027410113e+02
161,5.250000000e-01,2.113106955e+01,1.826846319e+02,0.000000000e+00,0.000000000e+00,2.038157015e+02
162,5.375000000e-01,2.130393751e+01,1.835868348e+02,0.000000000e+00,0.000000000e+00,2.048907723e+02
163,5.500000000e-01,2.188687533e+01,1.840406084e+02,0.000000000e+00,0.000000000e+00,2.059274837e+02
164,5.625000000e-01,2.242667770e+01,1.845429662e+02,0.000000000e+00,0.000000000e+00,2.069696439e+02
165,5.750000000e-01,2.273215609e+01,1.852981888e+02,0.000000000e+00,0.000000000e+00,2.080303448e+02
166,5.875000000e-01,2.315071848e+01,1.859250150e+02,0.000000000e+00,0.000000000e+00,2.090757335e+02
167,6.000000000e-01,2.383486083e+01,1.862646064e+02,0.000000000e+00,0.000000000e+00,2.100994672e+02
168,6.125000000e-01,2.449094598e+01,1.866409358e+02,0.000000000e+00,0.000000000e+00,2.111318817e+02
169,6.250000000e-01,2.493290393e+01,1.872507219e+02,0.000000000e+00,0.000000000e+00,2.121836259e+02
170,6.375000000e-01,2.534961736e+01,1.878873236e+02,0.000000000e+00,0.000000000e+00,2.132369410e+02
171,6.500000000e-01,2.604626625e+01,1.882233903e+02,0.000000000e+00,0.000000000e+00,2.142696566e+02
172,6.625000000e-01,2.682909851e+01,1.884745869e+02,0.000000000e+00,0.000000000e+00,2.153036855e+02
173,6.750000000e-01,2.760902105e+01,1.887390974e+02,0.000000000e+00,0.000000000e+00,2.163481185e+02
174,6.875000000e-01,2.822298261e+01,1.891905797e+02,0.000000000e+00,0.000000000e+00,2.174135623e+02
175,7.000000000e-01,2.876725226e+01,1.897214782e+02,0.000000000e+00,0.000000000e+00,2.184887304e+02
176,7.125000000e-01,2.940634505e+01,1.901539292e+02,0.000000000e+00,0.000000000e+00,2.195602743e+02
177,7.250000000e-01,3.022255937e+01,1.904018962e+02,0.000000000e+00,0.000000000e+00,2.206244555e+02
178,7.375000000e-01,3.109869388e+01,1.905960796e+02,0.000000000e+00,0.000000000e+00,2.216947735e+02
179,7.500000000e-01,3.200398048e+01,1.907710423e+02,0.000000000e+00,0.000000000e+00,2.227750227e+02
180,7.625000000e-01,3.291222232e+01,1.909553754e+02,0.000000000e+00,0.000000000e+00,2.238675977e+02
181,7.750000000e-01,3.375050792e+01,1.912269087e+02,0.000000000e+00,0.000000000e+00,2.249774166e+02
182,7.875000000e-01,3.443232566e+01,1.916766472e+02,0.000000000e+00,0.000000000e+00,2.261089729e+02
183,8.000000000e-01,3.510310186e+01,1.921460784e+02,0.000000000e+00,0.000000000e+00,2.272491802e+02
184,8.125000000e-01,3.597906865e+01,1.924002660e+02,0.000000000e+00,0.000000000e+00,2.283793347e+02
185,8.250000000e-01,3.694047567e+01,1.925728490e+02,0.000000000e+00,0.000000000e+00,2.295133246e+02
186,8.375000000e-01,3.793913057e+01,1.927177478e+02,0.000000000e+00,0.000000000e+00,2.306568783e+02
187,8.500000000e-01,3.896186378e+01,1.928501545e+02,0.000000000e+00,0.000000000e+00,2.318120183e+02
188,8.625000000e-01,4.000192191e+01,1.929778602e+02,0.000000000e+00,0.000000000e+00,2.329797822e+02
189,8.750000000e-01,4.105378975e+01,1.931069406e+02,0.000000000e+00,0.000000000e+00,2.341607303e+02
190,8.875000000e-01,4.210165523e+01,1.932543255e+02,0.000000000e+00,0.000000000e+00,2.353559807e+02
191,9.000000000e-01,4.308011159e+01,1.934899258e+02,0.000000000e+00,0.000000000e+00,2.365700374e+02
192,9.125000000e-01,4.399580383e+01,1.938052507e+02,0.000000000e+00,0.000000000e+00,2.378010545e+02
193,9.250000000e-01,4.501865017e+01,1.940154435e+02,0.000000000e+00,0.000000000e+00,2.390340936e+02
194,9.375000000e-01,4.608827923e+01,1.941875226e+02,0.000000000e+00,0.000000000e+00,2.402758019e+02
195,9.500000000e-01,4.716044863e+01,1.943702611e+02,0.000000000e+00,0.000000000e+00,2.415307097e+02
196,9.625000000e-01,4.822883936e+01,1.945704356e+02,0.000000000e+00,0.000000000e+00,2.427992750e+02
197,9.750000000e-01,4.933502748e+01,1.947422599e+02,0.000000000e+00,0.000000000e+00,2.440772874e+02
198,9.875000000e-01,5.047006014e+01,1.948955078e+02,0.000000000e+00,0.000000000e+00,2.453655680e+02
199,1.000000000e+00,5.161726283e+01,1.950487549e+02,0.000000000e+00,0.000000000e+00,2.466660178e+02
