step,time,displacement,reaction_kN,max_d,max_H,stagger_iter,elapsed_ms
0,1.785714286e-03,0.00357143,0.01516445,0.00022548,2.088727105e-03,3,20814.394
1,3.571428571e-03,0.00714286,0.03032737,0.00090238,8.364465543e-03,3,20854.853
2,5.357142857e-03,0.01071429,0.04548725,0.00203213,1.885601402e-02,3,21376.752
3,7.142857143e-03,0.01428571,0.06064254,0.00361710,3.361179797e-02,3,21969.004
4,8.928571429e-03,0.01785714,0.07579173,0.00566068,5.270052203e-02,3,22899.780
5,1.071428571e-02,0.02142857,0.09093326,0.00816726,7.621210664e-02,3,24098.060
6,1.250000000e-02,0.02500000,0.10606561,0.01114227,1.042589328e-01,3,24092.776
7,1.428571429e-02,0.02857143,0.12118720,0.01459229,1.369774304e-01,3,24583.761
8,1.607142857e-02,0.03214286,0.13629649,0.01852509,1.745300517e-01,3,24483.963
9,1.785714286e-02,0.03571429,0.15139187,0.02294980,2.171095741e-01,4,31605.078
10,1.964285714e-02,0.03928571,0.16647178,0.02787672,2.649363659e-01,4,32048.210
11,2.142857143e-02,0.04285714,0.18153460,0.03331786,3.182690701e-01,4,32109.901
12,2.321428571e-02,0.04642857,0.19657870,0.03928675,3.774049235e-01,4,31849.974
13,2.500000000e-02,0.05000000,0.21160242,0.04579881,4.426858929e-01,4,31431.332
14,2.678571429e-02,0.05357143,0.22660410,0.05287141,5.145050264e-01,4,31438.591
15,2.857142857e-02,0.05714286,0.24158201,0.06052424,5.933141487e-01,4,31514.099
16,3.035714286e-02,0.06071429,0.25653441,0.06877951,6.796332265e-01,4,32039.297
17,3.214285714e-02,0.06428571,0.27145952,0.07766233,7.740618120e-01,4,32096.099
18,3.392857143e-02,0.06785714,0.28635551,0.08720112,8.772931419e-01,4,32102.068
19,3.571428571e-02,0.07142857,0.30122037,0.09743176,9.901775561e-01,5,39781.036
20,3.750000000e-02,0.07500000,0.31605231,0.10838578,1.113589349e+00,5,40072.648
21,3.928571429e-02,0.07857143,0.33084921,0.12010752,1.248659175e+00,5,40800.706
22,4.107142857e-02,0.08214286,0.34560894,0.13264535,1.396687803e+00,5,41232.542
23,4.285714286e-02,0.08571429,0.36032926,0.14605491,1.559219251e+00,5,41532.517
24,4.464285714e-02,0.08928571,0.37500760,0.16040834,1.738206488e+00,6,48524.219
25,4.642857143e-02,0.09285714,0.38964165,0.17577053,1.935736625e+00,6,48796.350
26,4.821428571e-02,0.09642857,0.40422853,0.19223551,2.154605354e+00,6,48806.988
27,5.000000000e-02,0.10000000,0.41876518,0.20990931,2.398183854e+00,6,48840.929
28,5.178571429e-02,0.10357143,0.43324792,0.22893527,2.670941400e+00,7,61878.990
29,5.357142857e-02,0.10714286,0.44767333,0.24944623,2.977905908e+00,7,63415.501
30,5.535714286e-02,0.11071429,0.46203678,0.27164340,3.326174529e+00,7,60908.502
31,5.714285714e-02,0.11428571,0.47633241,0.29579947,3.725501383e+00,8,68022.656
32,5.892857143e-02,0.11785714,0.49055454,0.32217960,4.187628928e+00,8,67784.080
33,6.071428571e-02,0.12142857,0.50469380,0.35125651,4.731295764e+00,9,74866.505
34,6.250000000e-02,0.12500000,0.51873952,0.38356865,5.381804914e+00,10,82779.395
35,6.428571429e-02,0.12857143,0.53267607,0.41991386,6.178667882e+00,11,91233.568
36,6.607142857e-02,0.13214286,0.54647916,0.46152309,7.187612561e+00,13,108402.218
37,6.785714286e-02,0.13571429,0.56011062,0.51025146,8.523316146e+00,15,125462.085
38,6.964285714e-02,0.13928571,0.57349534,0.56952984,1.042439297e+01,19,161386.496
39,7.142857143e-02,0.14285714,0.58645222,0.64681194,1.351189964e+01,26,222771.533
40,7.321428571e-02,0.14642857,0.59825157,0.76798096,2.073092173e+01,50,430298.033
41,7.500000000e-02,0.15000000,0.60051130,1.00000000,1.312889323e+02,50,417909.738
42,7.678571429e-02,0.15357143,0.59661871,1.00000000,4.092766207e+02,50,438631.467
43,7.857142857e-02,0.15714286,0.54572928,1.00000000,1.422807425e+03,50,596812.348
44,8.035714286e-02,0.16071429,0.43429663,1.00000000,3.364612954e+03,50,863479.108
45,8.214285714e-02,0.16428571,0.31812461,1.00000000,5.322105907e+03,50,846674.672
46,8.392857143e-02,0.16785714,0.24914066,1.00000000,6.562669558e+03,50,832788.155
47,8.571428571e-02,0.17142857,0.21434844,1.00000000,7.357218418e+03,50,810283.378
48,8.750000000e-02,0.17500000,0.19277490,1.00000000,8.000504834e+03,50,811622.813
49,8.928571429e-02,0.17857143,0.18407342,1.00000000,8.502393244e+03,50,809544.383
50,9.107142857e-02,0.18214286,0.16825882,1.00000000,9.112137529e+03,50,814298.565
51,9.285714286e-02,0.18571429,0.16017460,1.00000000,9.649103711e+03,50,818237.300
52,9.464285714e-02,0.18928571,0.15412722,1.00000000,1.017070689e+04,50,815091.106
53,9.642857143e-02,0.19285714,0.14285311,1.00000000,1.076342410e+04,50,813036.726
54,9.821428571e-02,0.19642857,0.11742269,1.00000000,1.167071346e+04,50,817029.840
55,1.000000000e-01,0.20000000,0.08778506,1.00000000,1.282284768e+04,50,813447.865
56,1.017857143e-01,0.20357143,0.03775583,1.00000000,1.704090687e+04,27,438947.044
57,1.035714286e-01,0.20714286,0.03835085,1.00000000,1.764882591e+04,3,48444.999
58,1.053571429e-01,0.21071429,0.03894779,1.00000000,1.826714832e+04,3,48492.242
59,1.071428571e-01,0.21428571,0.03954704,1.00000000,1.889588259e+04,3,48392.996
60,1.089285714e-01,0.21785714,0.04014837,1.00000000,1.953503446e+04,3,48700.300
61,1.107142857e-01,0.22142857,0.04075156,1.00000000,2.018460964e+04,3,48949.243
62,1.125000000e-01,0.22500000,0.04135642,1.00000000,2.084461213e+04,3,48719.840
63,1.142857143e-01,0.22857143,0.04196442,1.00000000,2.151496405e+04,2,32368.540
64,1.160714286e-01,0.23214286,0.04257210,1.00000000,2.219583791e+04,2,32543.747
65,1.178571429e-01,0.23571429,0.04318027,1.00000000,2.288717809e+04,2,32651.381
66,1.196428571e-01,0.23928571,0.04379076,1.00000000,2.358891140e+04,2,32920.359
67,1.214285714e-01,0.24285714,0.04440088,1.00000000,2.430113538e+04,2,32618.255
68,1.232142857e-01,0.24642857,0.04501249,1.00000000,2.502378576e+04,2,32505.854
69,1.250000000e-01,0.25000000,0.04562484,1.00000000,2.575688759e+04,2,32569.574
70,1.267857143e-01,0.25357143,0.04623782,1.00000000,2.650044355e+04,2,32540.606
71,1.285714286e-01,0.25714286,0.04685133,1.00000000,2.725445436e+04,2,32677.922
72,1.303571429e-01,0.26071429,0.04746531,1.00000000,2.801892259e+04,2,32691.464
73,1.321428571e-01,0.26428571,0.04807967,1.00000000,2.879384980e+04,2,32624.525
74,1.339285714e-01,0.26785714,0.04869433,1.00000000,2.957923740e+04,2,32505.539
75,1.357142857e-01,0.27142857,0.04930924,1.00000000,3.037508706e+04,2,32633.997
76,1.375000000e-01,0.27500000,0.04992434,1.00000000,3.118139939e+04,2,32134.651
77,1.392857143e-01,0.27857143,0.05053956,1.00000000,3.199817455e+04,2,31562.795
78,1.410714286e-01,0.28214286,0.05115487,1.00000000,3.282541465e+04,2,30484.901
79,1.428571429e-01,0.28571429,0.05177095,1.00000000,3.366311403e+04,2,30125.390
80,1.446428571e-01,0.28928571,0.05238554,1.00000000,3.451129196e+04,2,30250.089
81,1.464285714e-01,0.29285714,0.05300154,1.00000000,3.536992582e+04,2,30148.785
82,1.482142857e-01,0.29642857,0.05361671,1.00000000,3.623903179e+04,2,29649.305
83,1.500000000e-01,0.30000000,0.05423173,1.00000000,3.711860629e+04,2,30041.027
84,1.517857143e-01,0.30357143,0.05484658,1.00000000,3.800864792e+04,2,29314.271
85,1.535714286e-01,0.30714286,0.05546122,1.00000000,3.890915839e+04,2,28758.752
86,1.553571429e-01,0.31071429,0.05607562,1.00000000,3.982013653e+04,2,27671.175
87,1.571428571e-01,0.31428571,0.05668975,1.00000000,4.074158312e+04,2,28713.995
88,1.589285714e-01,0.31785714,0.05730357,1.00000000,4.167349737e+04,2,29115.780
89,1.607142857e-01,0.32142857,0.05791707,1.00000000,4.261588123e+04,2,28933.578
90,1.625000000e-01,0.32500000,0.05853021,1.00000000,4.356873206e+04,2,28146.320
91,1.642857143e-01,0.32857143,0.05914298,1.00000000,4.453205265e+04,2,28158.282
92,1.660714286e-01,0.33214286,0.05975535,1.00000000,4.550583999e+04,2,29844.913
93,1.678571429e-01,0.33571429,0.06036729,1.00000000,4.649009673e+04,2,30457.805
94,1.696428571e-01,0.33928571,0.06097878,1.00000000,4.748481987e+04,2,31264.979
95,1.714285714e-01,0.34285714,0.06158981,1.00000000,4.849001160e+04,2,31520.964
96,1.732142857e-01,0.34642857,0.06220034,1.00000000,4.950566941e+04,2,32004.052
97,1.750000000e-01,0.35000000,0.06281037,1.00000000,5.053179499e+04,2,32028.076
98,1.767857143e-01,0.35357143,0.06341987,1.00000000,5.156838625e+04,2,30431.153
99,1.785714286e-01,0.35714286,0.06402884,1.00000000,5.261544426e+04,2,26875.166
100,1.803571429e-01,0.36071429,0.06463723,1.00000000,5.367296727e+04,2,28667.794
101,1.821428571e-01,0.36428571,0.06524505,1.00000000,5.474095545e+04,2,31255.098
102,1.839285714e-01,0.36785714,0.06585227,1.00000000,5.581941442e+04,2,32304.862
103,1.857142857e-01,0.37142857,0.06645888,1.00000000,5.690837067e+04,2,32451.258
104,1.875000000e-01,0.37500000,0.06706486,1.00000000,5.800780402e+04,2,32357.336
105,1.892857143e-01,0.37857143,0.06767020,1.00000000,5.911769846e+04,2,32564.772
106,1.910714286e-01,0.38214286,0.06827489,1.00000000,6.023805433e+04,2,31642.527
107,1.928571429e-01,0.38571429,0.06887890,1.00000000,6.136887054e+04,2,31352.325
108,1.946428571e-01,0.38928571,0.06948223,1.00000000,6.251014676e+04,2,31357.838
109,1.964285714e-01,0.39285714,0.07008485,1.00000000,6.366188224e+04,2,31065.446
110,1.982142857e-01,0.39642857,0.07068677,1.00000000,6.482407552e+04,2,30832.860
111,2.000000000e-01,0.40000000,0.07128796,1.00000000,6.599672688e+04,2,30657.018
112,2.017857143e-01,0.40357143,0.07188840,1.00000000,6.717983417e+04,2,30438.231
113,2.035714286e-01,0.40714286,0.07248810,1.00000000,6.837339694e+04,2,30642.013
114,2.053571429e-01,0.41071429,0.07308703,1.00000000,6.957741447e+04,2,29945.818
115,2.071428571e-01,0.41428571,0.07368519,1.00000000,7.079188561e+04,2,29059.280
116,2.089285714e-01,0.41785714,0.07428256,1.00000000,7.201680881e+04,2,28833.821
117,2.107142857e-01,0.42142857,0.07487912,1.00000000,7.325218340e+04,2,28520.169
118,2.125000000e-01,0.42500000,0.07547487,1.00000000,7.449800864e+04,2,27819.580
119,2.142857143e-01,0.42857143,0.07606980,1.00000000,7.575428239e+04,2,25546.359
120,2.160714286e-01,0.43214286,0.07666389,1.00000000,7.702100545e+04,2,28085.342
121,2.178571429e-01,0.43571429,0.07725713,1.00000000,7.829817457e+04,2,28685.085
122,2.196428571e-01,0.43928571,0.07784952,1.00000000,7.958578973e+04,2,28922.652
123,2.214285714e-01,0.44285714,0.07844103,1.00000000,8.088384965e+04,2,28945.725
124,2.232142857e-01,0.44642857,0.07903167,1.00000000,8.219235354e+04,2,28844.422
125,2.250000000e-01,0.45000000,0.07962141,1.00000000,8.351129895e+04,2,28927.463
126,2.267857143e-01,0.45357143,0.08021025,1.00000000,8.484068522e+04,2,28947.876
127,2.285714286e-01,0.45714286,0.08079817,1.00000000,8.618051158e+04,2,28641.491
128,2.303571429e-01,0.46071429,0.08138517,1.00000000,8.753077591e+04,2,28394.484
129,2.321428571e-01,0.46428571,0.08197123,1.00000000,8.889147615e+04,2,28867.795
130,2.339285714e-01,0.46785714,0.08255635,1.00000000,9.026261154e+04,2,29074.471
131,2.357142857e-01,0.47142857,0.08314051,1.00000000,9.164418096e+04,2,29200.737
132,2.375000000e-01,0.47500000,0.08372370,1.00000000,9.303618236e+04,2,29378.755
133,2.392857143e-01,0.47857143,0.08430591,1.00000000,9.443861383e+04,2,29259.661
134,2.410714286e-01,0.48214286,0.08488715,1.00000000,9.585153362e+04,2,28598.247
135,2.428571429e-01,0.48571429,0.08546738,1.00000000,9.727482398e+04,2,28228.014
136,2.446428571e-01,0.48928571,0.08604660,1.00000000,9.870853899e+04,2,27799.515
137,2.464285714e-01,0.49285714,0.08662480,1.00000000,1.001526786e+05,2,28475.899
138,2.482142857e-01,0.49642857,0.08720198,1.00000000,1.016072406e+05,2,28202.763
139,2.500000000e-01,0.50000000,0.08777811,1.00000000,1.030722240e+05,2,28067.069
140,2.625000000e-01,0.52500000,0.09177559,1.00000000,1.136338304e+05,4,60872.770
141,2.750000000e-01,0.55000000,0.09572262,1.00000000,1.246935167e+05,4,62206.630
142,2.875000000e-01,0.57500000,0.09961111,1.00000000,1.362626424e+05,4,60886.815
143,3.000000000e-01,0.60000000,0.10343748,1.00000000,1.483405619e+05,4,60844.308
144,3.125000000e-01,0.62500000,0.10719436,1.00000000,1.609264831e+05,5,75279.858
145,3.250000000e-01,0.65000000,0.11088327,1.00000000,1.740193625e+05,5,75361.010
146,3.375000000e-01,0.67500000,0.11449914,1.00000000,1.876190222e+05,5,81194.124
147,3.500000000e-01,0.70000000,0.11803282,1.00000000,2.017232292e+05,6,97106.995
148,3.625000000e-01,0.72500000,0.12148531,1.00000000,2.163309971e+05,6,92963.297
149,3.750000000e-01,0.75000000,0.12484391,1.00000000,2.314412650e+05,7,109057.128
150,3.875000000e-01,0.77500000,0.12810331,1.00000000,2.470519025e+05,8,125255.101
151,4.000000000e-01,0.80000000,0.13124664,1.00000000,2.631609536e+05,10,156313.220
152,4.125000000e-01,0.82500000,0.13423348,1.00000000,2.797649535e+05,15,234113.788
153,4.250000000e-01,0.85000000,0.08867187,1.00000000,2.968564768e+05,50,743804.825
154,4.375000000e-01,0.87500000,0.02561897,1.00000000,3.057910509e+05,50,805453.080
155,4.500000000e-01,0.90000000,0.02211200,1.00000000,3.063048197e+05,50,805020.245
156,4.625000000e-01,0.92500000,0.02168702,1.00000000,3.208201571e+05,50,707444.598
157,4.750000000e-01,0.95000000,0.02095769,1.00000000,3.377820413e+05,45,700530.554
158,4.875000000e-01,0.97500000,0.02086107,1.00000000,3.548480876e+05,42,595213.834
159,5.000000000e-01,1.00000000,0.02033766,1.00000000,3.728227027e+05,50,769485.488
160,5.125000000e-01,1.02500000,0.02032305,1.00000000,3.908031708e+05,26,388227.502
161,5.250000000e-01,1.05000000,0.02015433,1.00000000,4.096109252e+05,47,665774.106
162,5.375000000e-01,1.07500000,0.01984534,1.00000000,4.287735806e+05,47,697394.624
163,5.500000000e-01,1.10000000,0.01992406,1.00000000,4.480710331e+05,23,340958.707
164,5.625000000e-01,1.12500000,0.01996116,1.00000000,4.682154366e+05,35,488427.925
165,5.750000000e-01,1.15000000,0.01979210,1.00000000,4.888102593e+05,47,670155.950
166,5.875000000e-01,1.17500000,0.01972670,1.00000000,5.095382127e+05,31,466124.744
167,6.000000000e-01,1.20000000,0.01988550,1.00000000,5.306923008e+05,20,294258.258
168,6.125000000e-01,1.22500000,0.02001551,1.00000000,5.526380590e+05,28,399614.145
169,6.250000000e-01,1.25000000,0.01996822,1.00000000,5.750306743e+05,40,587325.097
170,6.375000000e-01,1.27500000,0.01990269,1.00000000,5.975878592e+05,39,587482.720
171,6.500000000e-01,1.30000000,0.02005577,1.00000000,6.203501052e+05,20,297629.666
172,6.625000000e-01,1.32500000,0.02026821,1.00000000,6.439428867e+05,16,240250.097
173,6.750000000e-01,1.35000000,0.02047077,1.00000000,6.681182146e+05,20,290424.732
174,6.875000000e-01,1.37500000,0.02054478,1.00000000,6.927519667e+05,37,535067.282
175,7.000000000e-01,1.40000000,0.02056612,1.00000000,7.176106116e+05,40,616234.048
176,7.125000000e-01,1.42500000,0.02065318,1.00000000,7.426342556e+05,28,441607.580
177,7.250000000e-01,1.45000000,0.02085979,1.00000000,7.681243341e+05,17,265417.373
178,7.375000000e-01,1.47500000,0.02110018,1.00000000,7.943771369e+05,14,219680.663
179,7.500000000e-01,1.50000000,0.02135221,1.00000000,8.211766056e+05,13,200535.055
180,7.625000000e-01,1.52500000,0.02159805,1.00000000,8.484659123e+05,15,226613.746
181,7.750000000e-01,1.55000000,0.02179051,1.00000000,8.762048642e+05,26,381723.638
182,7.875000000e-01,1.57500000,0.02187707,1.00000000,9.042794539e+05,37,573556.520
183,8.000000000e-01,1.60000000,0.02195362,1.00000000,9.324299975e+05,36,576500.585
184,8.125000000e-01,1.62500000,0.02215471,1.00000000,9.607477611e+05,19,306294.990
185,8.250000000e-01,1.65000000,0.02240146,1.00000000,9.899186943e+05,14,222882.040
186,8.375000000e-01,1.67500000,0.02266335,1.00000000,1.019715663e+06,12,191344.946
187,8.500000000e-01,1.70000000,0.02293178,1.00000000,1.050016338e+06,11,175142.918
188,8.625000000e-01,1.72500000,0.02320236,1.00000000,1.080783621e+06,11,178429.431
189,8.750000000e-01,1.75000000,0.02347206,1.00000000,1.111993649e+06,12,195513.964
190,8.875000000e-01,1.77500000,0.02373205,1.00000000,1.143618506e+06,15,242962.726
191,9.000000000e-01,1.80000000,0.02394597,1.00000000,1.175583244e+06,26,419725.458
192,9.125000000e-01,1.82500000,0.02411940,1.00000000,1.207596485e+06,28,421259.329
193,9.250000000e-01,1.85000000,0.02434610,1.00000000,1.239726869e+06,18,263140.134
194,9.375000000e-01,1.87500000,0.02459179,1.00000000,1.272724406e+06,16,233108.912
195,9.500000000e-01,1.90000000,0.02483246,1.00000000,1.306340199e+06,18,260224.409
196,9.625000000e-01,1.92500000,0.02506464,1.00000000,1.340394257e+06,20,290561.555
197,9.750000000e-01,1.95000000,0.02531045,1.00000000,1.374835759e+06,17,247822.634
198,9.875000000e-01,1.97500000,0.02556470,1.00000000,1.409769662e+06,15,220187.481
199,1.000000000e+00,2.00000000,0.02581858,1.00000000,1.445155045e+06,16,234716.046
