step,time,newton_iters,pcg_iters_mech,pcg_iters_pf,residual,dt
0,1.785714286e-03,3,1350,4,4.175682169e-07,1.000000000e-02
1,3.571428571e-03,3,1400,4,1.021517183e-06,1.000000000e-02
2,5.357142857e-03,3,1450,4,1.955456533e-06,1.000000000e-02
3,7.142857143e-03,3,1500,4,4.800646112e-06,1.000000000e-02
4,8.928571429e-03,3,1700,5,1.136445068e-05,1.000000000e-02
5,1.071428571e-02,3,1850,6,2.117690238e-05,1.000000000e-02
6,1.250000000e-02,3,1850,6,3.418810404e-05,1.000000000e-02
7,1.428571429e-02,3,1850,6,5.172585711e-05,1.000000000e-02
8,1.607142857e-02,3,1900,6,7.448262498e-05,1.000000000e-02
9,1.785714286e-02,4,1900,4,2.701428945e-06,1.000000000e-02
10,1.964285714e-02,4,2000,4,4.473237934e-06,1.000000000e-02
11,2.142857143e-02,4,2000,5,8.078058637e-06,1.000000000e-02
12,2.321428571e-02,4,2050,5,1.260611989e-05,1.000000000e-02
13,2.500000000e-02,4,2050,6,1.939404051e-05,1.000000000e-02
14,2.678571429e-02,4,1900,6,2.785777958e-05,1.000000000e-02
15,2.857142857e-02,4,1900,6,3.911694097e-05,1.000000000e-02
16,3.035714286e-02,4,2050,6,5.384922365e-05,1.000000000e-02
17,3.214285714e-02,4,2100,6,7.298273381e-05,1.000000000e-02
18,3.392857143e-02,4,2100,6,9.748976051e-05,1.000000000e-02
19,3.571428571e-02,5,2150,6,1.803531823e-05,1.000000000e-02
20,3.750000000e-02,5,2250,6,2.622066800e-05,1.000000000e-02
21,3.928571429e-02,5,2250,6,3.752798052e-05,1.000000000e-02
22,4.107142857e-02,5,2250,6,5.300399687e-05,1.000000000e-02
23,4.285714286e-02,5,2300,6,7.400387644e-05,1.000000000e-02
24,4.464285714e-02,6,2300,6,2.358549057e-05,1.000000000e-02
25,4.642857143e-02,6,2300,6,3.539973049e-05,1.000000000e-02
26,4.821428571e-02,6,2300,6,5.258352433e-05,1.000000000e-02
27,5.000000000e-02,6,2300,6,7.738707142e-05,1.000000000e-02
28,5.178571429e-02,7,2350,6,3.696912053e-05,1.000000000e-02
29,5.357142857e-02,7,2400,6,5.827396594e-05,1.000000000e-02
30,5.535714286e-02,7,2400,6,9.124472217e-05,1.000000000e-02
31,5.714285714e-02,8,2400,6,5.949538139e-05,1.000000000e-02
32,5.892857143e-02,8,2400,6,9.991048911e-05,1.000000000e-02
33,6.071428571e-02,9,2400,6,8.233089588e-05,1.000000000e-02
34,6.250000000e-02,10,2400,6,7.952893312e-05,1.000000000e-02
35,6.428571429e-02,11,2450,6,9.038013778e-05,1.000000000e-02
36,6.607142857e-02,13,2450,6,7.631598853e-05,1.000000000e-02
37,6.785714286e-02,15,2550,6,9.056483531e-05,1.000000000e-02
38,6.964285714e-02,19,2550,6,8.590240604e-05,1.000000000e-02
39,7.142857143e-02,26,2550,6,9.636264576e-05,1.000000000e-02
40,7.321428571e-02,50,2550,7,1.207522019e-04,1.000000000e-02
41,7.500000000e-02,50,2400,9,3.049353685e-03,1.000000000e-02
42,7.678571429e-02,50,2700,9,6.062456294e-03,1.000000000e-02
43,7.857142857e-02,50,4900,9,1.793666408e-02,1.000000000e-02
44,8.035714286e-02,50,5000,9,1.879653438e-02,1.000000000e-02
45,8.214285714e-02,50,5000,8,1.043835841e-02,1.000000000e-02
46,8.392857143e-02,50,5000,7,5.980066737e-03,1.000000000e-02
47,8.571428571e-02,50,5000,7,3.885178302e-03,1.000000000e-02
48,8.750000000e-02,50,5000,6,2.225519969e-03,1.000000000e-02
49,8.928571429e-02,50,5000,6,9.353255765e-04,1.000000000e-02
50,9.107142857e-02,50,5000,6,1.334607277e-03,1.000000000e-02
51,9.285714286e-02,50,5000,5,6.340984559e-04,1.000000000e-02
52,9.464285714e-02,50,5000,5,5.639451779e-04,1.000000000e-02
53,9.642857143e-02,50,5000,7,3.589908185e-03,1.000000000e-02
54,9.821428571e-02,50,5000,6,3.307556112e-03,1.000000000e-02
55,1.000000000e-01,50,5000,7,5.148447293e-03,1.000000000e-02
56,1.017857143e-01,27,5000,5,5.665544068e-05,1.000000000e-02
57,1.035714286e-01,3,4900,5,8.738796275e-06,1.000000000e-02
58,1.053571429e-01,3,4900,5,8.963066195e-06,1.000000000e-02
59,1.071428571e-01,3,4950,5,9.094332591e-06,1.000000000e-02
60,1.089285714e-01,3,5000,5,9.196801871e-06,1.000000000e-02
61,1.107142857e-01,3,5000,5,9.279869766e-06,1.000000000e-02
62,1.125000000e-01,3,5000,5,9.346905372e-06,1.000000000e-02
63,1.142857143e-01,2,5000,5,9.651585377e-05,1.000000000e-02
64,1.160714286e-01,2,5000,5,8.948376324e-05,1.000000000e-02
65,1.178571429e-01,2,5000,5,8.384535696e-05,1.000000000e-02
66,1.196428571e-01,2,5000,5,7.658349487e-05,1.000000000e-02
67,1.214285714e-01,2,5000,5,7.219835122e-05,1.000000000e-02
68,1.232142857e-01,2,5000,5,6.688962122e-05,1.000000000e-02
69,1.250000000e-01,2,5000,5,6.227689125e-05,1.000000000e-02
70,1.267857143e-01,2,5000,5,5.804907260e-05,1.000000000e-02
71,1.285714286e-01,2,5000,5,5.412432634e-05,1.000000000e-02
72,1.303571429e-01,2,5000,5,5.054375324e-05,1.000000000e-02
73,1.321428571e-01,2,5000,5,4.724940931e-05,1.000000000e-02
74,1.339285714e-01,2,5000,5,4.422151995e-05,1.000000000e-02
75,1.357142857e-01,2,5000,4,4.147734743e-05,1.000000000e-02
76,1.375000000e-01,2,4900,4,3.846554936e-05,1.000000000e-02
77,1.392857143e-01,2,4700,4,3.617364240e-05,1.000000000e-02
78,1.410714286e-01,2,4450,4,3.411510702e-05,1.000000000e-02
79,1.428571429e-01,2,4300,4,5.016035576e-05,1.000000000e-02
80,1.446428571e-01,2,4300,4,3.052111720e-05,1.000000000e-02
81,1.464285714e-01,2,4250,4,5.005133528e-05,1.000000000e-02
82,1.482142857e-01,2,4050,4,5.032434631e-05,1.000000000e-02
83,1.500000000e-01,2,4200,4,5.032883775e-05,1.000000000e-02
84,1.517857143e-01,2,4000,4,5.033035033e-05,1.000000000e-02
85,1.535714286e-01,2,3950,4,5.037240551e-05,1.000000000e-02
86,1.553571429e-01,2,3600,4,5.042880696e-05,1.000000000e-02
87,1.571428571e-01,2,3950,4,5.051740822e-05,1.000000000e-02
88,1.589285714e-01,2,4000,4,5.061806740e-05,1.000000000e-02
89,1.607142857e-01,2,4000,4,5.076737550e-05,1.000000000e-02
90,1.625000000e-01,2,3650,4,5.091860136e-05,1.000000000e-02
91,1.642857143e-01,2,3700,4,5.113170489e-05,1.000000000e-02
92,1.660714286e-01,2,4250,4,5.134771678e-05,1.000000000e-02
93,1.678571429e-01,2,4400,4,5.162010014e-05,1.000000000e-02
94,1.696428571e-01,2,4600,4,5.189940852e-05,1.000000000e-02
95,1.714285714e-01,2,4650,4,5.223145216e-05,1.000000000e-02
96,1.732142857e-01,2,4900,4,5.257607735e-05,1.000000000e-02
97,1.750000000e-01,2,4900,4,5.296997818e-05,1.000000000e-02
98,1.767857143e-01,2,4400,4,5.337746613e-05,1.000000000e-02
99,1.785714286e-01,2,3300,4,5.383336005e-05,1.000000000e-02
100,1.803571429e-01,2,3850,4,5.431247397e-05,1.000000000e-02
101,1.821428571e-01,2,4650,4,5.482774289e-05,1.000000000e-02
102,1.839285714e-01,2,4950,4,5.537276878e-05,1.000000000e-02
103,1.857142857e-01,2,5000,4,5.595561800e-05,1.000000000e-02
104,1.875000000e-01,2,5000,4,5.656372301e-05,1.000000000e-02
105,1.892857143e-01,2,5000,4,5.720994555e-05,1.000000000e-02
106,1.910714286e-01,2,4700,4,5.788535203e-05,1.000000000e-02
107,1.928571429e-01,2,4700,4,5.859622357e-05,1.000000000e-02
108,1.946428571e-01,2,4650,4,5.933837922e-05,1.000000000e-02
109,1.964285714e-01,2,4600,4,6.011003495e-05,1.000000000e-02
110,1.982142857e-01,2,4600,4,6.092021064e-05,1.000000000e-02
111,2.000000000e-01,2,4550,4,6.175491141e-05,1.000000000e-02
112,2.017857143e-01,2,4450,4,6.262597308e-05,1.000000000e-02
113,2.035714286e-01,2,4400,4,6.353099320e-05,1.000000000e-02
114,2.053571429e-01,2,4300,4,6.446526417e-05,1.000000000e-02
115,2.071428571e-01,2,4000,4,6.543342776e-05,1.000000000e-02
116,2.089285714e-01,2,3900,4,6.643676240e-05,1.000000000e-02
117,2.107142857e-01,2,3800,4,6.746965455e-05,1.000000000e-02
118,2.125000000e-01,2,3600,4,6.853711037e-05,1.000000000e-02
119,2.142857143e-01,2,2850,4,6.964035174e-05,1.000000000e-02
120,2.160714286e-01,2,3650,4,7.077407348e-05,1.000000000e-02
121,2.178571429e-01,2,3800,4,7.194282860e-05,1.000000000e-02
122,2.196428571e-01,2,3900,4,7.314615307e-05,1.000000000e-02
123,2.214285714e-01,2,3950,4,7.438483914e-05,1.000000000e-02
124,2.232142857e-01,2,3850,4,7.565110306e-05,1.000000000e-02
125,2.250000000e-01,2,3950,4,7.695484619e-05,1.000000000e-02
126,2.267857143e-01,2,3950,4,7.829360545e-05,1.000000000e-02
127,2.285714286e-01,2,3850,4,7.966542998e-05,1.000000000e-02
128,2.303571429e-01,2,3800,4,8.106943767e-05,1.000000000e-02
129,2.321428571e-01,2,3900,4,8.251014866e-05,1.000000000e-02
130,2.339285714e-01,2,3950,4,8.398829486e-05,1.000000000e-02
131,2.357142857e-01,2,3950,4,8.549948527e-05,1.000000000e-02
132,2.375000000e-01,2,4000,4,8.704382870e-05,1.000000000e-02
133,2.392857143e-01,2,3950,3,7.901503769e-05,1.000000000e-02
134,2.410714286e-01,2,3800,3,8.106068292e-05,1.000000000e-02
135,2.428571429e-01,2,3800,3,8.261024108e-05,1.000000000e-02
136,2.446428571e-01,2,3650,3,8.415160963e-05,1.000000000e-02
137,2.464285714e-01,2,3750,3,8.572252582e-05,1.000000000e-02
138,2.482142857e-01,2,3750,3,8.733016419e-05,1.000000000e-02
139,2.500000000e-01,2,3750,3,8.897021528e-05,1.000000000e-02
140,2.625000000e-01,4,5000,3,5.836934930e-05,1.000000000e-02
141,2.750000000e-01,4,5000,3,6.900090126e-05,1.000000000e-02
142,2.875000000e-01,4,4950,3,8.217262687e-05,1.000000000e-02
143,3.000000000e-01,4,4650,3,9.884813021e-05,1.000000000e-02
144,3.125000000e-01,5,5000,3,5.744078253e-05,1.000000000e-02
145,3.250000000e-01,5,5000,3,7.113207157e-05,1.000000000e-02
146,3.375000000e-01,5,5000,3,9.069480630e-05,1.000000000e-02
147,3.500000000e-01,6,5000,3,6.607282044e-05,1.000000000e-02
148,3.625000000e-01,6,5000,3,8.922074728e-05,1.000000000e-02
149,3.750000000e-01,7,5000,3,8.104613698e-05,1.000000000e-02
150,3.875000000e-01,8,5000,3,8.731697869e-05,1.000000000e-02
151,4.000000000e-01,10,5000,3,9.061776978e-05,1.000000000e-02
152,4.125000000e-01,15,5000,3,9.348926740e-05,1.000000000e-02
153,4.250000000e-01,50,5000,6,3.731543312e-02,1.000000000e-02
154,4.375000000e-01,50,5000,4,3.787542998e-03,1.000000000e-02
155,4.500000000e-01,50,5000,4,6.582959775e-04,1.000000000e-02
156,4.625000000e-01,50,4700,4,1.204605563e-04,1.000000000e-02
157,4.750000000e-01,45,4550,3,9.906654300e-05,1.000000000e-02
158,4.875000000e-01,42,2800,3,9.853670217e-05,1.000000000e-02
159,5.000000000e-01,50,4700,3,1.473073935e-04,1.000000000e-02
160,5.125000000e-01,26,4000,3,9.823641690e-05,1.000000000e-02
161,5.250000000e-01,47,5000,3,9.495453157e-05,1.000000000e-02
162,5.375000000e-01,47,3650,3,9.323602828e-05,1.000000000e-02
163,5.500000000e-01,23,5000,3,9.147211152e-05,1.000000000e-02
164,5.625000000e-01,35,4000,3,9.551341696e-05,1.000000000e-02
165,5.750000000e-01,47,4000,3,9.567395142e-05,1.000000000e-02
166,5.875000000e-01,31,3800,2,9.998165143e-05,1.000000000e-02
167,6.000000000e-01,20,3350,2,9.007755666e-05,1.000000000e-02
168,6.125000000e-01,28,5000,2,9.646492160e-05,1.000000000e-02
169,6.250000000e-01,40,4700,2,9.552712677e-05,1.000000000e-02
170,6.375000000e-01,39,3800,2,9.357056786e-05,1.000000000e-02
171,6.500000000e-01,20,3050,2,9.746953565e-05,1.000000000e-02
172,6.625000000e-01,16,5000,2,9.820350298e-05,1.000000000e-02
173,6.750000000e-01,20,5000,2,9.995482604e-05,1.000000000e-02
174,6.875000000e-01,37,3800,2,9.520283269e-05,1.000000000e-02
175,7.000000000e-01,40,3500,2,9.982456509e-05,1.000000000e-02
176,7.125000000e-01,28,4450,2,9.578257426e-05,1.000000000e-02
177,7.250000000e-01,17,3600,2,9.130341465e-05,1.000000000e-02
178,7.375000000e-01,14,5000,2,8.721718234e-05,1.000000000e-02
179,7.500000000e-01,13,4550,2,9.087609804e-05,1.000000000e-02
180,7.625000000e-01,15,5000,2,9.972051065e-05,1.000000000e-02
181,7.750000000e-01,26,5000,2,9.682049904e-05,1.000000000e-02
182,7.875000000e-01,37,5000,2,9.981731479e-05,1.000000000e-02
183,8.000000000e-01,36,3600,2,9.328540629e-05,1.000000000e-02
184,8.125000000e-01,19,4600,2,9.705724260e-05,1.000000000e-02
185,8.250000000e-01,14,3700,2,8.659527572e-05,1.000000000e-02
186,8.375000000e-01,12,3650,2,8.736962053e-05,1.000000000e-02
187,8.500000000e-01,11,3900,2,8.969083147e-05,1.000000000e-02
188,8.625000000e-01,11,5000,2,8.651723611e-05,1.000000000e-02
189,8.750000000e-01,12,5000,2,8.791180511e-05,1.000000000e-02
190,8.875000000e-01,15,5000,2,9.557376653e-05,1.000000000e-02
191,9.000000000e-01,26,5000,2,9.594533450e-05,1.000000000e-02
192,9.125000000e-01,28,4450,2,9.600368506e-05,1.000000000e-02
193,9.250000000e-01,18,3700,2,9.442701807e-05,1.000000000e-02
194,9.375000000e-01,16,5000,2,9.486390363e-05,1.000000000e-02
195,9.500000000e-01,18,5000,2,9.824088981e-05,1.000000000e-02
196,9.625000000e-01,20,5000,2,9.081400268e-05,1.000000000e-02
197,9.750000000e-01,17,5000,2,9.157486576e-05,1.000000000e-02
198,9.875000000e-01,15,4550,2,9.659247477e-05,1.000000000e-02
199,1.000000000e+00,16,4450,2,9.411718711e-05,1.000000000e-02
