step,t_s,elastic,kinetic,fracture,total
0,0.0,28.5034325912183,1.1825455824669117e-14,0.011599181345318458,28.515031772563628
20,7.894577839275823e-08,28.48116647896954,0.007226868086260702,0.025020291677713392,28.513413638733514
40,1.5789155678551646e-07,28.445315179216717,0.019752222709066895,0.04850270384863582,28.51357010577442
60,2.3683733517827467e-07,28.40746113088545,0.03515063523563667,0.07263420487410913,28.5152459709952
80,3.1578311357103293e-07,28.374678148953898,0.049760925700721936,0.09222412041449955,28.516663195069118
100,3.9472889196379113e-07,28.347070059765976,0.06255519083175977,0.10774549306345402,28.51737074366119
120,4.7367467035654934e-07,28.317644963813997,0.07497260206962111,0.12524865078423902,28.51786621666786
140,5.526204487493075e-07,28.28778742452627,0.08758043650220335,0.142984215174063,28.51835207620254
160,6.315662271420659e-07,28.259754178609068,0.10057081328544493,0.15835494406282857,28.51867993595734
180,7.105120055348241e-07,28.229039167961922,0.11374958763048097,0.17639841349367646,28.519187169086077
200,7.894577839275823e-07,28.197592286360134,0.1271794448658048,0.19487348810427083,28.51964521933021
220,8.684035623203405e-07,28.16835127183701,0.14071125553417155,0.21115270297043987,28.520215230341623
240,9.473493407130987e-07,28.13582953596297,0.1545173841984785,0.23052675557789326,28.52087367573934
260,1.0262951191058569e-06,28.103223493274186,0.16836669041447122,0.25009800063699833,28.521688184325658
280,1.105240897498615e-06,28.072746349367677,0.18244677312307095,0.2670585361430822,28.52225165863383
300,1.1841866758913733e-06,28.039208878210264,0.1968084338314518,0.2873453830531923,28.52336269509491
320,1.2631324542841317e-06,28.004827199824074,0.21171968426101737,0.30777156273955353,28.524318446824644
340,1.34207823267689e-06,27.97312716297519,0.22576489855107937,0.3258914335820745,28.524783495108345
360,1.4210240110696481e-06,27.938045756544536,0.2412309834076631,0.3468626282406556,28.526139368192855
380,1.4999697894624063e-06,27.902822008675734,0.2563203071589378,0.36805847678283743,28.52720079261751
400,1.5789155678551645e-06,27.869801849695683,0.27166065337273,0.38666442263193185,28.528126925700345
420,1.6578613462479227e-06,27.83313839438435,0.2873492194543607,0.4088448531376973,28.529332466976406
440,1.736807124640681e-06,27.79659401524041,0.3027029016682507,0.43135436321900583,28.530651280127667
460,1.8157529030334392e-06,27.762510321064646,0.31869263358831695,0.45068195210413775,28.5318849067571
480,1.8946986814261974e-06,27.72418728232561,0.33544563809866407,0.47333667691667985,28.532969597340955
500,1.9736444598189556e-06,27.685919138973706,0.35219231068974455,0.4958612048015215,28.53397265446497
520,2.0525902382117138e-06,27.650380028821004,0.3690740612926458,0.5155141623938299,28.534968252507483
540,2.131536016604472e-06,27.611302842751076,0.38688268233884054,0.5381899531309764,28.536375478220894
560,2.21048179499723e-06,27.572405730373383,0.4035945775557885,0.5615174298501217,28.537517737779293
580,2.2894275733899884e-06,27.5359305354676,0.4207093864925542,0.5819402950760673,28.53858021703622
600,2.3683733517827466e-06,27.49619811624202,0.438423542884596,0.6055292162007049,28.54015087532732
620,2.447319130175505e-06,27.455682801092692,0.45648317881405565,0.6293324323935657,28.541498412300314
640,2.5262649085682634e-06,27.4183931500748,0.47455938275010473,0.6494973252814591,28.542449858106362
660,2.6052106869610216e-06,27.378060162905207,0.4924485810626069,0.673331498430553,28.543840242398367
680,2.68415646535378e-06,27.336982097050836,0.5110879119345175,0.6973569414008045,28.545426950386158
700,2.763102243746538e-06,27.298808182420817,0.5296842735794519,0.7179658830211408,28.54645833902141
720,2.8420480221392962e-06,27.256537845017455,0.5485435049005971,0.7428051755324332,28.547886525450483
740,2.9209938005320545e-06,27.213179515125887,0.5679748152337581,0.7685575780550835,28.54971190841473
760,2.9999395789248127e-06,27.17415960745001,0.5873271013128823,0.7898975284451065,28.551384237208
780,3.078885357317571e-06,27.130697226568692,0.606904801901222,0.8154686089382968,28.55307063740821
800,3.157831135710329e-06,27.086911041020116,0.626531553119347,0.8410781212390539,28.554520715378516
820,3.2367769141030873e-06,27.04563686019295,0.6466525452016414,0.8634456569411587,28.55573506233575
840,3.3157226924958455e-06,27.00141395542311,0.6675051774839134,0.8886549353284373,28.55757406823546
860,3.3946684708886037e-06,26.95650684388471,0.6872466270563435,0.915552418335121,28.559305889276175
880,3.473614249281362e-06,26.914719719421555,0.7079487986298824,0.938166772499839,28.560835290551275
900,3.55256002767412e-06,26.868977880616804,0.7290878456729579,0.9649047904839873,28.56297051677375
920,3.6315058060668783e-06,26.82275771339223,0.749676943375822,0.9920844040751633,28.564519060843217
940,3.7104515844596365e-06,26.7798880102656,0.7709620183019446,1.015247648285433,28.566097676852976
960,3.7893973628523947e-06,26.733082264808672,0.792407001321564,1.0427674855845326,28.56825675171477
980,3.868343141245153e-06,26.686583596883725,0.81388011016539,1.069916299891649,28.570380006940763
1000,3.947288919637911e-06,26.64321541066347,0.8349831543691375,1.0939280375564373,28.572126602589044
1020,4.026234698030669e-06,26.594004084736646,0.8576379834690059,1.1227354945524086,28.57437756275806
1040,4.1051804764234275e-06,26.54680451815332,0.8792834659297107,1.1504881951311332,28.57657617921416
1060,4.184126254816186e-06,26.50295117918232,0.9003984497301332,1.1747187906161276,28.578068419528577
1080,4.263072033208944e-06,26.45558659656146,0.9214471538749232,1.2031032032905107,28.580136953726893
1100,4.342017811601702e-06,26.40804042096788,0.9426062771921131,1.2320008311827442,28.582647529342736
1120,4.42096358999446e-06,26.3660289211195,0.9607193354886219,1.2570164001686848,28.583764656776808
1140,4.4999093683872186e-06,26.319452411044892,0.9806563770254281,1.285593263300054,28.585702051370376
1160,4.578855146779977e-06,26.268999189336498,1.003690770042899,1.3156530527046622,28.588343012084056
1180,4.657800925172735e-06,26.221384429038462,1.0272795660825993,1.341310768439802,28.58997476356086
1200,4.736746703565493e-06,26.171213877780644,1.050627292623445,1.3701542720816122,28.591995442485704
1220,4.815692481958251e-06,26.12037049080054,1.073080816037447,1.4007389876861267,28.59419029452411
1240,4.89463826035101e-06,26.073904253589582,1.0964085608746694,1.4259888646254821,28.59630167908973
1260,4.973584038743768e-06,26.02247865894477,1.1183410155715503,1.4574987846304444,28.598318459146768
1280,5.052529817136527e-06,25.971332442256887,1.1415852620723774,1.4879452821161843,28.60086298644545
1300,5.131475595529285e-06,25.92302481218448,1.1651797012476715,1.5145986657417203,28.60280317917387
1320,5.210421373922043e-06,25.873260035086446,1.1874080321527154,1.5442417567508766,28.604909823990035
1340,5.2893671523148015e-06,25.822349009804583,1.2085005941282996,1.5759831534970212,28.606832757429903
1360,5.36831293070756e-06,25.77663558100952,1.2295830004285957,1.6027214061319282,28.60893998757004
1380,5.447258709100318e-06,25.726379832084376,1.2499083696244238,1.6345228067911028,28.610811008499905
1400,5.526204487493076e-06,25.677555319770967,1.2695775231570876,1.6656438224544476,28.612776665382505
1420,5.605150265885834e-06,25.631000620591408,1.290746680094917,1.693199816506883,28.614947117193207
1440,5.6840960442785925e-06,25.580548970855844,1.3110060560454913,1.7259332049366165,28.617488231837953
1460,5.763041822671351e-06,25.53140920663956,1.3290589078473525,1.7591487477000434,28.619616862186952
1480,5.841987601064109e-06,25.486442681068255,1.3478936657375522,1.7874236006245146,28.62175994743032
1500,5.920933379456867e-06,25.436074568498054,1.367011244059906,1.8211883188661457,28.624274131424105
1520,5.999879157849625e-06,25.385437358435816,1.3852222376667607,1.8564192936220434,28.62707888972462
1540,6.0788249362423835e-06,25.343593083501876,1.4019322179767812,1.8828939448585518,28.62841924633721
1560,6.157770714635142e-06,25.293909431547533,1.4192735009431547,1.9178998920685326,28.631082824559222
1580,6.2367164930279e-06,25.245314083779927,1.4370530454762054,1.951902770547002,28.634269899803133
1600,6.315662271420658e-06,25.19997851881211,1.4524846285812234,1.983377271273923,28.635840418667257
1620,6.394608049813416e-06,25.154344109514778,1.4687051666664839,2.0150131617316713,28.638062437912936
1640,6.4735538282061746e-06,25.105159440241223,1.4852759520490988,2.050541448584477,28.6409768408748
1660,6.552499606598933e-06,25.06092835221606,1.5005574514934144,2.081174022951971,28.642659826661443
1680,6.631445384991691e-06,25.01506741429914,1.5141103644034648,2.115898303011143,28.645076081713746
1700,6.710391163384449e-06,24.96541389675353,1.5291937412324097,2.1541182296306136,28.648725867616555
1720,6.789336941777207e-06,24.92381080970784,1.5427598111535166,2.1839611120932423,28.6505317329546
1740,6.868282720169966e-06,24.878596850275805,1.5546116431834844,2.2197766904846548,28.652985183943944
1760,6.947228498562724e-06,24.833054560813164,1.5662030356143397,2.2558287800963335,28.655086376523837
1780,7.026174276955482e-06,24.789827488616098,1.5792556487014884,2.2884762428833305,28.657559380200915
1800,7.10512005534824e-06,24.744624943829923,1.5907156011512018,2.3251084917693357,28.66044903675046
1820,7.184065833740998e-06,24.69971462626974,1.600622523111358,2.362968339331455,28.663305488712552
1840,7.263011612133757e-06,24.657759074117592,1.6108872149539633,2.3976677905302246,28.66631407960178
1860,7.341957390526515e-06,24.61126790930371,1.6204456722037952,2.437149567919639,28.668863149427146
1880,7.420903168919273e-06,24.57164724424733,1.6287853279968767,2.471235796379541,28.67166836862375
1900,7.499848947312031e-06,24.53217711872142,1.6370335868108534,2.505157959992418,28.674368665524693
1920,7.5787947257047894e-06,24.48963944115109,1.645351047720889,2.5431797931399394,28.67817028201192
1940,7.657740504097548e-06,24.445852954222524,1.6523402840334005,2.5823252325899393,28.68051847084586
1960,7.736686282490306e-06,24.409784008089936,1.6576782642940535,2.6158213278835403,28.68328360026753
1980,7.815632060883064e-06,24.36550410994392,1.6635256003217875,2.657229470963946,28.68625918122965
2000,7.894577839275822e-06,24.324628269210265,1.6700951327734435,2.6948575170914024,28.689580919075112
2020,7.97352361766858e-06,24.289401215052393,1.673504527714015,2.7287313902255135,28.69163713299192
2040,8.052469396061339e-06,24.24959566954777,1.6767444943334553,2.7684907262160534,28.69483089009728
2060,8.131415174454097e-06,24.208979757697406,1.679888183285847,2.808910305271808,28.697778246255062
2080,8.210360952846855e-06,24.17382407297775,1.682785587390584,2.8442847004924627,28.700894360860797
2100,8.289306731239613e-06,24.133037656242863,1.6830292173445716,2.887622610389841,28.703689483977275
2120,8.368252509632371e-06,24.096453709351813,1.6831692178221163,2.927488224860128,28.707111152034056
2140,8.44719828802513e-06,24.06324132055187,1.6835512240024315,2.9623188667663443,28.70911141132065
2160,8.526144066417888e-06,24.023936062948493,1.6821949870953938,3.0063546718059144,28.712485721849802
2180,8.605089844810646e-06,23.984796456938682,1.6809490237868348,3.0500200012384258,28.715765481963942
2200,8.684035623203404e-06,23.954727317835413,1.6794205681525418,3.084473372959688,28.718621258947643
2220,8.762981401596163e-06,23.916663718556453,1.6777146269210133,3.1283652814542657,28.72274362693173
2240,8.84192717998892e-06,23.876194267742985,1.6726653353394743,3.1773568101047975,28.726216413187256
2260,8.920872958381679e-06,23.84685659501135,1.668023301385519,3.213985404656511,28.728865301053382
2280,8.999818736774437e-06,23.815978235953793,1.6625759506904698,3.2531112309151893,28.73166541755945
2300,9.078764515167195e-06,23.781113077373817,1.6559839702980386,3.297209425183661,28.734306472855515
2320,9.157710293559954e-06,23.751387436066164,1.6475060121498784,3.337356650040829,28.73625009825687
2340,9.236656071952712e-06,23.719588356846995,1.6391759358133344,3.380155118381301,28.73891941104163
2360,9.31560185034547e-06,23.685837085542463,1.630300907470841,3.4257075682868177,28.74184556130012
2380,9.394547628738228e-06,23.6508854482573,1.6225478444012045,3.472050270175985,28.745483562834487
2400,9.473493407130986e-06,23.627580338330873,1.610760358527523,3.5086230941858014,28.746963791044195
2420,9.552439185523745e-06,23.593330212756605,1.601369981962836,3.5550478504492764,28.74974804516872
2440,9.631384963916503e-06,23.5618733848833,1.5907481034829214,3.599601098736063,28.752222587102285
2460,9.710330742309261e-06,23.53478504036485,1.5815153743364643,3.6393233538792065,28.75562376858052
2480,9.78927652070202e-06,23.501532887303032,1.5705318775998087,3.687044414701639,28.75910917960448
2500,9.868222299094777e-06,23.477929606713165,1.5604779791042347,3.7232360235811783,28.76164360939858
2520,9.947168077487536e-06,23.442243094610017,1.5515703574343906,3.771246003320442,28.76505945536485
2540,1.0026113855880294e-05,23.4158261315369,1.5420202054061778,3.8100004822108873,28.767846819153966
2560,1.0105059634273054e-05,23.391831903638852,1.5308358146101608,3.84666396037106,28.769331678620073
2580,1.0184005412665812e-05,23.353403133055913,1.5179312963884501,3.8993432209443313,28.770677650388695
2600,1.026295119105857e-05,23.32964108356584,1.5086052684169273,3.935081931717151,28.773328283699918
2620,1.0341896969451328e-05,23.291945051564866,1.5001274336913626,3.984348751484612,28.776421236740838
2640,1.0420842747844087e-05,23.263177869738904,1.4899150871545446,4.025141848096089,28.778234804989538
2660,1.0499788526236845e-05,23.238089688481317,1.4792942148891841,4.062847534553296,28.780231437923796
2680,1.0578734304629603e-05,23.20293746255394,1.4698470260921441,4.110442328876244,28.783226817522326
2700,1.0657680083022361e-05,23.176951838550224,1.4607366181379808,4.147049345463458,28.784737802151664
2720,1.073662586141512e-05,23.146083913788175,1.4511147966473146,4.1902392667988915,28.78743797723438
2740,1.0815571639807878e-05,23.119790617804405,1.4399801347532268,4.227979968265211,28.787750720822842
2760,1.0894517418200636e-05,23.08491130525546,1.4293264445000604,4.27440066721385,28.78863841696937
2780,1.0973463196593394e-05,23.054294943889374,1.4191057780228051,4.316489779743493,28.78989050165567
2800,1.1052408974986152e-05,23.028235474747056,1.4095431634125215,4.352946871853848,28.790725510013427
2820,1.113135475337891e-05,22.98710472061334,1.4000324696221145,4.404279245713408,28.79141643594886
2840,1.1210300531771669e-05,22.950254562735623,1.391321616913802,4.451912327459141,28.793488507108567
2860,1.1289246310164427e-05,22.933164410340435,1.3826582675191632,4.478887517869608,28.794710195729206
2880,1.1368192088557185e-05,22.898099651345955,1.3733301948747003,4.523335183616664,28.794765029837322
2900,1.1447137866949943e-05,22.86625038645506,1.3651725220161075,4.564182070289233,28.7956049787604
2920,1.1526083645342701e-05,22.832406918969475,1.3569943019607014,4.605932361828581,28.795333582758758
2940,1.160502942373546e-05,22.803222889806964,1.3491117809963313,4.643069479949737,28.795404150753033
2960,1.1683975202128218e-05,22.768318940095106,1.342412862143324,4.6846397139228,28.79537151616123
2980,1.1762920980520976e-05,22.73363616272008,1.3350260319099592,4.726454936895941,28.79511713152598
3000,1.1841866758913734e-05,22.70414102153098,1.3290103465828151,4.7618592832346405,28.795010651348434
3020,1.1920812537306492e-05,22.667811993816947,1.322122117639923,4.805269869446238,28.795203980903107
3040,1.199975831569925e-05,22.638032501748246,1.3174317889334197,4.839090560631568,28.794554851313233
3060,1.2078704094092009e-05,22.59953061665096,1.313558921462841,4.8810756800825725,28.794165218196376
3080,1.2157649872484767e-05,22.5625595504929,1.3095750882318293,4.921424716520329,28.79355935524506
3100,1.2236595650877525e-05,22.519082896026635,1.3069235693410093,4.9671786674030365,28.79318513277068
3120,1.2315541429270283e-05,22.48655195415849,1.3052334660323464,5.001608359776136,28.79339377996697
3140,1.2394487207663042e-05,22.447079225075306,1.3040332832351829,5.042745736957111,28.7938582452676
3160,1.24734329860558e-05,22.411831307408722,1.3036731805200135,5.078834300610659,28.794338788539395
3180,1.2552378764448558e-05,22.37043287670787,1.3043416664468364,5.12065991654152,28.795434459696224
3200,1.2631324542841316e-05,22.329759285776817,1.3058349713723303,5.161518921294135,28.797113178443283
3220,1.2710270321234074e-05,22.2932522381332,1.3093472881172152,5.1961360148086175,28.79873554105903
3240,1.2789216099626833e-05,22.248909940313595,1.3129221279233312,5.23738418092121,28.79921624915814
3260,1.2868161878019591e-05,22.20651887168163,1.3200499729789827,5.274562586388065,28.801131431048677
3280,1.2947107656412349e-05,22.16389490377111,1.328064862517494,5.310060276163174,28.802020042451776
3300,1.3026053434805107e-05,22.122583906272805,1.3375974039477583,5.342681657437051,28.802862967657614
3320,1.3104999213197866e-05,22.073828129413943,1.3491550317706467,5.37993754617223,28.80292070735682
3340,1.3183944991590624e-05,22.033310745198126,1.3637458939899063,5.4065998009436695,28.803656440131704
3360,1.3262890769983382e-05,21.984191269899675,1.3788535298826237,5.440880670257453,28.80392547003975
3380,1.334183654837614e-05,21.93037573534373,1.3956794574029348,5.477939196581694,28.80399438932836
3400,1.3420782326768898e-05,21.881472919532857,1.4126700892616866,5.509239991375227,28.803383000169774
3420,1.3499728105161657e-05,21.828498191028757,1.431813751327248,5.543327969779544,28.803639912135548
3440,1.3578673883554415e-05,21.773654460770626,1.4508020802999693,5.579317682529178,28.803774223599774
3460,1.3657619661947173e-05,21.72068945805299,1.470406279666845,5.6121941566122295,28.803289894332064
3480,1.3736565440339931e-05,21.664314656276908,1.4906349508917975,5.649178083216315,28.804127690385023
3500,1.381551121873269e-05,21.607984855236214,1.5081756946430196,5.687740930384226,28.80390148026346
3520,1.3894456997125448e-05,21.552961251687204,1.5294727967855262,5.722526753085539,28.80496080155827
3540,1.3973402775518206e-05,21.498300369835974,1.5483960474415994,5.758896811771757,28.80559322904933
3560,1.4052348553910964e-05,21.439803595224873,1.5670220299216455,5.7993199663818,28.80614559152832
3580,1.4131294332303722e-05,21.39148900690686,1.584182501137947,5.830740413328613,28.806411921373417
3600,1.421024011069648e-05,21.331821716143224,1.6012129788590377,5.874613848813762,28.807648543816025
3620,1.4289185889089239e-05,21.277191745965304,1.6163177084510159,5.914858357764918,28.80836781218124
3640,1.4368131667481997e-05,21.231859860689195,1.6345082689242016,5.943812423380795,28.81018055299419
3660,1.4447077445874755e-05,21.178000638004995,1.6494857256814617,5.984128334977864,28.81161469866432
3680,1.4526023224267513e-05,21.12261150905223,1.6656412382396826,6.025570981141499,28.813823728433412
3700,1.4604969002660271e-05,21.07288873884804,1.6796927278730427,6.063460314434124,28.816041781155207
3720,1.468391478105303e-05,21.0215217576738,1.6941064212532417,6.1018451431805865,28.817473322107627
3740,1.4762860559445788e-05,20.963728545137645,1.7086803179103267,6.147971096811162,28.82037995985913
3760,1.4841806337838546e-05,20.914585067631258,1.7223223249306103,6.184889630008822,28.82179702257069
3780,1.4920752116231304e-05,20.858183209428415,1.7343545504511477,6.23312490984531,28.82566266972487
3800,1.4999697894624062e-05,20.808424791766313,1.7473931564522482,6.27175202085153,28.82756996907009
3820,1.507864367301682e-05,20.767005053357543,1.761152650165092,6.300981918906812,28.829139622429445
3840,1.5157589451409579e-05,20.7145507128198,1.7719437985217963,6.343760872954862,28.830255384296457
3860,1.5236535229802337e-05,20.65793466120362,1.7823141052710008,6.391325856701705,28.831574623176326
3880,1.5315481008195095e-05,20.615577666895245,1.7934357189610186,6.424125671663918,28.83313905752018
3900,1.5394426786587853e-05,20.566904156849546,1.8024323057593428,6.465536526891638,28.834872989500525
3920,1.547337256498061e-05,20.512053254419953,1.8130851493235889,6.513293137514427,28.838431541257968
3940,1.555231834337337e-05,20.470028492085518,1.8238717537571265,6.547650721180889,28.841550967023533
3960,1.5631264121766128e-05,20.41435257015599,1.8339526364166907,6.5949182259570325,28.84322343252971
3980,1.5710209900158886e-05,20.364917440188698,1.8442798650279666,6.636040116521298,28.845237421737963
4000,1.5789155678551645e-05,20.318940629491102,1.855109842823608,6.672909261211581,28.84695973352629
4020,1.5868101456944403e-05,20.265867775529735,1.8662593438179496,6.716726842748769,28.848853962096456
4040,1.594704723533716e-05,20.213778472797422,1.8766839233661576,6.760188266151362,28.85065066231494
4060,1.602599301372992e-05,20.159816392593633,1.888496860709735,6.8049701228300465,28.853283376133415
4080,1.6104938792122677e-05,20.111495012001594,1.9011688543164718,6.842974166905319,28.855638033223382
4100,1.6183884570515436e-05,20.048803564525144,1.9136471848885843,6.895783680388151,28.858234429801882
4120,1.6262830348908194e-05,20.005604277470283,1.9281415533500825,6.9273739170866095,28.861119747906976
4140,1.6341776127300952e-05,19.952361568313606,1.940869845281545,6.970639442685668,28.86387085628082
4160,1.642072190569371e-05,19.89492667946726,1.9563109550219895,7.016961086438459,28.86819872092771
4180,1.649966768408647e-05,19.845554875640925,1.9701735261991198,7.054598237759379,28.870326639599423
4200,1.6578613462479227e-05,19.783852691500336,1.9834265001851363,7.107072778753688,28.874351970439157
4220,1.6657559240871985e-05,19.72932644403818,1.9975113236176045,7.148941570754065,28.87577933840985
4240,1.6736505019264743e-05,19.686148529481976,2.0113197597163333,7.1809746143361854,28.878442903534495
4260,1.68154507976575e-05,19.63056836980023,2.024292693750477,7.225255302301815,28.880116365852523
4280,1.689439657605026e-05,19.572930305818165,2.037089407090272,7.272892843407558,28.882912556315993
4300,1.6973342354443018e-05,19.525764271004547,2.050085093107003,7.310985831783538,28.886835195895088
4320,1.7052288132835776e-05,19.473256642646565,2.061663407984712,7.353927456451061,28.88884750708234
4340,1.7131233911228534e-05,19.419347738061784,2.0740303367881165,7.397862376876931,28.89124045172683
4360,1.7210179689621292e-05,19.368299772345743,2.0851134614534534,7.43994765934872,28.893360893147914
4380,1.728912546801405e-05,19.31924605197318,2.096919608029276,7.47936751887248,28.895533178874935
4400,1.736807124640681e-05,19.26793479000093,2.1069386131312173,7.522506024995842,28.897379428127987
4420,1.7447017024799567e-05,19.214644579412266,2.1179293720001775,7.5673936307574285,28.89996758216987
4440,1.7525962803192325e-05,19.170616461195515,2.1275095807106092,7.603741446467238,28.901867488373362
4460,1.7604908581585083e-05,19.114835522169237,2.13668076760026,7.652774829115498,28.904291118884995
4480,1.768385435997784e-05,19.072480614538087,2.145797285116359,7.68786611471088,28.906144014365324
4500,1.77628001383706e-05,19.014322209387487,2.153018160511569,7.741180843244791,28.908521213143846
4520,1.7841745916763358e-05,18.970918282844167,2.1601686668611824,7.779230726830224,28.910317676535573
4540,1.7920691695156116e-05,18.92696940543903,2.1669462737785614,7.817196888252125,28.911112567469715
4560,1.7999637473548874e-05,18.88234300751376,2.173925295421738,7.857531736215851,28.91380003915135
4580,1.8078583251941632e-05,18.83643870442052,2.177972334801171,7.900793997159747,28.915205036381437
4600,1.815752903033439e-05,18.795591812491885,2.1815265091771416,7.939093126325391,28.91621144799442
4620,1.823647480872715e-05,18.74669405952537,2.186339939084378,7.9868357009503015,28.91986969956005
4640,1.8315420587119907e-05,18.700386586418418,2.188585858626372,8.034273429154917,28.923245874199708
4660,1.8394366365512665e-05,18.66274449466495,2.1923654777212866,8.070570458314476,28.92568043070071
4680,1.8473312143905423e-05,18.62025841567271,2.1928314717029207,8.11381989004327,28.9269097774189
4700,1.8552257922298182e-05,18.57522596484078,2.19299476563125,8.159447925932653,28.927668656404684
4720,1.863120370069094e-05,18.536934136272542,2.193340240779219,8.19863326690501,28.92890764395677
4740,1.8710149479083698e-05,18.49372028639327,2.193781539103723,8.242267378916019,28.929769204413013
4760,1.8789095257476456e-05,18.452054495624388,2.1941992616945782,8.284558514074796,28.930812271393762
4780,1.8868041035869215e-05,18.414118041976714,2.1948395885643697,8.322986148247207,28.93194377878829
4800,1.8946986814261973e-05,18.370287535738147,2.195286536869117,8.36819450470173,28.933768577308992
4820,1.902593259265473e-05,18.32090583095885,2.197092726104665,8.417733906832407,28.93573246389592
4840,1.910487837104749e-05,18.276154144043097,2.198557112098812,8.463320945917149,28.938032202059055
4860,1.9183824149440247e-05,18.241706888656502,2.2007556647206723,8.498430245764812,28.940892799141988
4880,1.9262769927833006e-05,18.195818285013843,2.2005207940259814,8.544605658971271,28.940944738011094
4900,1.9341715706225764e-05,18.15534293351026,2.201169335660607,8.585595904091283,28.94210817326215
4920,1.9420661484618522e-05,18.115661815642085,2.200520010370961,8.626382605337497,28.942564431350544
4940,1.949960726301128e-05,18.060004726454647,2.200951356746357,8.682382020833943,28.943338104034943
4960,1.957855304140404e-05,18.030580670866534,2.201373680927316,8.71176600037413,28.94372035216798
4980,1.9657498819796797e-05,17.984792154882378,2.2032308070439233,8.758784856837325,28.946807818763624
5000,1.9736444598189555e-05,17.942369279654514,2.201447814177838,8.80147525324939,28.945292347081743
5020,1.9815390376582313e-05,17.904627609288646,2.2014733197583305,8.83935506202383,28.94545599107081
5040,1.989433615497507e-05,17.852708909986305,2.199722260803412,8.893770601410965,28.94620177220068
5060,1.997328193336783e-05,17.815123410822764,2.2004584237858,8.932149838433585,28.94773167304215
5080,2.0052227711760588e-05,17.775957199002107,2.200024038442474,8.97242232759497,28.948403565039552
5100,2.0131173490153346e-05,17.731185214330367,2.199354471744648,9.017836830716575,28.94837651679159
5120,2.0210119268546107e-05,17.684667211563678,2.2018370099236533,9.064120213746541,28.950624435233873
5140,2.0289065046938866e-05,17.64340740998868,2.201392958839986,9.106202771306426,28.951003140135093
5160,2.0368010825331624e-05,17.597881042415548,2.2014371783910986,9.1517492350464,28.95106745585305
5180,2.0446956603724382e-05,17.55585660928044,2.2019305877267947,9.194133369541074,28.95192056654831
5200,2.052590238211714e-05,17.514463853733172,2.199281819082898,9.23764233674681,28.95138800956288
5220,2.06048481605099e-05,17.468970913173173,2.1997937685933846,9.285190032577233,28.95395471434379
5240,2.0683793938902657e-05,17.426401938682694,2.1989106732063783,9.328606970239345,28.953919582128417
5260,2.0762739717295415e-05,17.38494974231589,2.198314913491243,9.370553576980992,28.953818232788123
5280,2.0841685495688173e-05,17.341984631260765,2.1956626639600487,9.415800315122997,28.95344761034381
5300,2.092063127408093e-05,17.29424276357846,2.1942467669543544,9.464398290733337,28.952887821266152
5320,2.099957705247369e-05,17.25640430782142,2.193496297928596,9.503115779427898,28.953016385177914
5340,2.1078522830866448e-05,17.203501280519568,2.1931691966734945,9.558243165871485,28.954913643064547
5360,2.1157468609259206e-05,17.16120720914412,2.1922788265193436,9.601761679355745,28.955247715019212
5380,2.1236414387651964e-05,17.124941809088785,2.19110301200215,9.639993024970288,28.95603784606122
5400,2.1315360166044722e-05,17.077699229574193,2.1892126142034845,9.688974118446911,28.95588596222459
5420,2.139430594443748e-05,17.032491536709568,2.187281093555527,9.737074048895547,28.95684667916064
5440,2.147325172283024e-05,16.996150522324616,2.18432320831197,9.776902499874307,28.957376230510892
5460,2.1552197501222997e-05,16.949712996693037,2.1834236599551726,9.824533330218571,28.957669986866783
5480,2.1631143279615755e-05,16.90254190843795,2.1828124568916984,9.873486273449329,28.95884063877898
5500,2.1710089058008513e-05,16.860753354897856,2.182045874317606,9.915724439751177,28.958523668966638
5520,2.178903483640127e-05,16.811468564014092,2.181440651503813,9.96666345378295,28.959572669300854
5540,2.186798061479403e-05,16.76444624805698,2.1813619072211883,10.014196998729414,28.960005154007582
5560,2.1946926393186788e-05,16.721425034484774,2.1828032821323338,10.056884298112188,28.961112614729295
5580,2.2025872171579546e-05,16.667795555303776,2.18260025120594,10.111035421936798,28.961431228446514
5600,2.2104817949972304e-05,16.61999652884861,2.1845252271413917,10.157595386248135,28.962117142238135
5620,2.2183763728365063e-05,16.572082034722236,2.186904766112168,10.203829804767755,28.962816605602157
5640,2.226270950675782e-05,16.523374142907734,2.188856930242533,10.250839780398408,28.963070853548675
5660,2.234165528515058e-05,16.47087849721943,2.191635379997193,10.301170640895538,28.963684518112164
5680,2.2420601063543337e-05,16.424655977558356,2.194335866790101,10.344431845775544,28.963423690124003
5700,2.2499546841936095e-05,16.362585026620458,2.1997536449110937,10.40410576394299,28.966444435474543
5720,2.2578492620328854e-05,16.30676371769561,2.2062810183239483,10.454860018263222,28.96790475428278
5740,2.2657438398721612e-05,16.26476018238397,2.212098452231571,10.492300070175144,28.969158704790686
5760,2.273638417711437e-05,16.208473314076883,2.219348769400999,10.541999765526036,28.969821849003917
5780,2.2815329955507128e-05,16.15276166607427,2.225010321637269,10.5917028951112,28.969474882822738
5800,2.2894275733899886e-05,16.102429419015404,2.2327899700533034,10.635848866375058,28.971068255443768
5820,2.2973221512292645e-05,16.045124569627564,2.24158986524325,10.685211013974651,28.971925448845465
5840,2.3052167290685403e-05,15.982230859973306,2.251272033441132,10.739059727476738,28.972562620891175
5860,2.313111306907816e-05,15.930561690072386,2.2604422538630646,10.781245282864122,28.97224922679957
5880,2.321005884747092e-05,15.875221394207255,2.2696615383252796,10.82904568109446,28.973928613626995
5900,2.3289004625863677e-05,15.819526975818686,2.277180101173334,10.876123426911235,28.972830503903253
5920,2.3367950404256436e-05,15.769003523742864,2.2854653609663123,10.917291176682994,28.97176006139217
5940,2.3446896182649194e-05,15.710249392961954,2.2924069729787067,10.968240630757041,28.9708969966977
5960,2.3525841961041952e-05,15.654473823358506,2.301742363129559,11.015438669567061,28.971654856055125
5980,2.360478773943471e-05,15.5901766482984,2.310988022965531,11.071066601936003,28.972231273199935
6000,2.368373351782747e-05,15.543316635750982,2.3199549539702,11.108857638289344,28.972129228010523
6020,2.3762679296220227e-05,15.48908217119859,2.328280358052086,11.153789733303718,28.971152262554394
6040,2.3841625074612985e-05,15.437263354605646,2.3386993646309246,11.195608744999012,28.97157146423558
6060,2.3920570853005743e-05,15.380871259924646,2.345501180373722,11.243002470917705,28.969374911216075
6080,2.39995166313985e-05,15.324627460302676,2.3539094866463497,11.289330481916684,28.96786742886571
6100,2.407846240979126e-05,15.274270731059419,2.3622700588147163,11.32982044473321,28.966361234607348
6120,2.4157408188184018e-05,15.21493346119139,2.370654146302543,11.379231357421757,28.964818964915686
6140,2.4236353966576776e-05,15.160037221593809,2.378196021091145,11.425458616786086,28.96369185947104
6160,2.4315299744969534e-05,15.105388403355297,2.386144814833034,11.47088294405205,28.96241616224038
6180,2.4394245523362292e-05,15.053027555670418,2.3933548511081875,11.515085193444955,28.961467600223564
6200,2.447319130175505e-05,14.996992446212953,2.4017528556932377,11.561394255107798,28.96013955701399
6220,2.455213708014781e-05,14.944961057705898,2.411695989489333,11.60195610084876,28.95861314804399
6240,2.4631082858540567e-05,14.888110036586891,2.420049976719921,11.648801474049968,28.95696148735678
6260,2.4710028636933325e-05,14.832656668027631,2.4285223896332115,11.693556787412362,28.954735845073206
6280,2.4788974415326083e-05,14.783837732703754,2.4358450742209126,11.732787197563027,28.952470004487694
6300,2.486792019371884e-05,14.724797679475866,2.4463050861968303,11.780946501420773,28.95204926709347
6320,2.49468659721116e-05,14.670011654844979,2.456532327184497,11.822653087508918,28.949197069538393
6340,2.5025811750504358e-05,14.620763792935028,2.463413031559977,11.861870327660908,28.946047152155913
6360,2.5104757528897116e-05,14.564188972101539,2.4739301993180107,11.905161505471668,28.943280676891217
6380,2.5183703307289874e-05,14.508831946097718,2.482654642893172,11.948363481555045,28.939850070545937
6400,2.5262649085682633e-05,14.46033796353748,2.4900191073870133,11.986457456394342,28.936814527318838
6420,2.534159486407539e-05,14.40314793959097,2.498179791094286,12.03147353431444,28.932801264999696
6440,2.542054064246815e-05,14.348747888635287,2.5058766838141002,12.074993818274242,28.929618390723633
6460,2.5499486420860907e-05,14.296938949209341,2.514459534908053,12.11514315726396,28.926541641381355
6480,2.5578432199253665e-05,14.243732809047664,2.521877274963298,12.157499129572034,28.923109213582997
6500,2.5657377977646424e-05,14.191313255789932,2.5291523682957697,12.199677514694459,28.920143138780162
6520,2.5736323756039182e-05,14.145595378533379,2.5352616139289545,12.236334098721038,28.917191091183373
6540,2.581526953443194e-05,14.093577777038027,2.541474258059988,12.278620486973807,28.91367252207182
6560,2.5894215312824698e-05,14.042379127374229,2.5483090642278445,12.320372846245881,28.911061037847954
6580,2.5973161091217456e-05,13.998756312087139,2.5527319945501463,12.356575302847732,28.90806360948502
6600,2.6052106869610215e-05,13.948119939775497,2.5587842945368697,12.398432829510948,28.905337063823314
6620,2.6131052648002973e-05,13.892775381864316,2.5656963984553807,12.445694494115951,28.90416627443565
6640,2.620999842639573e-05,13.8572104011253,2.572449931212559,12.473377787148468,28.90303811948633
6660,2.628894420478849e-05,13.808314888715081,2.5799228227678395,12.512960608554021,28.901198320036944
6680,2.6367889983181247e-05,13.762407400758269,2.5858321488826816,12.55053002326294,28.89876957290389
6700,2.6446835761574006e-05,13.721196078062285,2.594548284520062,12.581552272379309,28.897296634961656
6720,2.6525781539966764e-05,13.672953767468906,2.603180587298403,12.618887570657193,28.8950219254245
6740,2.6604727318359522e-05,13.627949268704402,2.6127683332815135,12.652729467538013,28.893447069523926
6760,2.668367309675228e-05,13.585834551340106,2.622601905861746,12.682322564268429,28.89075902147028
6780,2.676261887514504e-05,13.537288321610138,2.633203147650287,12.717647479295637,28.888138948556062
6800,2.6841564653537797e-05,13.4841881271812,2.645008065440613,12.75662812389687,28.885824316518683
6820,2.6920510431930555e-05,13.44073312815716,2.65681830490872,12.789316862487887,28.886868295553768
6840,2.6999456210323313e-05,13.394723683065013,2.6670839349782223,12.82210105700726,28.883908675050495
6860,2.707840198871607e-05,13.345948410838169,2.676040346286975,12.858354087119721,28.880342844244865
6880,2.715734776710883e-05,13.301148072848536,2.684487314340012,12.891488501974187,28.877123889162736
6900,2.7236293545501588e-05,13.256092515909836,2.6917500505339182,12.925853559049738,28.873696125493492
6920,2.7315239323894346e-05,13.210332414038614,2.6976106189476,12.962181235270297,28.87012426825651
6940,2.7394185102287104e-05,13.169434311672983,2.702557213871351,12.994565111208868,28.866556636753202
6960,2.7473130880679862e-05,13.122052697817162,2.7072292833693496,13.033839239663159,28.86312122084967
6980,2.755207665907262e-05,13.077781466950281,2.7108262798136673,13.071779900307346,28.860387647071292
7000,2.763102243746538e-05,13.038344312449787,2.7136058725188934,13.10532125846223,28.85727144343091
7020,2.7709968215858137e-05,12.992596894311308,2.717041392611857,13.145666511069415,28.85530479799258
7040,2.7788913994250895e-05,12.949680447435222,2.717919844167535,13.183600416842062,28.851200708444818
7060,2.7867859772643653e-05,12.90966099639915,2.7210413493731305,13.218163989364227,28.848866335136506
7080,2.794680555103641e-05,12.866471510253191,2.7206415173455696,13.258441937257784,28.845554964856547
7100,2.802575132942917e-05,12.823527227007686,2.7208828153596425,13.298745007039354,28.843155049406683
7120,2.8104697107821928e-05,12.784935828273483,2.7214682534200194,13.335264987491145,28.841669069184647
7140,2.8183642886214686e-05,12.742237536641401,2.720133069146555,13.377799119813599,28.840169725601555
7160,2.8262588664607444e-05,12.70028360381382,2.7174024853667036,13.42147740770268,28.839163496883202
7180,2.8341534443000203e-05,12.663700553262611,2.7180406202080363,13.459354625466252,28.841095798936898
7200,2.842048022139296e-05,12.62285113025385,2.7135956359895177,13.503285234746194,28.83973200098956
7220,2.849942599978572e-05,12.579871979004626,2.7091082073989528,13.549451545595085,28.83843173199866
7240,2.8578371778178477e-05,12.548798262116975,2.7029631342179132,13.585326524266007,28.837087920600894
7260,2.8657317556571235e-05,12.512862412734794,2.6952635739249424,13.626862874922358,28.834988861582094
7280,2.8736263334963994e-05,12.47000609115359,2.686994026620632,13.676972032738364,28.833972150512587
7300,2.8815209113356752e-05,12.439870415921208,2.6779113602594475,13.715543157519168,28.83332493369982
7320,2.889415489174951e-05,12.410885895033044,2.6662629380508056,13.755241126384748,28.8323899594686
7340,2.8973100670142268e-05,12.36254835481039,2.6542093067413854,13.818643821693719,28.835401483245494
7360,2.9052046448535026e-05,12.353719057093116,2.640982346447656,13.838957046663621,28.833658450204393
7380,2.9130992226927785e-05,12.323156512796281,2.626235839822314,13.881990621642652,28.831382974261246
7400,2.9209938005320543e-05,12.292243565137415,2.610624987543235,13.92639854206877,28.82926709474942
7420,2.92888837837133e-05,12.244013641149968,2.597148712608198,13.990152422735168,28.831314776493333
7440,2.936782956210606e-05,12.229770627646877,2.5865405621605606,14.013041576866419,28.829352766673857
7460,2.9446775340498817e-05,12.202158544174246,2.570957556017775,14.054599553907929,28.827715654099947
7480,2.9525721118891576e-05,12.163863964911254,2.5581469969292296,14.107882526556361,28.829893488396845
7500,2.9604666897284334e-05,12.1458314203425,2.5414178896061177,14.140326099746694,28.827575409695314
7520,2.9683612675677092e-05,12.114248684947544,2.5257237199402742,14.18535539388889,28.82532779877671
7540,2.976255845406985e-05,12.08910890824296,2.5107426605132,14.22391974133263,28.823771310088787
7560,2.984150423246261e-05,12.058578016399398,2.4938014700506206,14.269021249403036,28.821400735853054
7580,2.9920450010855367e-05,12.026092877148827,2.480156241861005,14.313496604987243,28.819745723997073
7600,2.9999395789248125e-05,12.003306514304242,2.461803111202244,14.352361394727971,28.817471020234457
7620,3.0078341567640883e-05,11.973859834244088,2.44520431385167,14.396010442829995,28.815074590925754
7640,3.015728734603364e-05,11.943100301662046,2.4288397421603425,14.4406294854696,28.812569529291988
7660,3.02362331244264e-05,11.919744696049358,2.4129257063015657,14.478008258013318,28.810678660364243
7680,3.0315178902819158e-05,11.875076354364712,2.3983693590787625,14.537548293752636,28.810994007196108
7700,3.0394124681211916e-05,11.85408201727158,2.38461676784846,14.569917205883716,28.808615991003755
7720,3.0473070459604674e-05,11.815759389593335,2.3729081218479333,14.621088266698674,28.809755778139944
7740,3.055201623799743e-05,11.793800988783364,2.3598367676209553,14.65444074245324,28.808078498857558
7760,3.063096201639019e-05,11.762394600247472,2.345680325792465,14.696606278273478,28.804681204313415
7780,3.070990779478295e-05,11.738042267898582,2.331230815620695,14.732831540343266,28.802104623862544
7800,3.078885357317571e-05,11.705550560613917,2.318822877851847,14.774255419888323,28.798628858354085
7820,3.0867799351568465e-05,11.672299645583994,2.308135631044353,14.815421209603853,28.7958564862322
7840,3.094674512996122e-05,11.645073339979032,2.2972317703452187,14.850262742593033,28.792567852917283
7860,3.102569090835398e-05,11.608797639818441,2.2881634831693884,14.891787655954555,28.788748778942384
7880,3.110463668674674e-05,11.572536799990512,2.2802105068590737,14.932096560690926,28.784843867540513
7900,3.11835824651395e-05,11.52203767104831,2.2744994094204327,14.986631558670561,28.783168639139305
7920,3.1262528243532256e-05,11.49718690404758,2.270938419206637,15.012312416677831,28.780437739932047
7940,3.1341474021925014e-05,11.456568229880201,2.266421938043474,15.053775819224555,28.77676598714823
7960,3.142041980031777e-05,11.422610349941756,2.260614296340918,15.090144613578277,28.77336925986095
7980,3.149936557871053e-05,11.381420499412608,2.2567956012065853,15.132338278693348,28.770554379312543
8000,3.157831135710329e-05,11.340536659491196,2.2531072562799146,15.17403934141057,28.76768325718168
8020,3.165725713549605e-05,11.304170045987252,2.250113737977681,15.211277509985576,28.765561293950512
8040,3.1736202913888805e-05,11.26002298743706,2.248341231202406,15.25466739692164,28.763031615561104
8060,3.1815148692281564e-05,11.217266495589186,2.2459710253508147,15.297670460698669,28.76090798163867
8080,3.189409447067432e-05,11.176649403924946,2.246659474414204,15.335883360560432,28.75919223889958
8100,3.197304024906708e-05,11.131953899414231,2.246310439168956,15.378751788687785,28.757016127270973
8120,3.205198602745984e-05,11.086547061227263,2.2464498804776625,15.421895134540469,28.754892076245394
8140,3.2130931805852596e-05,11.044211537333295,2.2492605614208507,15.459474671085388,28.752946769839532
8160,3.2209877584245355e-05,10.993889857260376,2.253341092384981,15.503364713375962,28.75059566302132
8180,3.228882336263811e-05,10.943487064157434,2.2580593343532573,15.546540324400443,28.748086722911133
8200,3.236776914103087e-05,10.899417769553866,2.2631773429680138,15.584214997505102,28.74681011002698
8220,3.244671491942363e-05,10.850588496010552,2.2681744208613406,15.625696222835376,28.744459139707267
8240,3.252566069781639e-05,10.80187633275285,2.2734182754382273,15.66680589729664,28.742100505487716
8260,3.2604606476209146e-05,10.760588353930302,2.277079962471654,15.702436402281688,28.740104718683643
8280,3.2683552254601904e-05,10.712143445707188,2.2829975382982663,15.742704271759917,28.73784525576537
8300,3.276249803299466e-05,10.665197445790124,2.2875500355088705,15.782340191329915,28.735087672628907
8320,3.284144381138742e-05,10.624464774171756,2.2935086824346635,15.814389197591163,28.73236265419758
8340,3.292038958978018e-05,10.575309363209143,2.302809508132567,15.85192601878303,28.73004489012474
8360,3.299933536817294e-05,10.526034019129286,2.312799388704797,15.887587822955206,28.72642123078929
8380,3.3078281146565695e-05,10.47964373704967,2.32554696871814,15.917617816081165,28.722808521848975
8400,3.315722692495845e-05,10.42645645687022,2.336924176717945,15.954012607959418,28.717393241547583
8420,3.323617270335121e-05,10.370910202387,2.3523075705278407,15.990315041022368,28.713532813937206
8440,3.331511848174397e-05,10.320207117889606,2.3679163452834033,16.021615280837793,28.7097387440108
8460,3.339406426013673e-05,10.260646645104362,2.3859501331661117,16.05868112557722,28.705277903847694
8480,3.3473010038529486e-05,10.199473050058412,2.40371153084078,16.098020029935697,28.70120461083489
8500,3.3551955816922244e-05,10.139720535557148,2.426255433111775,16.135267095613482,28.701243064282405
8520,3.3630901595315e-05,10.07932813723139,2.4452581712285006,16.172137278174187,28.69672358663408
8540,3.370984737370776e-05,10.017006453542898,2.464594852811088,16.210799400223518,28.6924007065775
8560,3.378879315210052e-05,9.960585700530615,2.484172127829492,16.243412731977063,28.68817056033717
8580,3.386773893049328e-05,9.89663074799111,2.503695691345524,16.282554714181888,28.682881153518522
8600,3.3946684708886035e-05,9.832224904787243,2.523616213976439,16.322244173198797,28.67808529196248
8620,3.4025630487278793e-05,9.775248670794443,2.542742069152688,16.35635422675139,28.67434496669852
8640,3.410457626567155e-05,9.712835102109395,2.56016858620002,16.396477511878274,28.66948120018769
8660,3.418352204406431e-05,9.650875886232207,2.5778076931830864,16.436038925580842,28.664722504996135
8680,3.426246782245707e-05,9.593002711316034,2.596622245161359,16.47139457217098,28.661019528648374
8700,3.4341413600849826e-05,9.53224465475169,2.6143731382382347,16.509773073703084,28.65639086669301
8720,3.4420359379242584e-05,9.470868247951376,2.63114818052939,16.549928778403082,28.65194520688385
8740,3.449930515763534e-05,9.414095552178537,2.649001279472867,16.584703215217676,28.64780004686908
8760,3.45782509360281e-05,9.353394743137565,2.6647305676315862,16.624968234251856,28.64309354502101
8780,3.465719671442086e-05,9.291107733319613,2.681816314817439,16.665847266598593,28.638771314735646
8800,3.473614249281362e-05,9.237236787537093,2.695550209502829,16.701210155363157,28.63399715240308
8820,3.4815088271206375e-05,9.17498061875807,2.7108274294825674,16.74340598454022,28.629214032780858
8840,3.4894034049599134e-05,9.115525398100104,2.723309486951569,16.785271680443692,28.624106565495367
8860,3.497297982799189e-05,9.062434988143384,2.7348926705534065,16.822261606995532,28.619589265692323
8880,3.505192560638465e-05,9.00349395928498,2.7456406955084236,16.866760345047535,28.61589499984094
8900,3.513087138477741e-05,8.945828056745437,2.758288434746006,16.912377488554345,28.61649398004579
8920,3.5209817163170166e-05,8.895221795921204,2.7656847653941012,16.94934901788683,28.610255579202136
8940,3.5288762941562925e-05,8.840719812614424,2.7717985828308014,16.99232190208715,28.604840297532373
8960,3.536770871995568e-05,8.788053259927924,2.7768340703358834,17.035198278035367,28.600085608299175
8980,3.544665449834844e-05,8.74223347708439,2.780895036911897,17.072680440748684,28.59580895474497
9000,3.55256002767412e-05,8.691398575530652,2.7831558664682268,17.11660217313586,28.59115661513474
9020,3.560454605513396e-05,8.639716664609189,2.78641475730435,17.160484333613613,28.586615755527152
9040,3.5683491833526716e-05,8.596789095044015,2.7875427208913375,17.198173707581716,28.58250552351707
9060,3.5762437611919474e-05,8.546914130557312,2.78750109348495,17.24308543853408,28.57750066257634
9080,3.584138339031223e-05,8.498709244593856,2.787140625693589,17.28747289803144,28.57332276831888
9100,3.592032916870499e-05,8.458584287897459,2.7854563887225727,17.326219682005043,28.570260358625074
9120,3.599927494709775e-05,8.41409994745449,2.7813862091463997,17.370306993196667,28.565793149797557
9140,3.607822072549051e-05,8.368082423248985,2.7790793956434987,17.415281232453303,28.562443051345788
9160,3.6157166503883265e-05,8.329822785436864,2.7751700232994376,17.45363716761722,28.558629976353522
9180,3.623611228227602e-05,8.267855032578385,2.7730825686046874,17.51748199991577,28.55841960109884
9200,3.631505806066878e-05,8.240842371792713,2.7672981687508265,17.547379302898758,28.555519843442298
9220,3.639400383906154e-05,8.204729511403592,2.7608475294140487,17.586229185112177,28.551806225929816
9240,3.64729496174543e-05,8.135606975498664,2.7546523622216945,17.66154086154168,28.55180019926204
9260,3.6551895395847056e-05,8.121153382426197,2.7473143265385813,17.68218162199733,28.55064933096211
9280,3.6630841174239814e-05,8.076208606756067,2.7428721891543,17.73347262135976,28.552553417270126
9300,3.670978695263257e-05,8.049500876004624,2.7333412071627774,17.766634867108337,28.54947695027574
9320,3.678873273102533e-05,8.012679750244413,2.722093388892578,17.810239099434206,28.545012238571196
9340,3.686767850941809e-05,7.982653407046897,2.7113504698123645,17.847195514098775,28.541199390958035
9360,3.694662428781085e-05,7.916046482872653,2.700767396197065,17.92114146270904,28.53795534177876
9380,3.7025570066203605e-05,7.904166164576193,2.695485406502403,17.938110765092304,28.5377623361709
9400,3.7104515844596363e-05,7.84333032008376,2.687065803142158,18.008045161185294,28.538441284411213
9420,3.718346162298912e-05,7.83049289410075,2.6827204119925727,18.023943747839137,28.53715705393246
9440,3.726240740138188e-05,7.794795772649973,2.671939807159379,18.065871984620063,28.532607564429416
9460,3.734135317977464e-05,7.7655042482190435,2.6614414269005158,18.101742261386395,28.528687936505953
9480,3.7420298958167396e-05,7.712433636495508,2.654968772428773,18.15921644721638,28.52661885614066
9500,3.7499244736560154e-05,7.69159587537089,2.644197810222866,18.18898991454611,28.524783600139866
9520,3.757819051495291e-05,7.661846497691837,2.6340662982465415,18.22512393743566,28.52103673337404
9540,3.765713629334567e-05,7.630605458611439,2.619118710563903,18.266383233765687,28.516107402941028
9560,3.773608207173843e-05,7.596976839034502,2.608125658520144,18.307316455728813,28.512418953283458
9580,3.781502785013119e-05,7.573028584144428,2.5930186308856045,18.342733239746256,28.508780454776286
9600,3.7893973628523945e-05,7.5431775327772765,2.5779062304497584,18.38420195322352,28.505285716450555
9620,3.7972919406916704e-05,7.513491584954007,2.5624157978748805,18.42556790508178,28.50147528791067
9640,3.805186518530946e-05,7.4670172357692,2.5505263074268596,18.484509981964862,28.50205352516092
9660,3.813081096370222e-05,7.45581633142182,2.5360368290715614,18.507661626364673,28.499514786858054
9680,3.820975674209498e-05,7.426517559607991,2.519523827199762,18.549283607826872,28.495324994634625
9700,3.8288702520487736e-05,7.404181192969596,2.5033279578479193,18.5846315393119,28.492140690129418
9720,3.8367648298880495e-05,7.376813536928975,2.4857582814536707,18.625281119430817,28.487852937813464
9740,3.844659407727325e-05,7.348792740799091,2.469636754479802,18.665413052852625,28.48384254813152
9760,3.852553985566601e-05,7.326150164542278,2.4539415442171126,18.699479115662953,28.479570824422343
9780,3.860448563405877e-05,7.298452338643391,2.438424416068863,18.7387132103689,28.475589965081156
9800,3.868343141245153e-05,7.268598839216778,2.424954652962823,18.777482585187368,28.471036077366968
9820,3.8762377190844286e-05,7.2173897905840025,2.4116550956854,18.841899713453852,28.470944599723254
9840,3.8841322969237044e-05,7.211371787907294,2.404686387026505,18.853292766800315,28.469350941734113
9860,3.89202687476298e-05,7.1835398471031695,2.3908860009887776,18.890053523617063,28.46447937170901
9880,3.899921452602256e-05,7.1309532399525875,2.3793477286201625,18.954135739425723,28.464436707998473
9900,3.907816030441532e-05,7.123539439558815,2.3725785837142266,18.968152931292313,28.464270954565354
9920,3.915710608280808e-05,7.081260025651998,2.3631167206366595,19.018907656733862,28.46328440302252
9940,3.9236051861200835e-05,7.051175706331422,2.3540601204617633,19.056826314171126,28.462062140964314
9960,3.931499763959359e-05,7.033950657321824,2.344031871171614,19.08001713408386,28.457999662577297
9980,3.939394341798635e-05,6.998279369353836,2.335323849823914,19.124591255563367,28.458194474741116
10000,3.947288919637911e-05,6.976685558320281,2.3239456504961287,19.152648897223663,28.453280106040076
10020,3.955183497477187e-05,6.9473115709564786,2.310239024660622,19.189908026406105,28.447458622023206
10040,3.9630780753164626e-05,6.917189081085734,2.2984304324029856,19.226825123052492,28.44244463654121
10060,3.9709726531557384e-05,6.894300856134395,2.284873387549559,19.258267137473865,28.437441381157818
10080,3.978867230995014e-05,6.8656841432425955,2.272334643898281,19.29457500738222,28.432593794523097
10100,3.98676180883429e-05,6.838691096972821,2.2586569102570864,19.330497413074458,28.427845420304365
10120,3.994656386673566e-05,6.813399454137903,2.247755561881671,19.361904572526264,28.42305958854584
10140,4.002550964512842e-05,6.766899263365886,2.242784795797916,19.412997191917192,28.422681251080995
10160,4.0104455423521175e-05,6.743698417513109,2.23309630309994,19.44129390077753,28.41808862139058
10180,4.0183401201913933e-05,6.716597685508183,2.2219044943408313,19.4735586565119,28.412060836360915
10200,4.026234698030669e-05,6.683721680607394,2.2099632401044627,19.510619890738262,28.404304811450118
10220,4.034129275869945e-05,6.650085465833557,2.1998472917396885,19.547632910940695,28.39756566851394
10240,4.0420238537092215e-05,6.607336997711319,2.1945596529069924,19.591537549273774,28.393434199892084
10260,4.049918431548497e-05,6.570292700647898,2.1911402105683897,19.63155272971769,28.39298564093398
10280,4.057813009387773e-05,6.539800111805131,2.1842867140317157,19.660960234055302,28.38504705989215
10300,4.065707587227049e-05,6.50907134705912,2.1753092454769654,19.69381653961059,28.378197132146674
10320,4.073602165066325e-05,6.4730763772549835,2.16565894007632,19.731677085510846,28.37041240284215
10340,4.0814967429056006e-05,6.4362376654353195,2.156010543151676,19.770292021983554,28.36254023057055
10360,4.0893913207448764e-05,6.3854199505723415,2.150519808304594,19.82384344047822,28.359783199355157
10380,4.097285898584152e-05,6.365694266019976,2.1434756103754706,19.84669780405875,28.355867680454196
10400,4.105180476423428e-05,6.327782288368255,2.1340277554128386,19.886601190121695,28.348411233902787
10420,4.113075054262704e-05,6.2969607917273684,2.1247836832646736,19.92049553297153,28.34224000796357
10440,4.12096963210198e-05,6.260203499977889,2.1145383354049314,19.960619817946398,28.33536165332922
10460,4.1288642099412555e-05,6.194808524286575,2.1036600693253744,20.034380053147018,28.33284864675897
10480,4.136758787780531e-05,6.179333427533596,2.1000329484073736,20.05126611814154,28.33063249408251
10500,4.144653365619807e-05,6.151303363388671,2.0895847184040517,20.084044647843736,28.32493272963646
10520,4.152547943459083e-05,6.114126505112687,2.0805584174714165,20.124491005145252,28.319175927729354
10540,4.160442521298359e-05,6.086628995981088,2.0679508055977864,20.158287828127552,28.312867629706425
10560,4.1683370991376346e-05,6.051868709457969,2.0573895825502757,20.197301010093256,28.306559302101498
10580,4.1762316769769104e-05,6.017025644352968,2.0469073212311284,20.235796560419878,28.299729526003972
10600,4.184126254816186e-05,5.984992998485258,2.0409612633185357,20.268395754656858,28.29435001646065
10620,4.192020832655462e-05,5.947321659698451,2.033834861934905,20.30626535834612,28.287421879979476
10640,4.199915410494738e-05,5.909886769822956,2.026993564857826,20.343969986421378,28.280850321102157
10660,4.207809988334014e-05,5.876074130369274,2.0228479948436178,20.376172227763384,28.275094352976275
10680,4.2157045661732895e-05,5.8361463740009425,2.018274257348163,20.413584459080308,28.268005090429412
10700,4.2235991440125654e-05,5.797171288534109,2.0134523341067028,20.4504264857554,28.261050108396212
10720,4.231493721851841e-05,5.762119151514073,2.0102421373512094,20.482318330019016,28.254679618884296
10740,4.239388299691117e-05,5.7205137946303335,2.007052995752538,20.519742913062068,28.24730970344494
10760,4.247282877530393e-05,5.680007695697355,2.002484744320896,20.557186285029665,28.239678725047916
10780,4.2551774553696686e-05,5.6449475356983525,1.999343154008355,20.58936551993722,28.23365620964393
10800,4.2630720332089445e-05,5.574471550456715,1.9960529538105054,20.65958065521725,28.230105159484474
10820,4.27096661104822e-05,5.559274908934432,1.9996255769871403,20.66809299256849,28.226993478490062
10840,4.278861188887496e-05,5.524935264855854,1.9957851971367562,20.697896666199266,28.218617128191877
10860,4.286755766726772e-05,5.4840595046283385,1.9928624889066684,20.734076677279553,28.21099867081456
10880,4.294650344566048e-05,5.444473706442245,1.9887112743140347,20.770057340052094,28.203242320808375
10900,4.3025449224053236e-05,5.411010804659211,1.9850778251725176,20.800871268154477,28.196959897986204
10920,4.3104395002445994e-05,5.341171377910641,1.9858870368954051,20.865524065768703,28.19258248057475
10940,4.318334078083875e-05,5.308605445082919,1.9927965846631415,20.886400474807868,28.18780250455393
10960,4.326228655923151e-05,5.2788171214991415,1.9979407303562338,20.907055673201878,28.183813525057253
10980,4.334123233762427e-05,5.233819934700122,2.0012244688893035,20.940972089155917,28.17601649274534
11000,4.342017811601703e-05,5.188831931578722,2.004584619131447,20.974175649777536,28.167592200487704
11020,4.3499123894409785e-05,5.145478458181338,2.0123676196594014,21.003053259432615,28.160899337273356
11040,4.357806967280254e-05,5.0938878588268395,2.022575192496382,21.036800362168673,28.153263413491896
11060,4.36570154511953e-05,5.039602158880361,2.0347876349245033,21.07036114209839,28.144750935903254
11080,4.373596122958806e-05,4.989312418454156,2.0490206242786657,21.098898127033205,28.137231169766025
11100,4.381490700798082e-05,4.914194808534761,2.0671506904782193,21.15158185793001,28.132927356942993
11120,4.3893852786373576e-05,4.872010991912192,2.0877759992638887,21.16755082620346,28.12733781737954
11140,4.3972798564766334e-05,4.819877245815426,2.1051149656681543,21.194072752050165,28.119064963533745
11160,4.405174434315909e-05,4.7594349152950075,2.12416029380432,21.226759312466086,28.110354521565412
11180,4.413069012155185e-05,4.681016830562899,2.1467058574135547,21.277697667036684,28.105420355013138
11200,4.420963589994461e-05,4.63775322377762,2.169287786329959,21.29411073572502,28.1011517458326
11220,4.428858167833737e-05,4.577787989430707,2.187742981222012,21.32683641953671,28.09236739018943
11240,4.4367527456730125e-05,4.520241164864176,2.204968648584129,21.358728112207938,28.083937925656244
11260,4.444647323512288e-05,4.466559503360038,2.2242702848078713,21.385865744976396,28.076695533144306
11280,4.452541901351564e-05,4.408183962805679,2.2415624513045898,21.41777420065873,28.067520614769
11300,4.46043647919084e-05,4.329286251641716,2.2632119383252443,21.468615579091427,28.061113769058387
11320,4.468331057030116e-05,4.288006418817694,2.2891163078930075,21.480609350650298,28.057732077361
11340,4.4762256348693916e-05,4.228902592249382,2.308629413479075,21.513989336725594,28.051521342454052
11360,4.4841202127086674e-05,4.151871123236368,2.3306285553510286,21.562610326318385,28.04511000490578
11380,4.492014790547943e-05,4.112652417039719,2.3501054857862202,21.58022015329004,28.042978056115977
11400,4.499909368387219e-05,4.063726845829889,2.361653544880854,21.60945702895079,28.03483741966153
11420,4.507803946226495e-05,4.014607726034464,2.3717648920084122,21.639675774095263,28.02604839213814
11440,4.515698524065771e-05,3.972151822548909,2.3797964026798186,21.666019659330825,28.017967884559553
11460,4.5235931019050465e-05,3.9260480242052114,2.386363400482632,21.696637645293595,28.009049069981437
11480,4.5314876797443224e-05,3.8836980462037407,2.3899645937957827,21.727166672013997,28.000829312013522
11500,4.539382257583598e-05,3.8286474393167254,2.40081721369651,21.769349235449777,27.998813888463012
11520,4.547276835422874e-05,3.7972203485419804,2.407102257591772,21.788032427423104,27.992355033556855
11540,4.55517141326215e-05,3.754815633326631,2.4105092405641058,21.81760357312585,27.982928447016587
11560,4.5630659911014256e-05,3.7179667417050606,2.4145103625777176,21.843070054355234,27.975547158638012
11580,4.5709605689407015e-05,3.677453836588044,2.4167358090544835,21.872676011775063,27.966865657417593
11600,4.578855146779977e-05,3.6359758211362507,2.419549241324298,21.90192990198995,27.9574549644505
11620,4.586749724619253e-05,3.6013200283333613,2.4207577797599513,21.927197201822892,27.949275009916207
11640,4.594644302458529e-05,3.5600943316474165,2.4231777222074498,21.957282901094146,27.940554954949015
11660,4.602538880297805e-05,3.5193993028479538,2.425252519948284,21.98782343288043,27.932475255676668
11680,4.6104334581370806e-05,3.483489854496998,2.427638053295157,22.013980186342796,27.92510809413495
11700,4.6183280359763564e-05,3.425803176802546,2.4354512061902773,22.060351786738096,27.92160616973092
11720,4.626222613815632e-05,3.383093310166945,2.441688462483389,22.091527104383864,27.916308877034197
11740,4.634117191654908e-05,3.3507843812557923,2.447721377140669,22.111839441619264,27.910345200015726
11760,4.642011769494184e-05,3.2940831304072957,2.453522386208154,22.15522548367268,27.90283100028813
11780,4.64990634733346e-05,3.255752039681137,2.4639346977994756,22.177124872060904,27.896811609541516
11800,4.6578009251727355e-05,3.2279126259035933,2.4716250102808575,22.19423785025118,27.89377548643563
11820,4.665695503012011e-05,3.1803403657703497,2.4761448565756066,22.231023674076273,27.88750889642223
11840,4.673590080851287e-05,3.1479609828574784,2.477139516388175,22.25534458149229,27.880445080737946
11860,4.681484658690563e-05,3.114491448934202,2.477429376288628,22.280367626071484,27.872288451294317
11880,4.689379236529839e-05,3.077572527517092,2.4777017764565445,22.30891240908416,27.864186713057798
11900,4.6972738143691146e-05,3.0380769738682414,2.480427636218216,22.33681374718417,27.855318357270626
11920,4.7051683922083904e-05,2.9846899463068675,2.4858738895577694,22.379760287627608,27.850324123492243
11940,4.713062970047666e-05,2.9572005819447016,2.494523121935397,22.393550431867396,27.845274135747495
11960,4.720957547886942e-05,2.9171415642500906,2.4992266547716264,22.419935952677054,27.83630417169877
11980,4.728852125726218e-05,2.865246139496767,2.5061645036456035,22.460092951859565,27.831503595001934
12000,4.736746703565494e-05,2.839140097920184,2.515203486507917,22.472846993843397,27.827190578271498
12020,4.7446412814047695e-05,2.79813796513855,2.5209655535260054,22.499055875205006,27.81815939386956
12040,4.752535859244045e-05,2.742788090629228,2.5357472326646997,22.534417513260944,27.81295283655487
12060,4.760430437083321e-05,2.7031101677987373,2.5502301526721203,22.555105543890534,27.808445864361392
12080,4.768325014922597e-05,2.6634917979440154,2.562263794130182,22.57662182469553,27.802377416769726
12100,4.776219592761873e-05,2.6245992665617934,2.5744947091585697,22.59682744890811,27.79592142462847
12120,4.7841141706011486e-05,2.5657946788969324,2.5879435860872766,22.63531091816339,27.7890491831476
12140,4.7920087484404244e-05,2.522896132275295,2.6096729724446894,22.654680049584723,27.787249154304707
12160,4.7999033262797e-05,2.4819948987328866,2.629330285316192,22.673619951499116,27.784945135548195
12180,4.807797904118976e-05,2.437537374316853,2.6492438297316845,22.69132406107506,27.7781052651236
12200,4.815692481958252e-05,2.3807865065992306,2.6755430111936707,22.70997291565102,27.76630243344392
12220,4.823587059797528e-05,2.328571113925644,2.707164599811805,22.72396101448126,27.75969672821871
12240,4.8314816376368035e-05,2.2736530631688554,2.746445075966285,22.736923639181253,27.757021778316393
12260,4.8393762154760794e-05,2.227038214632263,2.7836939842617268,22.74740502581116,27.758137224705152
12280,4.847270793315355e-05,2.1866163071229385,2.814955502074669,22.75885839128509,27.7604302004827
12300,4.855165371154631e-05,2.1461426210620473,2.84313378757788,22.77391101436798,27.763187423007906
12320,4.863059948993907e-05,2.098715649663182,2.8735270710873064,22.802214970973008,27.774457691723498
12340,4.8709545268331826e-05,2.068513818926534,2.9024645595451015,22.80556959255295,27.776547971024584
12360,4.8788491046724585e-05,2.0443275326173667,2.9250247438263517,22.80906615570106,27.77841843214478
12380,4.886743682511734e-05,2.024623660371592,2.943094991478315,22.812478750969582,27.78019740281949
12400,4.89463826035101e-05,2.0065902316699997,2.9589556494259233,22.816739281736997,27.78228516283292
12420,4.902532838190286e-05,1.9964322254310176,2.9678094540452427,22.819802781043204,27.784044460519464
12440,4.910427416029562e-05,1.9926578054109374,2.9704374904558772,22.821850251219388,27.784945547086203
12460,4.9183219938688376e-05,1.9913431633283114,2.970938876108837,22.8239865354274,27.78626857486455
12480,4.9262165717081134e-05,1.992493193185319,2.9687063501509567,22.826467583964842,27.78766712730112
12500,4.934111149547389e-05,1.9988620998125897,2.9613721186638093,22.828592764855678,27.78882698333208
12520,4.942005727386665e-05,2.0076055649489515,2.9519848781063005,22.830786744912643,27.790377187967895
12540,4.949900305225941e-05,2.0183373576073125,2.940815251004633,22.832377139991593,27.791529748603537
12560,4.957794883065217e-05,2.0279942452453366,2.9269105092827368,22.850228107587643,27.805132862115716
12580,4.9656894609044925e-05,2.043082452709598,2.9109757995948655,22.853486497752424,27.807544750056888
12600,4.973584038743768e-05,2.056559303694288,2.896945239226004,22.85629231320486,27.809796856125153
12620,4.981478616583044e-05,2.071999566866602,2.8809347088160355,22.857977020363236,27.810911296045873
12640,4.98937319442232e-05,2.08717567878245,2.8646641742808217,22.86160756906672,27.81344742212999
12660,4.997267772261596e-05,2.1022771555028914,2.849189423316787,22.86292449255912,27.8143910713788
12680,5.0051623501008716e-05,2.117479303091717,2.833915260861547,22.863336817082534,27.8147313810358
12700,5.0130569279401474e-05,2.1329647438590618,2.8179234457508637,22.86385529875432,27.814743488364243
12720,5.020951505779423e-05,2.148044245497304,2.802011056211428,22.865545649753734,27.815600951462464
12740,5.028846083618699e-05,2.1624058925749323,2.7870282574096,22.86705276316196,27.816486913146495
12760,5.036740661457975e-05,2.1749555051782896,2.773258379267989,22.86937817307268,27.817592057518958
12780,5.044635239297251e-05,2.189244150218191,2.75664942853867,22.87850426720348,27.82439784596034
12800,5.0525298171365265e-05,2.2045224614543737,2.7408335709066813,22.88008458219693,27.825440614557984
12820,5.060424394975802e-05,2.2198682877489606,2.7248091676030826,22.883670114093714,27.828347569445757
12840,5.068318972815078e-05,2.2369087326354586,2.7073652814494515,22.88503994514992,27.82931395923483
12860,5.076213550654354e-05,2.2545992008229803,2.6887611961559137,22.88761632902487,27.83097672600376
12880,5.08410812849363e-05,2.2716923622470175,2.6713561186339843,22.889669682088957,27.83271816296996
12900,5.0920027063329056e-05,2.291868681624947,2.6505571900825253,22.892333586272656,27.834759457980127
12920,5.0998972841721814e-05,2.3121528256301866,2.6296351908683824,22.894593643582976,27.836381660081543
12940,5.107791862011457e-05,2.334592333370033,2.6067519732809252,22.89594190344468,27.837286210095638
12960,5.115686439850733e-05,2.357941497933978,2.5830073974001,22.897514844794834,27.838463740128912
12980,5.123581017690009e-05,2.3816067146299815,2.5580126395080565,22.901984781501202,27.84160413563924
13000,5.131475595529285e-05,2.4063984633690376,2.5328171820227485,22.90386585168018,27.843081497071967
13020,5.1393701733685605e-05,2.431481210181161,2.5074226775354154,22.90559914959333,27.844503037309906
13040,5.1472647512078364e-05,2.457153624147921,2.481623084222249,22.906039150245874,27.844815858616045
13060,5.155159329047112e-05,2.483688572940056,2.454810315364301,22.906623805050852,27.845122693355208
13080,5.163053906886388e-05,2.5088627527150864,2.428552386093288,22.909945562017693,27.847360700826066
13100,5.170948484725664e-05,2.533985830202375,2.4024950037427457,22.914762496362993,27.851243330308115
13120,5.1788430625649396e-05,2.5608097779788626,2.3750912305508014,22.916772893956576,27.852673902486238
13140,5.1867376404042155e-05,2.5850357334166603,2.350119214842121,22.91938999531034,27.85454494356912
13160,5.194632218243491e-05,2.6098775156831193,2.3248630186124792,22.92126382444066,27.85600435873626
13180,5.202526796082767e-05,2.634992144885565,2.299116650407286,22.923646504617857,27.857755299910707
13200,5.210421373922043e-05,2.66088669068143,2.2729139240013327,22.92554579191321,27.85934640659597
13220,5.218315951761319e-05,2.684700484682126,2.2488000828478696,22.92715487871031,27.860655446240308
13240,5.2262105296005946e-05,2.7088198182859,2.2238050618168135,22.9298175521,27.862442432202712
13260,5.2341051074398704e-05,2.7324888406373855,2.199999054196645,22.930174468391773,27.8626623632258
13280,5.241999685279146e-05,2.7557861056536974,2.176639461277871,22.930617105366768,27.863042672298334
13300,5.249894263118422e-05,2.7782645191798934,2.153887364371019,22.931105768518446,27.863257652069358
13320,5.257788840957698e-05,2.7997506041767584,2.1321056045643383,22.931777834090525,27.86363404283162
13340,5.265683418796974e-05,2.8212984757702073,2.110312311998763,22.93243416277383,27.8640449505428
13360,5.2735779966362495e-05,2.8425757894280386,2.088613344268802,22.933489079503868,27.86467821320071
13380,5.281472574475525e-05,2.863454963271531,2.0666579660463915,22.935806500409505,27.865919429727427
13400,5.289367152314801e-05,2.8823500731672005,2.046509271002128,22.94252408742807,27.871383431597398
13420,5.297261730154077e-05,2.902581532677471,2.026109281555086,22.94371027073036,27.872401084962917
13440,5.305156307993353e-05,2.9207810420669493,2.0075727542847774,22.945516965759168,27.873870762110897
13460,5.3130508858326286e-05,2.9385432449509423,1.989385332276783,22.947332412931537,27.875260990159262
13480,5.3209454636719044e-05,2.9545586491067124,1.9728443354195406,22.94833865400713,27.875741638533384
13500,5.32884004151118e-05,2.9693436025254236,1.9580538772574079,22.949719766895697,27.87711724667853
13520,5.336734619350456e-05,2.9840322825387973,1.94275296309363,22.951075183836622,27.87786042946905
13540,5.344629197189732e-05,2.9982771512272235,1.9282158093518955,22.952624877454944,27.879117838034063
13560,5.352523775029008e-05,3.0114692532971965,1.9147680681333974,22.953883658955675,27.88012098038627
13580,5.3604183528682835e-05,3.024445835063128,1.9017100077429594,22.95496050116272,27.881116343968806
13600,5.368312930707559e-05,3.037266336480651,1.8886025617431714,22.95591039658033,27.88177929480415
13620,5.376207508546835e-05,3.048758181730625,1.87675871930955,22.95691660347713,27.882433504517305
13640,5.384102086386111e-05,3.060246365371831,1.8650314271477537,22.958034825664082,27.883312618183666
13660,5.391996664225387e-05,3.071475894056463,1.853416848747048,22.958916354284014,27.883809097087525
13680,5.3998912420646626e-05,3.080870625139207,1.8439041370406926,22.959975081985064,27.884749844164965
13700,5.4077858199039384e-05,3.08977756105721,1.8346252554599165,22.960937126101186,27.885339942618312
13720,5.415680397743214e-05,3.0983253265574824,1.825981253246277,22.96151899531215,27.88582557511591
13740,5.42357497558249e-05,3.107081514986059,1.8169117895692277,22.96259596039428,27.88658926494957
13760,5.431469553421766e-05,3.115570415704465,1.8082259896907198,22.963476319979982,27.88727272537517
13780,5.439364131261042e-05,3.1224445464215043,1.8010849861362659,22.96432106440789,27.887850596965663
13800,5.4472587091003175e-05,3.131980177928299,1.7914393859995081,22.965228587908427,27.888648151836236
13820,5.4551532869395934e-05,3.1386843600937144,1.784452975692045,22.966126018583488,27.88926335436925
13840,5.463047864778869e-05,3.145565194193524,1.7774100668550978,22.96685736376133,27.889832624809955
13860,5.470942442618145e-05,3.1522968376719254,1.770513500746329,22.967671145124555,27.89048148354281
13880,5.478837020457421e-05,3.1606798246940815,1.762003162664692,22.968679458566427,27.8913624459252
13900,5.4867315982966966e-05,3.1670811584487097,1.7552458940651092,22.969538273575235,27.891865326089054
13920,5.4946261761359725e-05,3.1741690984517112,1.747927882076771,22.97059473170764,27.89269171223612
13940,5.502520753975248e-05,3.1812610927157823,1.740608336408845,22.97179484599906,27.893664275123687
13960,5.510415331814524e-05,3.1889467178558366,1.732783278203557,22.972765699679485,27.89449569573888
13980,5.5183099096538e-05,3.195258565900275,1.7262426835222433,22.973908937396573,27.895410186819092
14000,5.526204487493076e-05,3.203698685288903,1.7174286314557976,22.975097684497644,27.896225001242346
14020,5.5340990653323516e-05,3.2113596362470886,1.709518199042212,22.976114493601656,27.896992328890956
14040,5.5419936431716274e-05,3.2197942826168147,1.7009687916826508,22.977221181331625,27.89798425563109
14060,5.549888221010903e-05,3.2274347871959437,1.6927465463027833,22.978566547965173,27.898747881463898
14080,5.557782798850179e-05,3.236644245026498,1.6831594574083282,22.9798759126564,27.899679615091227
14100,5.565677376689455e-05,3.2443968915786026,1.6753649189751307,22.981154701841202,27.900916512394936
14120,5.573571954528731e-05,3.251930948159071,1.667401338880477,22.982452614954415,27.901784901993963
14140,5.5814665323680065e-05,3.2592141412253364,1.6597802139955276,22.983216888818752,27.902211244039616
14160,5.589361110207282e-05,3.264836284747961,1.6538901663887675,22.984602684968394,27.90332913610512
14180,5.597255688046558e-05,3.271276354743152,1.6471827825727823,22.985753902300527,27.90421303961646
14200,5.605150265885834e-05,3.2787344842366144,1.6394267489779377,22.986719332277932,27.904880565492483
14220,5.61304484372511e-05,3.2845382264942553,1.6335938079099321,22.98753974496088,27.90567177936507
14240,5.6209394215643856e-05,3.2892716565351714,1.6286843018215378,22.987874514632917,27.905830472989628
14260,5.6288339994036614e-05,3.2915735881174157,1.6260346336676959,22.989575729506385,27.907183951291497
14280,5.636728577242937e-05,3.289717283103328,1.6274254731443212,22.99058695471071,27.90772971095836
14300,5.644623155082213e-05,3.28584813043152,1.6310570937094586,22.99152872914935,27.90843395329033
14320,5.652517732921489e-05,3.2799312264004103,1.6367214157054077,22.99234944519553,27.909002087301346
14340,5.660412310760765e-05,3.271991260870408,1.644494601451411,22.993153302813223,27.90963916513504
14360,5.6683068886000405e-05,3.2625797607690616,1.6539777532443927,22.99422846144555,27.910785975459007
14380,5.676201466439316e-05,3.2515919473133392,1.664628724816708,22.994991299258132,27.911211971388177
14400,5.684096044278592e-05,3.240870577933789,1.6750406323060283,22.995950007999923,27.91186121823974
14420,5.691990622117868e-05,3.2275584976032667,1.6881744513607553,22.99680556082237,27.912538509786394
14440,5.699885199957144e-05,3.2150978240946495,1.700345576946363,22.99756923007093,27.913012631111943
14460,5.7077797777964196e-05,3.2027552560745765,1.712649208802271,22.998404878337364,27.91380934321421
14480,5.7156743556356954e-05,3.1890998273611144,1.726092179898747,22.998565060674025,27.913757067933886
14500,5.723568933474971e-05,3.1761479147834453,1.7388722159538952,22.999683647705474,27.914703778442814
14520,5.731463511314247e-05,3.1645798582511455,1.7501164026215343,23.000708569174797,27.91540483004748
14540,5.739358089153523e-05,3.1542094086994634,1.7603305709879178,23.00174886593203,27.916288845619412
14560,5.747252666992799e-05,3.1466802205101967,1.7676783664807278,23.002285225727192,27.916643812718117
14580,5.7551472448320745e-05,3.1387743428277686,1.7754601601006925,23.0032905005702,27.91752500349866
14600,5.7630418226713504e-05,3.1342488391796826,1.7796070520585274,23.004146010283424,27.918001901521635
14620,5.770936400510626e-05,3.131660080459355,1.7821469004057304,23.004885453467928,27.918692434333014
14640,5.778830978349902e-05,3.1312512724458887,1.7823083947042548,23.005851374476155,27.919411041626297
14660,5.786725556189178e-05,3.1313694998097796,1.7821695740019399,23.006893293267463,27.920432367079183
14680,5.7946201340284536e-05,3.1354565978771562,1.7775387418768636,23.007733804095952,27.92072914384997
14700,5.8025147118677295e-05,3.1361798312595877,1.7764976848730465,23.009055587692636,27.921733103825268
14720,5.810409289707005e-05,3.1357428877383406,1.7766627183269452,23.010260560507103,27.922666166572387
14740,5.818303867546281e-05,3.1322304147490123,1.7797557576084055,23.011723438032533,27.92370961038995
14760,5.826198445385557e-05,3.1240006802196705,1.788076336892463,23.012748695677985,27.924825712790117
14780,5.834093023224833e-05,3.1140625965883433,1.7973192777612976,23.01387984452403,27.92526171887367
14800,5.8419876010641086e-05,3.0993607624061115,1.8118798350395606,23.014887260459883,27.926127857905556
14820,5.8498821789033844e-05,3.082225924444955,1.8284344269109265,23.016294868276905,27.926955219632788
14840,5.85777675674266e-05,3.062289206142089,1.8482851720975877,23.017363191515646,27.927937569755322
14860,5.865671334581936e-05,3.0395510892520754,1.8707430497484288,23.01825550636043,27.92854964536093
14880,5.873565912421212e-05,3.0153168668374146,1.8950076912424076,23.019393178917483,27.929717736997304
14900,5.881460490260488e-05,2.9896686854430428,1.9202769078449387,23.020605524518857,27.930551117806836
14920,5.8893550680997635e-05,2.9630030107673644,1.9464003354304371,23.021553798556727,27.93095714475453
14940,5.897249645939039e-05,2.9370247163682386,1.9723663199379122,23.02269553753571,27.93208657384186
14960,5.905144223778315e-05,2.910264234799058,1.998886657645617,23.023716361187727,27.932867253632402
14980,5.913038801617591e-05,2.882391070047717,2.0268189772705885,23.024489806398652,27.93369985371696
15000,5.920933379456867e-05,2.857950344794507,2.0512114090997833,23.025154985251802,27.93431673914609
15020,5.9288279572961426e-05,2.833105576746152,2.075667273598061,23.026145611180176,27.93491846152439
15040,5.9367225351354184e-05,2.808943291887908,2.099734275701519,23.027017639749385,27.93569520733881
15060,5.944617112974694e-05,2.78623334603859,2.122177763688762,23.0278457976091,27.93625690733645
15080,5.95251169081397e-05,2.76246618093611,2.1456890287744037,23.028630320746178,27.936785530456692
15100,5.960406268653246e-05,2.740206810125887,2.167808941502409,23.029383174310766,27.937398925939064
15120,5.968300846492522e-05,2.717881496957257,2.189779082848074,23.030355740328186,27.938016320133517
15140,5.9761954243317975e-05,2.6968976485294336,2.2103444860278962,23.031313792886003,27.938555927443332
15160,5.9840900021710733e-05,2.674949910996138,2.2322621390716786,23.03208078351394,27.939292833581757
15180,5.991984580010349e-05,2.6545466019894954,2.252250676524451,23.033563459502698,27.940360738016643
15200,5.999879157849625e-05,2.633897832742777,2.2725263549673804,23.034794367987416,27.941218555697574
15220,6.007773735688901e-05,2.6137748364573516,2.2924338734652134,23.03587929667496,27.942088006597523
15240,6.0156683135281766e-05,2.5945563371366562,2.3113804999281173,23.037184154950115,27.94312099201489
15260,6.0235628913674524e-05,2.576710098927898,2.328966017128208,23.038637740573783,27.94431385662989
15280,6.031457469206728e-05,2.5582597308748465,2.3466852160171956,23.03976473874717,27.94470968563921
15300,6.039352047046004e-05,2.53962774293045,2.3652510132198836,23.04130372099464,27.946182477144973
15320,6.04724662488528e-05,2.522790971376508,2.3817525024734607,23.04258260571636,27.947126079566328
15340,6.055141202724556e-05,2.5049050813361915,2.3990208160008617,23.043657180628223,27.947583077965277
15360,6.0630357805638315e-05,2.4880349027161297,2.416034371106399,23.045105916241972,27.9491751900645
15380,6.0709303584031074e-05,2.4702703471426646,2.4333891094006477,23.046177215049312,27.949836671592625
15400,6.078824936242383e-05,2.453249631501997,2.4501114196799967,23.04709477893363,27.950455830115622
15420,6.086719514081659e-05,2.4371727412861213,2.46619840922974,23.04850865649765,27.951879807013512
15440,6.094614091920935e-05,2.421075641429595,2.4817657477547517,23.049516785122787,27.952358174307133
15460,6.1025086697602106e-05,2.4052864408591974,2.497376500514938,23.050310793285615,27.95297373465975
15480,6.110403247599486e-05,2.391808172545109,2.5103473208796583,23.05143613650874,27.95359162993351
15500,6.118297825438762e-05,2.377616225516475,2.5244098859994333,23.052668943878782,27.95469505539469
15520,6.126192403278038e-05,2.365206098911899,2.536807625986797,23.053593637959402,27.955607362858096
15540,6.134086981117314e-05,2.353347958779761,2.5480636860660084,23.05469082388136,27.956102468727128
15560,6.14198155895659e-05,2.342767712832218,2.558562216254758,23.055511836135217,27.956841765222194
15580,6.149876136795866e-05,2.332590919943221,2.5684893344027415,23.056265041392496,27.95734529573846
15600,6.157770714635141e-05,2.324168823730126,2.5767289667105815,23.057231761365003,27.958129551805712
15620,6.165665292474417e-05,2.316382644662002,2.584351480591844,23.05813400024415,27.958868125497993
15640,6.173559870313693e-05,2.308005168663966,2.5926461567712527,23.058730236811968,27.959381562247188
15660,6.181454448152969e-05,2.3004873218075668,2.599702403790849,23.05970782052783,27.959897546126246
15680,6.189349025992245e-05,2.293963905554868,2.6063747277925446,23.060581377257446,27.96092001060486
15700,6.19724360383152e-05,2.287388362472976,2.6124588331641228,23.06127531588273,27.961122511519832
15720,6.205138181670796e-05,2.280239607677834,2.6194154728323236,23.06211213712637,27.961767217636528
15740,6.213032759510072e-05,2.2737178396708253,2.625684772254947,23.062832036388972,27.962234648314745
15760,6.220927337349348e-05,2.2683853192021273,2.6308795337158255,23.063513104351586,27.962777957269537
15780,6.228821915188624e-05,2.2624615062021842,2.636699853551919,23.06435911638244,27.963520476136544
15800,6.2367164930279e-05,2.2586458002176855,2.640119779581406,23.065310829506082,27.96407640930517
15820,6.244611070867175e-05,2.2562253744923844,2.6425399803159757,23.066325462232406,27.965090817040767
15840,6.252505648706451e-05,2.252913060526182,2.6451798042127987,23.067730903821026,27.965823768560007
15860,6.260400226545727e-05,2.2498393571640296,2.6480108923046597,23.068748286631216,27.966598536099905
15880,6.268294804385003e-05,2.2467765725114877,2.650938930040732,23.06986521999591,27.96758072254813
15900,6.276189382224279e-05,2.245042841948001,2.651951089646674,23.071382419501877,27.968376351096552
15920,6.284083960063555e-05,2.23899969116486,2.657422202673388,23.07305637644814,27.969478270286388
15940,6.29197853790283e-05,2.233786430354993,2.662269444533268,23.074378286602748,27.97043416149101
15960,6.299873115742106e-05,2.2266793803123037,2.6689671695747794,23.076076554810484,27.971723104697567
15980,6.307767693581382e-05,2.2200155418987855,2.67500683426062,23.07785368166325,27.972876057822653
16000,6.315662271420658e-05,2.2123038919668567,2.6826844872413314,23.079164014472724,27.97415239368091
16020,6.323556849259934e-05,2.205770500435733,2.688662399863,23.08127758621211,27.97571048651084
16040,6.33145142709921e-05,2.1997732721955376,2.693932451744819,23.08271376541285,27.97641948935321
16060,6.339346004938485e-05,2.1939267554879818,2.6995691101723187,23.084119186061116,27.977615051721415
16080,6.347240582777761e-05,2.188279713225789,2.7047989943191735,23.085589201935644,27.978667909480606
16100,6.355135160617037e-05,2.1835246161648714,2.7090913154936502,23.087055181624596,27.979671113283118
16120,6.363029738456313e-05,2.1804480345365223,2.7117787052270725,23.0881561100772,27.980382849840794
16140,6.370924316295589e-05,2.1761473675952865,2.715523275057888,23.089459602403608,27.981130245056782
16160,6.378818894134864e-05,2.1729032504477734,2.7183532419658905,23.090681605333813,27.981938097747477
16180,6.38671347197414e-05,2.170687615037528,2.7201540325562976,23.091698052026754,27.98253969962058
16200,6.394608049813416e-05,2.1694581818730185,2.720773000437697,23.09294785993184,27.983179042242554
16220,6.402502627652692e-05,2.1684381427980437,2.7215347248936275,23.094258965429745,27.984231833121417
16240,6.410397205491968e-05,2.1668099160474603,2.7233446682952716,23.095388023914474,27.985542608257205
16260,6.418291783331243e-05,2.166429897828272,2.7229677275723887,23.096543717866986,27.985941343267648
16280,6.426186361170519e-05,2.164189739137864,2.7249667627094363,23.098159302852082,27.98731580469938
16300,6.434080939009795e-05,2.1638938762408486,2.725069038014342,23.099509436441394,27.988472350696583
16320,6.441975516849071e-05,2.162622256211205,2.7256553375223587,23.101536621748732,27.989814215482298
16340,6.449870094688347e-05,2.1621180607846124,2.724976194756819,23.103686616187357,27.990780871728788
16360,6.457764672527623e-05,2.1608404927105993,2.726508056088251,23.105043604090348,27.9923921528892
16380,6.465659250366898e-05,2.1602870006545176,2.725858157510275,23.10805262930269,27.994197787467485
16400,6.473553828206174e-05,2.158640843980998,2.7271252503837182,23.110302606163007,27.996068700527722
16420,6.48144840604545e-05,2.1561200850019913,2.72920676568694,23.111986832508844,27.997313683197774
16440,6.489342983884726e-05,2.153624697532572,2.730377428365844,23.11478246211545,27.998784588013866
16460,6.497237561724002e-05,2.1505805602992685,2.732900062390419,23.116677258672688,28.000157881362377
16480,6.505132139563277e-05,2.148979529276243,2.733725135403199,23.118140571255502,28.000845235934946
16500,6.513026717402553e-05,2.1474328028341416,2.7342828044808094,23.12104053502331,28.002756142338264
16520,6.520921295241829e-05,2.1458441292029953,2.735422929064713,23.12304506069898,28.004312118966688
16540,6.528815873081105e-05,2.1435183365440196,2.738538217678122,23.1238128960985,28.005869450320642
16560,6.536710450920381e-05,2.141453632121878,2.7395775327237226,23.12647592831839,28.007507093163987
16580,6.544605028759657e-05,2.140831453525668,2.7399328844413136,23.128345449882342,28.009109787849326
16600,6.552499606598932e-05,2.1422797429316596,2.7378200602159755,23.1298387738698,28.009938577017437
16620,6.560394184438208e-05,2.143632210099848,2.735749344026425,23.13139301217153,28.0107745662978
16640,6.568288762277484e-05,2.1451085828093897,2.7342675731295545,23.132669273247046,28.01204542918599
16660,6.57618334011676e-05,2.147697007022949,2.7314958177548654,23.134402197565684,28.013595022343498
16680,6.584077917956036e-05,2.151581119289867,2.7278927900856904,23.134844481094902,28.014318390470457
16700,6.591972495795312e-05,2.1565279840145006,2.7222956560811262,23.135776872401635,28.01460051249726
16720,6.599867073634587e-05,2.161531953042884,2.7168315815551973,23.13876312268144,28.01712665727952
16740,6.607761651473863e-05,2.165540972127639,2.7120047207099525,23.14045543480529,28.018001127642883
16760,6.615656229313139e-05,2.1716857309975333,2.7052960264565074,23.141820299502548,28.018802056956588
16780,6.623550807152415e-05,2.1766362421899155,2.700410443614162,23.142928300396807,28.019974986200886
16800,6.63144538499169e-05,2.1795589342413555,2.6973247801097835,23.144746157438085,28.021629871789223
16820,6.639339962830966e-05,2.184573754194502,2.6919767121804004,23.146166589224105,28.022717055599006
16840,6.647234540670242e-05,2.187699916065201,2.6887102319346483,23.147273389422576,28.023683537422425
16860,6.655129118509518e-05,2.192754838568405,2.683659103551452,23.148546075981233,28.02496001810109
16880,6.663023696348794e-05,2.1971148826323716,2.67897962385408,23.149762115810834,28.025856622297283
16900,6.67091827418807e-05,2.2021068308316822,2.673675640167741,23.150960124969725,28.026742595969147
16920,6.678812852027346e-05,2.2087215651436574,2.6664825696328327,23.15220436480689,28.02740849958338
16940,6.686707429866621e-05,2.2130754780345687,2.6622230052916915,23.15352700713819,28.02882549046445
16960,6.694602007705897e-05,2.2199829303591843,2.654942207751299,23.154471321610956,28.02939645972144
16980,6.702496585545173e-05,2.2262692944028744,2.6480999000589205,23.155949799337353,28.03031899379915
17000,6.710391163384449e-05,2.2329940691145618,2.6408924377205314,23.157293599729638,28.031180106564733
17020,6.718285741223725e-05,2.2390556610526264,2.6348146845633043,23.15850649477017,28.0323768403861
17040,6.726180319063e-05,2.244744171194461,2.6282475936480054,23.16024030862052,28.033232073462987
17060,6.734074896902276e-05,2.250769557024702,2.621997706495919,23.162174230706196,28.034941494226818
17080,6.741969474741552e-05,2.2578306401032355,2.6141813601739496,23.163903713445194,28.03591571372238
17100,6.749864052580828e-05,2.2633106315671077,2.6078986677965164,23.1661022917658,28.037311591129424
17120,6.757758630420104e-05,2.2702235491823037,2.601108968525974,23.168024930819637,28.039357448527916
17140,6.76565320825938e-05,2.2779874806816176,2.5931201503083114,23.169846314298248,28.040953945288177
17160,6.773547786098655e-05,2.2855797922884165,2.584715086885102,23.1721468070557,28.042441686229218
17180,6.781442363937931e-05,2.2924901629094396,2.5775753959322842,23.17334440193098,28.043409960772703
17200,6.789336941777207e-05,2.2977121683286317,2.5717115657307277,23.175402024536098,28.044825758595458
17220,6.797231519616483e-05,2.30422742148503,2.564584530499732,23.177775363756847,28.04658731574161
17240,6.805126097455759e-05,2.3105996753076328,2.558181104711207,23.177989832867933,28.046770612886775
17260,6.813020675295034e-05,2.312931460109863,2.5546936015302992,23.18150507163577,28.04913013327593
17280,6.82091525313431e-05,2.316792908132431,2.549755649800141,23.18431437482996,28.05086293276253
17300,6.828809830973586e-05,2.3208169726450314,2.5451695161209806,23.187904332893368,28.05389082165938
17320,6.836704408812862e-05,2.3222194975288435,2.5434081851162764,23.1901302184617,28.05575790110682
17340,6.844598986652138e-05,2.324340705995703,2.540203208157254,23.193290986819008,28.057834900971965
17360,6.852493564491414e-05,2.3281813060541037,2.5350275127281217,23.196131417742947,28.059340236525173
17380,6.86038814233069e-05,2.329245877615812,2.533209406962894,23.199464475770153,28.061919760348857
17400,6.868282720169965e-05,2.3304751566493236,2.5316038438090835,23.202087584237233,28.06416658469564
17420,6.876177298009241e-05,2.330717956328253,2.5302577551106546,23.20416113333056,28.06513684476947
17440,6.884071875848517e-05,2.330394150564185,2.5300248824521474,23.20603001568029,28.066449048696626
17460,6.891966453687793e-05,2.330709269883949,2.5285367643764527,23.210068365647842,28.069314399908244
17480,6.899861031527069e-05,2.3315333461640226,2.527171244742706,23.21084765188582,28.06955224279255
17500,6.907755609366344e-05,2.3309651460466423,2.5279055722918153,23.211183451530587,28.070054169869046
17520,6.91565018720562e-05,2.330510895406304,2.527782708557834,23.212137455133973,28.070431059098112
17540,6.923544765044896e-05,2.3305762125109766,2.5275204123779527,23.213007851933746,28.071104476822676
17560,6.931439342884172e-05,2.334026188424087,2.5234579046732084,23.21359068575048,28.071074778847773
17580,6.939333920723448e-05,2.3347012749884497,2.522093194511395,23.214566266366628,28.07136073586647
17600,6.947228498562723e-05,2.3376661337143734,2.518698105181955,23.21574851198038,28.072112750876705
17620,6.955123076401999e-05,2.3404340910283556,2.5158435875154996,23.21613912939074,28.072416807934594
17640,6.963017654241275e-05,2.3428064245421236,2.5116384277634825,23.220936378390263,28.075381230695868
17660,6.970912232080551e-05,2.345366667303773,2.5076894714635505,23.229269308242113,28.08232544700944
17680,6.978806809919827e-05,2.347294211714168,2.505698887066802,23.230858651348647,28.083851750129618
17700,6.986701387759103e-05,2.3509974030688086,2.5013729148970936,23.233250893364918,28.08562121133082
17720,6.994595965598378e-05,2.3521024278785916,2.5000201891601,23.23505501792798,28.08717763496667
17740,7.002490543437654e-05,2.351949537900861,2.500297108778059,23.236313852705038,28.08856049938396
17760,7.01038512127693e-05,2.353417465036576,2.4984082851329537,23.237972069138685,28.089797819308217
17780,7.018279699116206e-05,2.353559397191925,2.497798958955076,23.23925001122049,28.090608367367494
17800,7.026174276955482e-05,2.352499805287657,2.498455628612492,23.240465075810874,28.09142050971102
17820,7.034068854794757e-05,2.35147975715129,2.498997468275298,23.241608866151413,28.092086091578
17840,7.041963432634033e-05,2.3500542718098862,2.500390285253716,23.24316804005526,28.093612597118863
17860,7.049858010473309e-05,2.348865582558325,2.50095407371888,23.244289527026208,28.094109183303413
17880,7.057752588312585e-05,2.3460437761809483,2.5033761189615458,23.245406461169352,28.09482635631185
17900,7.065647166151861e-05,2.3446181680912908,2.5045745221824136,23.24685941944417,28.096052109717874
17920,7.073541743991137e-05,2.3428862390825183,2.506223784272013,23.248041047806375,28.097151071160905
17940,7.081436321830412e-05,2.3402117379930356,2.5086282347598283,23.249210153890402,28.098050126643265
17960,7.089330899669688e-05,2.3384744623233944,2.510014071438274,23.250489125156072,28.09897765891774
17980,7.097225477508964e-05,2.3345144171297685,2.51361567735444,23.251661126793444,28.099791221277652
18000,7.10512005534824e-05,2.331151643685055,2.516754075570074,23.252883714809037,28.10078943406417
18020,7.113014633187516e-05,2.327144622318487,2.520397125388781,23.254145635084104,28.101687382791372
18040,7.120909211026792e-05,2.322072181942395,2.5253381954682537,23.255080617011757,28.102490994422404
18060,7.128803788866067e-05,2.3173530984307713,2.5297658298703616,23.256340584954877,28.10345951325601
18080,7.136698366705343e-05,2.3112424549137085,2.5356766687138146,23.25724911786599,28.10416824149351
18100,7.144592944544619e-05,2.3060676041958015,2.5404178915776154,23.25854420548708,28.1050297012605
18120,7.152487522383895e-05,2.298774991392105,2.5478193992814795,23.259811150148373,28.106405540821957
18140,7.16038210022317e-05,2.2942616427234777,2.5521042856842633,23.260837055232752,28.10720298364049
18160,7.168276678062446e-05,2.287472196872456,2.558576774772934,23.261892214037207,28.1079411856826
18180,7.176171255901722e-05,2.280824488915837,2.5652395502062135,23.26299400751307,28.10905804663512
18200,7.184065833740998e-05,2.2735948263836807,2.5720718035573173,23.26388822056884,28.109554850509838
18220,7.191960411580274e-05,2.2681167495558126,2.5771270158618678,23.264681317778983,28.109925083196664
18240,7.19985498941955e-05,2.2599539448069463,2.585502947265595,23.2656252660708,28.11108215814334
18260,7.207749567258826e-05,2.2534435991895725,2.592100156351624,23.26667331529062,28.112217070831818
18280,7.215644145098101e-05,2.2460472208016373,2.5991567145290047,23.26748934493601,28.11269328026665
18300,7.223538722937377e-05,2.2373916775292066,2.607843691373681,23.26836690338651,28.1136022722894
18320,7.231433300776653e-05,2.229095026285189,2.615838027247063,23.269271999235894,28.114205052768146
18340,7.239327878615929e-05,2.2191782294927496,2.6257011746143015,23.270027826057312,28.114907230164363
18360,7.247222456455205e-05,2.209285224002673,2.6352723994936738,23.270957417248418,28.115515040744764
18380,7.25511703429448e-05,2.1974886235325863,2.6468745241004465,23.271962162921575,28.116325310554608
18400,7.263011612133756e-05,2.1850835957759918,2.659121112551872,23.272822389185574,28.117027097513436
18420,7.270906189973032e-05,2.172792334054508,2.670912642349442,23.273858109865845,28.117563086269797
18440,7.278800767812308e-05,2.1563351727560116,2.6873171555504656,23.27461053178832,28.118262860094795
18460,7.286695345651584e-05,2.140228339482995,2.7034571535754472,23.275598371499623,28.119283864558064
18480,7.29458992349086e-05,2.122517227036627,2.720709370280941,23.27662891704497,28.119855514362538
18500,7.302484501330135e-05,2.103342566162807,2.73968175969984,23.277739374547505,28.12076370041015
18520,7.310379079169411e-05,2.0827679550372746,2.7603387195142597,23.278474015432,28.121580689983535
18540,7.318273657008687e-05,2.0618029971671827,2.781075073397801,23.279575591982503,28.122453662547485
18560,7.326168234847963e-05,2.038661642755241,2.804125909552514,23.280420461787603,28.123208014095358
18580,7.334062812687239e-05,2.015442679455211,2.8269704005625376,23.281388371527893,28.123801451545642
18600,7.341957390526514e-05,1.9924143800975485,2.849761610608318,23.282520763342777,28.124696754048642
18620,7.34985196836579e-05,1.9687707019625278,2.873052640848754,23.283450045193412,28.125273388004693
18640,7.357746546205066e-05,1.9457317652631365,2.8957756743904013,23.284259109257533,28.12576654891107
18660,7.365641124044342e-05,1.922045653346678,2.919459969816416,23.285225547362504,28.1267311705256
18680,7.373535701883618e-05,1.8992514207834958,2.94203314303257,23.286244963205725,28.127529527021792
18700,7.381430279722894e-05,1.8758813604601037,2.9649712816472187,23.287217684629027,28.12807032673635
18720,7.38932485756217e-05,1.854378653131135,2.986289195895571,23.288287525824437,28.128955374851145
18740,7.397219435401445e-05,1.8329409512621981,3.0072464882797343,23.289277036656156,28.129464476198088
18760,7.405114013240721e-05,1.8105003105861375,3.0297605306965716,23.29027224014662,28.13053308142933
18780,7.413008591079997e-05,1.7897526457484223,3.050177445141737,23.29107788979064,28.1310079806808
18800,7.420903168919273e-05,1.7683263366914188,3.071344422116515,23.2922313601202,28.131902118928135
18820,7.428797746758549e-05,1.749489223623237,3.09016362392716,23.293078750410956,28.132731597961353
18840,7.436692324597824e-05,1.7301643119055425,3.109120962520078,23.29406288277976,28.13334815720538
18860,7.4445869024371e-05,1.7101519892955424,3.12909950779454,23.295106825488006,28.134358322578088
18880,7.452481480276376e-05,1.6915992944987077,3.1471215481826067,23.29587577604281,28.134596618724125
18900,7.460376058115652e-05,1.6730223017700712,3.166146334888694,23.296768671574657,28.135937308233423
18920,7.468270635954928e-05,1.6548775262721107,3.183607778087979,23.29763567935976,28.13612098371985
18940,7.476165213794203e-05,1.6373831434641533,3.2009522555249945,23.29841175311784,28.136747152106988
18960,7.484059791633479e-05,1.6203008714266927,3.2177896121346823,23.29931261994097,28.137403103502344
18980,7.491954369472755e-05,1.6056302055130496,3.2319688476063244,23.300108278628606,28.13770733174798
19000,7.499848947312031e-05,1.5911862874599634,3.246841648644266,23.301041524447495,28.139069460551724
