accepted_step,attempt,load_factor,opening,reaction_force,maximum_damage,connected_crack_front_x,mechanics_iterations,mechanics_residual,damage_iterations,staggered_iterations,damage_increment,projected_damage_residual,cutbacks_so_far,wall_seconds,mean_damage_material_1,mean_damage_weak_midline,mean_damage_material_2
1,1,0.008333333333333333,0.0025,0.5533917988858841,1.0,1.5,1,2.471965849654138e-14,40,27,9.201172787132172e-06,4.4305694903677695e-08,0,4.582337832998746,0.00034458098276918844,0.08277310424551054,0.00015293880791718964
2,2,0.016666666666666666,0.005,0.5072992447672328,1.0,1.5,1,5.649702052211171e-14,20,43,8.543476709199638e-06,5.2823389733516746e-08,0,6.227193708999039,0.00036658509550023733,0.08474929164333846,0.00015356830421929153
3,3,0.025,0.0075,0.42358038032697987,1.0,1.5,1,8.74464524482703e-14,20,42,8.60775324618146e-06,5.2983325747602006e-08,0,5.83590733300116,0.00038513152980939,0.08640634846181765,0.00015672171426264742
4,4,0.03333333333333333,0.01,0.3713054357546079,1.0,1.5,1,1.306582321633013e-13,20,42,9.743426096053831e-06,6.462357398685781e-08,0,5.9206174579994695,0.00040149380021105497,0.08781257472850873,0.0001694173985741829
5,5,0.041666666666666664,0.012499999999999999,0.33881415497503076,1.0,1.5,1,1.570155458274593e-13,10,42,9.866764148602769e-06,6.51286633738396e-08,0,5.812644249999721,0.0004168226455306757,0.08903489169143729,0.00020327475437920126
6,6,0.05,0.015,0.32233662230700105,1.0,1.5,1,2.046163993901864e-13,10,41,9.47889343416719e-06,6.43214134333353e-08,0,5.297800750000533,0.00043210435449029676,0.09008531563165467,0.0002682879986903697
7,7,0.058333333333333334,0.017499999999999998,0.3189432474596542,1.0,1.5,1,2.3943771984735074e-13,10,37,8.520103638165466e-06,5.614817250726434e-08,0,4.772635082999841,0.00044812191679725736,0.09098179342658079,0.0003669430492880106
8,8,0.06666666666666667,0.02,0.3251654360677777,1.0,1.5,1,3.2446671037569644e-13,10,33,9.43043843948388e-06,6.30973285148384e-08,0,4.323163375000149,0.00046556663050488896,0.09176208653950015,0.0004956593445671929
9,9,0.075,0.0225,0.3377855110091509,1.0,1.5,1,3.254849540229653e-13,10,29,9.849527874306041e-06,7.037797052598938e-08,0,3.6253258750002715,0.00048487999089693635,0.09246886048261348,0.0006498879242782804
10,10,0.08333333333333333,0.024999999999999998,0.35452356223910575,1.0,1.5,1,3.4054574101122515e-13,10,27,9.192237961253014e-06,6.502182967917103e-08,0,3.457967042000746,0.0005063393508745242,0.0931364254001594,0.0008261160209981162
11,11,0.09166666666666666,0.027499999999999997,0.37387435048761036,1.0,1.5,1,3.7924171027655087e-13,10,25,9.052306278345412e-06,6.457623332595253e-08,0,2.884716958998979,0.0005299643310949154,0.09378773382720505,0.001022029945828315
12,12,0.1,0.03,0.39486551126805236,1.0,1.5,1,4.36710312875025e-13,10,23,9.1098232473108e-06,6.749993143075061e-08,0,2.663210083001104,0.000555771916521628,0.09443759353456531,0.00123614908727024
13,13,0.10833333333333334,0.0325,0.41686719982612574,1.0,1.5,1,4.945245778606552e-13,10,22,7.805346782685518e-06,5.379918191321387e-08,0,2.3562138750003214,0.0005837118953551905,0.09509574514944621,0.0014674046366377844
14,14,0.11666666666666667,0.034999999999999996,0.43945541906912783,1.0,1.5,1,5.562004761279795e-13,10,21,7.672895619537101e-06,5.575692913276087e-08,0,2.340355582999109,0.0006136520415947529,0.09576846760998592,0.0017148655426822805
15,15,0.125,0.0375,0.4623317616799028,1.0,1.5,1,5.801044460256976e-13,10,19,9.67012949848467e-06,6.98777536303069e-08,0,2.108667833999789,0.0006455432021589263,0.09646039182647882,0.001977721256982277
16,16,0.13333333333333333,0.04,0.4852652658573392,1.0,1.5,1,6.317895309286856e-13,10,18,9.33697833316316e-06,7.378705014007836e-08,0,2.14193033400079,0.0006793383271067246,0.09717596092916642,0.0022552463335297535
17,17,0.14166666666666666,0.042499999999999996,0.5080784782274869,1.0,1.5,1,6.18267209958402e-13,10,18,7.251609378755575e-06,5.137079532591127e-08,0,2.0483260829987557,0.0007149961713680512,0.09791844880037422,0.0025467790774321925
18,18,0.15,0.045,0.5306250543587661,1.0,1.5,1,6.90505928569309e-13,10,17,8.323704767110307e-06,6.376851062819822e-08,0,1.9729321249997156,0.0007523791663300532,0.09868976962818772,0.0028516754078369835
19,19,0.15833333333333333,0.047499999999999994,0.5527761897679547,1.0,1.5,1,7.168024232128417e-13,10,16,9.669787993438206e-06,8.065736599102702e-08,0,1.7203318329993635,0.0007913713970937408,0.09949152202808145,0.0031694282945463003
20,20,0.16666666666666666,0.049999999999999996,0.5744075641777051,1.0,1.5,1,7.022376149312872e-13,10,16,8.033485487390912e-06,6.256023999881566e-08,0,1.6341972919999534,0.0008318731149092749,0.1003253901190429,0.0034996197415259386
21,21,0.175,0.0525,0.595408246435652,1.0,1.5,1,7.345259417575159e-13,10,16,7.219336429997725e-06,5.181513212937361e-08,0,1.8529796669990901,0.0008737808594474716,0.10119268943130058,0.003841743943673167
22,22,0.18333333333333332,0.05499999999999999,0.6156669127711139,1.0,1.5,1,7.929950378024708e-13,10,16,7.133916329560286e-06,4.8959689722544164e-08,0,1.7977804590009328,0.0009169750701265522,0.10209511376106534,0.004195362311152285
23,23,0.19166666666666665,0.057499999999999996,0.6350734138401555,1.0,1.5,1,8.708310333287051e-13,10,16,8.605794389771049e-06,5.567113577076288e-08,0,1.703026167000644,0.000961322928670805,0.10303349577074072,0.004560108182407945
24,24,0.2,0.06,0.6535088167710217,1.0,1.5,1,9.262615076977822e-13,10,17,8.13876208471953e-06,4.483371921631951e-08,0,1.783319041998766,0.0010066720599821906,0.10400909692414215,0.0049357345452280005
25,25,0.20833333333333334,0.0625,0.6708420411685755,1.0,1.5,1,9.061355811002471e-13,10,18,8.82725541195839e-06,4.080413161869356e-08,0,1.9287019160001364,0.0010528507745965424,0.10502357542836882,0.005321998651266455
26,26,0.21666666666666667,0.065,0.6869159724761715,1.0,1.5,1,9.772802802526274e-13,10,20,7.767931700985997e-06,2.9778168628841195e-08,0,2.188428124998609,0.0010996499381808384,0.10607888429931624,0.005718994362049958
27,27,0.225,0.0675,0.7015076226978421,1.0,1.5,1,1.0431356013579828e-12,10,22,8.372640236786744e-06,2.6161137221814013e-08,0,2.399428999999145,0.0011468092694670877,0.10717881612054907,0.006127123254388212
28,28,0.23333333333333334,0.06999999999999999,0.7143460322101634,1.0,1.5,1,1.166538670415136e-12,10,26,9.084947365400886e-06,2.003374549586212e-08,0,2.7797357920007926,0.0011939976152344572,0.10832726696171863,0.006547561625279616
29,29,0.24166666666666667,0.0725,0.7250085370816229,1.0,1.5,1,1.1582241841766366e-12,10,35,9.925665861221233e-06,3.618818109583921e-08,0,3.600220291000369,0.0012407653973463522,0.10953081026639838,0.006982782253867692
30,30,0.25,0.075,0.7323661421008307,1.0,1.5,1,1.1532907849288148e-12,2,78,9.936239969698946e-06,5.1665056475863266e-08,0,12.791105708000032,0.001286278108279112,0.11081007146635949,0.0074386116577324505
31,31,0.2583333333333333,0.07749999999999999,0.702775994192576,1.0,1.5374999999999999,1,1.2639203694506379e-12,2,325,6.302673721814145e-07,1.9994910733329638e-07,0,35.63877033300014,0.0013380314460672818,0.11342691258810385,0.008070979896506288
32,32,0.26666666666666666,0.08,0.5943246583190243,1.0,1.575,1,1.2370385992612582e-12,1,163,6.724967358540113e-07,2.1068534829596364e-07,0,20.806073791000017,0.0014745012050007467,0.1181139916705261,0.008526983057241914
33,33,0.275,0.0825,0.5610176944623879,1.0,1.6125,1,1.349705093110291e-12,2,135,9.717079549553809e-06,5.084844957561934e-08,0,14.935870749999594,0.0015551350510203603,0.11979643569062316,0.00880214278088311
34,34,0.2833333333333333,0.08499999999999999,0.5573342922712226,1.0,1.6125,1,1.3955919434292583e-12,1,61,7.405843534757928e-06,1.857959288836049e-07,0,7.083451500000592,0.0016041928139892273,0.12046444248163396,0.008992304067816174
35,35,0.2916666666666667,0.08750000000000001,0.5568253278026112,1.0,1.6125,1,1.423430248528836e-12,2,62,9.79097739295387e-06,5.0330456045910577e-08,0,6.483243207998385,0.001651460025566112,0.12101974700964929,0.009194412686429877
36,36,0.3,0.09,0.5521783732579221,1.0,1.65,1,1.4466896107761295e-12,2,116,9.98549693953521e-06,5.7522441231277544e-08,0,11.483933417001026,0.0017055840215010412,0.12168628913958489,0.009442010710577427
37,37,0.30833333333333335,0.0925,0.5490393888290118,1.0,1.65,1,1.4789046436007674e-12,1,70,3.5523711747753595e-06,1.447184035433636e-07,0,8.089395708000666,0.0017595081519982622,0.12227716565531437,0.009697684806237167
38,38,0.31666666666666665,0.09499999999999999,0.5517367309920698,1.0,1.65,1,1.5064656042764592e-12,1,52,9.682362876350936e-06,2.3910768981936484e-07,0,5.426095875000101,0.0018057037263635393,0.12270666387623155,0.00996330427258054
39,39,0.325,0.0975,0.555222339997381,1.0,1.65,1,1.5173041160823685e-12,1,46,1.8768970889704306e-06,5.953448134320832e-07,0,5.274045541000305,0.0018513170931016244,0.12312830885886769,0.010261415223129516
40,40,0.3333333333333333,0.09999999999999999,0.5554093169460855,1.0,1.6875,1,1.5460657221969754e-12,1,79,9.653605573700652e-06,2.864201288385555e-07,0,8.095746832999794,0.0019029235970109582,0.12364552985841694,0.010600021985128265
41,41,0.3416666666666667,0.1025,0.5558410238452784,1.0,1.6875,1,1.5180568597935647e-12,10,64,9.427875115042283e-06,6.598176729294414e-08,0,7.250881957999809,0.0019561159131804852,0.12414281410526622,0.010952707740758072
42,42,0.35,0.105,0.5589768339678414,1.0,1.6875,1,1.680815804705562e-12,2,53,6.766808599567575e-06,2.5832537470238393e-08,0,5.383868582999639,0.0020059727708216027,0.12455583813366704,0.011297732356854079
43,43,0.35833333333333334,0.1075,0.5627613276380592,1.0,1.6875,1,1.738315591678441e-12,1,48,2.3619141509279018e-07,4.0813778303186443e-07,0,5.303190041999187,0.002055739241126498,0.12495289506589587,0.011650173307681397
44,44,0.36666666666666664,0.10999999999999999,0.565046125326023,1.0,1.7249999999999999,1,1.8150599410001395e-12,2,70,8.410635924160914e-06,4.211569908758265e-08,0,6.979605292000997,0.0021095905488553667,0.1253992016743424,0.012032256308300971
45,45,0.375,0.11249999999999999,0.5663087388163022,1.0,1.7249999999999999,1,1.917652237148821e-12,1,64,9.134648746744745e-06,2.0819244906999457e-07,0,6.2902103750002425,0.002166136090189013,0.12587953116705558,0.012437790983786183
46,46,0.3833333333333333,0.11499999999999999,0.5690686338616644,1.0,1.7249999999999999,1,1.9707390929207137e-12,1,40,7.726516689454677e-06,9.109029858109241e-07,0,4.554145416999745,0.002223218987049487,0.12639542272502058,0.012844384031749118
47,47,0.39166666666666666,0.1175,0.5727904807916284,1.0,1.7249999999999999,1,1.929043898508014e-12,1,53,9.493371620483693e-06,3.338604225336893e-07,0,5.457107750000432,0.0022817442198951442,0.12697278900237405,0.01324980713384879
48,48,0.4,0.12,0.5765168811774894,1.0,1.7249999999999999,1,1.99766335752365e-12,2,38,7.29035001667544e-06,1.0194528481536139e-06,0,4.145912542000588,0.002339562629482435,0.12759091162017083,0.013679202702844144
49,49,0.4083333333333333,0.1225,0.5771688250939306,1.0,1.7625,1,2.0329576911840505e-12,1,167,9.663395439174494e-06,2.7327518846786774e-07,0,14.014746417000424,0.0023997790444826844,0.12830164316209933,0.014214171982239688
50,50,0.4166666666666667,0.125,0.5716976175660694,1.0,1.7625,1,2.2181974420970047e-12,1,119,9.723855719623309e-06,3.3880974424022937e-07,0,12.140315709000788,0.0024719531910788795,0.12911074124093866,0.014942010062758724
51,51,0.425,0.1275,0.573423452024537,1.0,1.7625,1,2.2139746481085525e-12,1,79,9.92698909196843e-06,3.2036898478421155e-07,0,7.410220208999817,0.00252949135561083,0.1298057792588947,0.01545134478169659
52,52,0.43333333333333335,0.13,0.5760871828025006,1.0,1.7625,1,2.2801020178103613e-12,1,33,6.962176946068155e-09,6.114799099210186e-07,0,4.370681624999634,0.002584120589027056,0.1305515093394477,0.01589272727487047
53,53,0.44166666666666665,0.13249999999999998,0.5344572124484224,1.0,1.7625,1,2.354015095662247e-12,2,166,9.057271175061388e-06,6.924013809172722e-07,0,62.36951233400032,0.0028602373745809603,0.13575353343463734,0.016018035572567937
54,54,0.45,0.135,0.541250000405416,1.0,1.7625,1,2.296519967132858e-12,3,30,2.6728195970937563e-06,7.440525390048358e-07,0,3.7377212080009485,0.0028972613832001547,0.136061371336784,0.016032008130938826
55,55,0.4583333333333333,0.13749999999999998,0.5482044498213643,1.0,1.7625,1,2.3866846652527884e-12,1,60,8.638294346496878e-06,2.632233954459346e-07,0,5.6286481249990175,0.002934082198364254,0.13635968271467797,0.01604861193456912
56,56,0.4666666666666667,0.13999999999999999,0.55490658128399,1.0,1.7625,1,2.339582591779286e-12,2,64,5.589361636637591e-06,8.865253952848595e-07,0,6.0509827910009335,0.0029715593904751703,0.13669577102843483,0.01607118281982779
57,57,0.475,0.1425,0.5605313707140771,1.0,1.7625,1,2.446617985665161e-12,1,66,9.843853284730031e-06,4.95985006859431e-07,0,6.392320832999758,0.003016409960746414,0.13711801912768654,0.016103667026211677
58,58,0.48333333333333334,0.145,0.5668122810460876,1.0,1.7625,1,2.484741295623894e-12,1,48,7.677834881869572e-06,5.052451650816863e-07,0,5.106676749999679,0.003058521902547231,0.13747629919289894,0.016139108804366777
59,59,0.49166666666666664,0.1475,0.5735815707991534,1.0,1.7625,1,2.4492214557455266e-12,1,40,4.0645391807814235e-07,4.829211337963545e-07,0,4.044269792000705,0.0030984991302852607,0.1377900253893554,0.016180355877928224
60,60,0.5,0.15,0.5803870265933047,1.0,1.7625,1,2.5228332722428817e-12,1,38,4.566470619082885e-06,6.506226703545566e-07,0,3.9556952080001793,0.003142145365516467,0.13808824503830644,0.016230907184912435
61,61,0.5083333333333333,0.1525,0.585689263852326,1.0,1.7625,1,2.5927491985189846e-12,1,39,1.568937831764039e-06,8.19386583539479e-07,0,3.6656686249989434,0.0031996682699399074,0.1384399401976409,0.016313628596474273
62,62,0.5166666666666666,0.15499999999999997,0.5895184518273429,1.0,1.7625,1,2.802975388773389e-12,1,50,9.16646799264953e-06,7.151209962374255e-07,0,5.190479999999297,0.0032598925951487106,0.1388711784600587,0.016439200620471002
63,63,0.525,0.1575,0.5922658543110723,1.0,1.7625,1,2.8194920479399896e-12,1,51,1.8653364602938538e-06,1.0381337899323384e-06,0,5.077234291000423,0.0033216915997962863,0.13936252575844163,0.016609550215034876
64,64,0.5333333333333333,0.16,0.5943940191121716,1.0,1.7999999999999998,1,2.7522170175048135e-12,1,66,9.560082673276682e-07,3.1966804339353394e-07,0,5.863287833000868,0.003383136846283821,0.13986433996124745,0.016832485836165086
65,65,0.5416666666666666,0.16249999999999998,0.5848578075107803,1.0,1.7999999999999998,0,5.2968174361880404e-12,1,123,1.198152688175469e-12,1.3631085063331438e-06,0,14.869680249999874,0.0034575233246827122,0.1406740702759643,0.017561075838197913
66,66,0.55,0.165,0.5860780431439877,1.0,1.7999999999999998,1,2.7726712107557516e-12,1,97,9.768687471045645e-06,4.109527740725331e-07,0,8.091594125000483,0.003517338000624215,0.1411378240768148,0.017941027222302192
67,67,0.5583333333333333,0.1675,0.5882864265866095,1.0,1.7999999999999998,1,2.9520352289759334e-12,1,50,9.264140470255366e-06,4.488882744925417e-07,0,4.874440624998897,0.0035768597295122878,0.14158008374786055,0.01829061803261413
68,68,0.5666666666666667,0.16999999999999998,0.5906221487037696,1.0,1.7999999999999998,1,2.844979360337641e-12,1,58,9.782245173672877e-06,4.733833785796899e-07,0,5.144228375000239,0.003637890870796039,0.14201749240669773,0.018652810024729804
69,69,0.575,0.1725,0.5928969634347168,1.0,1.8375,1,2.8276505268190637e-12,1,92,9.633052818758259e-06,3.4805649455052403e-07,0,7.722460124999998,0.0037007687768014614,0.14245913571477148,0.019019738147659823
70,70,0.5833333333333334,0.17500000000000002,0.5949993146657782,1.0,1.8375,1,2.849717572468838e-12,1,71,9.748763643679936e-06,5.150098000493398e-07,0,6.228418334001617,0.0037648291219536095,0.14290234321143602,0.019381273850901947
71,71,0.5916666666666667,0.1775,0.5967264304073824,1.0,1.8375,1,2.968896534708143e-12,1,49,6.2340545122774316e-06,9.845263780886482e-07,0,4.770256167001207,0.0038301558464794157,0.14335628388054011,0.019743939493818835
72,72,0.6,0.18,0.5980178695433769,1.0,1.8375,1,3.06092315149861e-12,1,43,2.9787448629914337e-07,1.181581423688303e-06,0,4.110404999999446,0.0038962162213951866,0.14381755988423783,0.020152142590973036
73,73,0.6083333333333333,0.18249999999999997,0.5989751249068973,1.0,1.8375,1,3.0906105319703128e-12,1,41,1.124610815583793e-08,1.0627258166390208e-06,0,4.400540500000716,0.003962598479954,0.14430972034917375,0.020606060795538117
74,74,0.6166666666666667,0.185,0.5995673987007972,1.0,1.8375,0,5.194908378341001e-10,1,101,1.1582679260158102e-10,9.744653977506595e-07,0,13.302836292001302,0.0040320162879036855,0.14488908482477686,0.021057813696919093
75,75,0.625,0.1875,0.59909908743519,1.0,1.8375,1,3.1209837011126484e-12,1,60,7.565406605514191e-06,8.173158607672993e-07,0,5.600187665999329,0.004102233021738731,0.14548689246076288,0.021554735650293293
76,76,0.6333333333333333,0.18999999999999997,0.5961385323739923,1.0,1.875,1,3.136918210983087e-12,13,114,6.9926416095267285e-06,1.7872173125772772e-06,0,13.116283666999152,0.004177677318609986,0.14610300347158522,0.022327140177956353
77,77,0.6416666666666666,0.19249999999999998,0.5956129482486011,1.0,1.875,1,2.9953864949889263e-12,1,45,7.293847809064502e-06,2.8765046558298923e-06,0,6.445241209001324,0.004244235791163588,0.14663459995900194,0.022990562534345293
78,78,0.65,0.195,0.596049475670907,1.0,1.875,1,3.1760343944570917e-12,1,53,2.1223410695547784e-08,1.6471786964582583e-06,0,6.115897749999931,0.004309715834087228,0.1471719341754491,0.02361560763483519
79,79,0.6583333333333333,0.19749999999999998,0.5974668706271511,1.0,1.875,1,3.114811799116131e-12,1,125,2.7821658824533912e-06,1.1934947025931536e-06,0,11.7766067499997,0.004381908018977116,0.14784471242431524,0.024084563467039383
80,80,0.6666666666666666,0.19999999999999998,0.5988073203387128,1.0,1.875,1,3.08348750493577e-12,1,94,9.146128680859178e-06,1.1845012437318447e-06,0,9.057770625000558,0.0044503519988202825,0.14845529196349191,0.024607014044050867
81,81,0.675,0.2025,0.5995159888042496,1.0,1.875,1,3.23261327949755e-12,1,50,3.941506644178361e-06,1.886553577310282e-06,0,4.584158208999725,0.004515168754564138,0.14900914939926682,0.025225653541161314
82,82,0.6833333333333333,0.205,0.5981396370088243,1.0,1.875,1,3.3465957332809187e-12,4,70,6.897134218530887e-06,1.8930986992789917e-06,0,7.190534208000827,0.00458735289289316,0.14965513875506806,0.026054647613557816
83,83,0.6916666666666667,0.2075,0.5955553569913274,1.0,1.9124999999999999,1,3.417538847698526e-12,1,149,9.988816395356537e-06,3.510622167056344e-07,0,12.915413707998596,0.004666693864875459,0.1503511368707335,0.027104306557265912
84,84,0.7,0.21,0.5958613761271063,1.0,1.9124999999999999,1,3.5593378501067237e-12,1,209,5.528766301443611e-07,7.140161951428223e-07,0,16.170580333000544,0.004737242833791961,0.15097612521941375,0.027892507003751732
85,85,0.7083333333333334,0.2125,0.5970008593893656,1.0,1.9124999999999999,1,3.753215194334971e-12,1,104,7.262385298245633e-06,6.562508747800719e-07,0,8.897172290999151,0.00480315953118583,0.15154244099934513,0.02862850606343865
86,86,0.7166666666666667,0.215,0.598583822428311,1.0,1.9124999999999999,1,3.56963316760119e-12,1,133,5.633505521629445e-06,1.9632509060084347e-06,0,11.375495541999044,0.0048722215591420846,0.1521840492669233,0.029354350712242464
87,87,0.725,0.2175,0.6005492831414638,1.0,1.9124999999999999,1,3.538910558242415e-12,1,146,4.888197802088712e-08,1.7000964278625352e-06,0,12.411774458001673,0.004945697002986931,0.15289802492358875,0.03012731504305342
88,88,0.7333333333333333,0.21999999999999997,0.6021680513510502,1.0,1.9124999999999999,1,3.5611557433609e-12,1,100,6.4646917089516975e-06,1.4687257690968597e-06,0,8.511208375000933,0.005010382281148432,0.15344584916717513,0.03094876102435099
89,89,0.7416666666666667,0.2225,0.6040267484601519,1.0,1.9124999999999999,1,3.9174866355614285e-12,2,154,9.12254080331909e-06,2.2550303851644887e-06,0,13.702393125000526,0.005083744646685527,0.15414095039056178,0.031896782577907505
90,90,0.75,0.22499999999999998,0.6059479667399242,1.0,1.9124999999999999,1,3.8610382652293225e-12,1,128,4.0368457754347276e-06,1.4049896494873482e-06,0,11.148899957999674,0.005157195554100271,0.15481408442794609,0.03292059325834493
91,91,0.7583333333333333,0.22749999999999998,0.6069810384313153,1.0,1.9124999999999999,1,3.806348018127352e-12,2,60,9.956527823207217e-06,2.113362450779227e-06,0,5.810399624999263,0.00522044078476711,0.15532180225746864,0.03390954318296935
92,92,0.7666666666666666,0.22999999999999998,0.6063879086943166,1.0,1.9124999999999999,1,3.668491739818838e-12,9,79,7.157841741212145e-06,1.7079553553219677e-06,0,10.50846779099993,0.005290105913814686,0.15592209382996558,0.035174638114701354
93,93,0.775,0.23249999999999998,0.6041333804043969,1.0,1.95,1,3.97993523743824e-12,1,58,2.227142914534852e-09,4.323647900348476e-06,0,8.681622833000802,0.005370285409227287,0.15659422276568302,0.03680330664434551
94,94,0.7833333333333333,0.235,0.6029594278437137,1.0,1.95,1,4.077410319216243e-12,1,79,3.013902305282201e-06,5.000546445485283e-07,0,9.7174398749994,0.005442010448832206,0.15716242331027966,0.03825304091183539
95,95,0.7916666666666666,0.2375,0.6038266152729367,1.0,1.95,1,3.854427344712778e-12,1,44,4.164065031786457e-06,2.182743439554588e-06,0,6.194925333000356,0.00550426770067944,0.1576188885826899,0.03949858997200687
96,96,0.8,0.24,0.6054737499424375,1.0,1.95,1,4.308344943938823e-12,1,187,1.9762766000352983e-06,8.86609071435937e-07,0,16.9898885420007,0.0055696835138066714,0.15815738186703035,0.040862434077006335
97,97,0.8083333333333333,0.2425,0.6073036305721832,1.0,1.95,1,4.261193229532386e-12,1,128,8.90540858833333e-08,2.6484142129738764e-06,0,13.941432707999411,0.005639233911095747,0.15876022271941953,0.042433466841444646
98,98,0.8166666666666667,0.245,0.6090426624162427,1.0,1.95,1,4.278694428240636e-12,2,106,8.348484021536429e-06,1.8706748569097828e-06,0,11.0156418330007,0.005701598903336401,0.15922770318249024,0.043833207981510115
99,99,0.825,0.24749999999999997,0.6106265338245493,1.0,1.95,1,4.1685595866362444e-12,1,52,3.2038041900550596e-06,2.2523236176859307e-06,0,4.918824541999129,0.005762075638261045,0.15963673387529606,0.045152510802668924
100,100,0.8333333333333334,0.25,0.6114850222250194,1.0,1.95,1,4.249273181126579e-12,1,52,1.5261165664526288e-08,3.182609690784849e-06,0,5.276689958000134,0.005826843457011181,0.16010687758613096,0.0468109323556636
101,101,0.8416666666666667,0.2525,0.6108237567875826,1.0,1.95,1,4.324769412083111e-12,9,79,5.419455873623136e-06,2.0727122028360025e-06,0,12.095806334000372,0.005897108441475551,0.1606567542749377,0.04877569837688547
102,102,0.85,0.255,0.6063069754615376,1.0,1.9874999999999998,1,4.363023260941581e-12,1,275,3.492212212741208e-07,1.0087276483349656e-06,0,27.50792625000031,0.005981794690957191,0.1612249012297744,0.05123476978916281
103,103,0.8583333333333333,0.25749999999999995,0.6070329589101835,1.0,1.9874999999999998,0,3.942705156244482e-11,1,39,6.860290113763767e-12,2.514146057591704e-06,0,4.167666375000408,0.0060390419510717155,0.1615865180608487,0.05269351138136202
104,104,0.8666666666666667,0.26,0.6081807029500733,1.0,1.9874999999999998,1,4.4497830213973455e-12,1,40,6.4329497008186465e-06,1.7522826269598599e-06,0,4.798025124999185,0.006099658852268678,0.161962426075216,0.054353156917562345
105,105,0.875,0.2625,0.6100291620859952,1.0,1.9874999999999998,0,4.205851335737439e-10,1,29,1.1435341562560097e-10,4.040927125816517e-06,0,4.582452499998908,0.00615413650521674,0.1622814593352192,0.05577430822257198
106,106,0.8833333333333333,0.26499999999999996,0.6114837480623468,1.0,1.9874999999999998,1,4.607797193624043e-12,1,56,3.322646602299528e-10,2.810954778784472e-06,0,7.254809750000277,0.006213518311016875,0.16265830563620118,0.05751556442634966
107,107,0.8916666666666666,0.26749999999999996,0.6128934921592164,1.0,1.9874999999999998,1,4.826906023135322e-12,1,82,7.698665038802233e-10,3.61251529724764e-06,0,11.479302833000474,0.00628054778029924,0.1631192723151224,0.05978296058586423
108,108,0.9,0.27,0.6139925015940074,1.0,1.9874999999999998,1,4.76076547017878e-12,1,133,4.812205587567675e-06,1.2811183637781464e-06,0,11.847045041999081,0.006346563128013759,0.16355396620281343,0.06197838545525772
109,109,0.9083333333333333,0.27249999999999996,0.6090154814710109,1.0,2.025,1,5.061894385886235e-12,1,174,3.0057484461387673e-06,3.9843828056156105e-06,0,22.780144250000376,0.0064269256063190705,0.16402935834378704,0.06468559392060216
110,110,0.9166666666666666,0.27499999999999997,0.6083891015510041,1.0,2.025,1,4.964890843001429e-12,1,59,4.5707963209906666e-06,4.168801511938991e-06,0,6.1736252089995105,0.006488726856677633,0.16436477807668048,0.06657855380216363
111,111,0.9249999999999999,0.27749999999999997,0.6095280341226788,1.0,2.025,1,5.133996639892446e-12,1,50,1.721271326804441e-06,2.3805924969604172e-06,0,4.972795166999276,0.0065444176617650476,0.16464359152203914,0.06819018178438607
112,112,0.9333333333333333,0.27999999999999997,0.6113097992552372,1.0,2.025,1,5.258783457440601e-12,1,36,1.2240919067263434e-07,1.6888895974196154e-06,0,3.9996390839987725,0.006599228376118813,0.1649088716833652,0.06978217023115953
113,113,0.9416666666666667,0.2825,0.6133438781743092,1.0,2.025,1,5.0649271005515225e-12,1,33,3.971617035247732e-09,2.7808926221957464e-06,0,4.25285279200034,0.0066527428969390305,0.16516204477230034,0.07131560533621234
114,114,0.95,0.285,0.6151863285269097,1.0,2.025,1,5.30000484830846e-12,1,27,8.262729071728536e-06,3.902966167160238e-06,0,2.602844875000301,0.006709527439186454,0.16543392395841583,0.07307149515985728
115,115,0.9583333333333334,0.2875,0.6160722775702054,1.0,2.025,1,5.381579302968701e-12,1,105,4.776804662931511e-08,1.1514475800423812e-06,0,9.063034165999852,0.006772743176582327,0.16579082768021286,0.07543974457627942
116,116,0.9666666666666667,0.29,0.6161221089599799,1.0,2.025,1,5.551737381285586e-12,1,49,3.988529299392418e-06,6.910926739149559e-06,0,5.192292375000761,0.006837638863429042,0.16616055916414943,0.07792278259344493
117,117,0.975,0.2925,0.6104819988224952,1.0,2.0625,1,5.309595937084654e-12,1,136,1.111603576742226e-06,4.260757913120139e-06,0,19.16852370900051,0.006927839488323305,0.16665043322337658,0.08162923146826927
118,118,0.9833333333333333,0.295,0.6112218661259186,1.0,2.0625,1,5.631384715982953e-12,1,158,3.623804287755661e-06,6.504801234734109e-07,0,13.157035374999396,0.006988873500738328,0.16695835643815898,0.0837993232222959
119,119,0.9916666666666667,0.2975,0.6129770075573348,1.0,2.0625,1,5.2699873703099044e-12,1,62,9.47110678362062e-06,2.165654936230781e-06,0,5.571646833001068,0.007045480577189274,0.1672292214337301,0.08566142814897315
120,120,1.0,0.3,0.6149522713694282,1.0,2.0625,1,5.41084607446851e-12,1,60,5.289284087051094e-06,2.1898844705147205e-06,0,7.0892967079998925,0.007104852664792971,0.16748947282210294,0.08757634113250168
