step,max_H_nodal,max_psi_plus,max_damage,delta_H,delta_damage,reaction_force,applied_disp
0,0.1870,0.2490,0.000104,0.0000,0.000000,-13.880844,0.00010000
1,0.7485,0.9965,0.000416,0.0000,0.000000,-27.759152,0.00020000
2,1.6857,2.2444,0.000936,0.0000,0.000000,-41.632388,0.00030000
3,3.0009,3.9956,0.001665,0.0000,0.000000,-55.498017,0.00040000
4,4.6971,6.2543,0.002603,0.0000,0.000000,-69.353504,0.00050000
5,6.7785,9.0261,0.003752,0.0000,0.000000,-83.196314,0.00060000
6,9.2498,12.3177,0.005111,0.0000,0.000000,-97.023914,0.00070000
7,12.1172,16.1372,0.006683,0.0000,0.000000,-110.833771,0.00080000
8,15.3876,20.4941,0.008470,0.0000,0.000000,-124.623352,0.00090000
9,19.0690,25.3994,0.010471,0.0000,0.000000,-138.390127,0.00100000
10,23.1707,30.8657,0.012691,0.0000,0.000000,-152.131565,0.00110000
11,27.7031,36.9072,0.015130,0.0000,0.000000,-165.845137,0.00120000
12,32.6778,43.5399,0.017791,0.0000,0.000000,-179.528314,0.00130000
13,38.1081,50.7816,0.020676,0.0000,0.000000,-193.178569,0.00140000
14,44.0084,58.6522,0.023789,0.0000,0.000000,-206.793372,0.00150000
15,50.3951,67.1740,0.027134,0.0000,0.000000,-220.370197,0.00160000
16,57.2860,76.3714,0.030712,0.0000,0.000000,-233.906514,0.00170000
17,64.7012,86.2718,0.034529,0.0000,0.000000,-247.399793,0.00180000
18,72.6626,96.9052,0.038588,0.0000,0.000000,-260.847501,0.00190000
19,81.1946,108.3049,0.042895,0.0000,0.000000,-274.247104,0.00200000
20,90.3241,120.5078,0.047454,0.0000,0.000000,-287.596063,0.00210000
21,100.0810,133.5548,0.052270,0.0000,0.000000,-300.891831,0.00220000
22,110.4983,147.4910,0.057351,0.0000,0.000000,-314.131858,0.00230000
23,121.6126,162.3668,0.062702,0.0000,0.000000,-327.313583,0.00240000
24,133.4645,178.2377,0.068332,0.0000,0.000000,-340.434432,0.00250000
25,146.0993,195.1659,0.074247,0.0000,0.000000,-353.491821,0.00260000
26,159.5673,213.2206,0.080457,0.0000,0.000000,-366.483145,0.00270000
27,173.9249,232.4791,0.086972,0.0000,0.000000,-379.405782,0.00280000
28,189.2352,253.0284,0.093801,0.0000,0.000000,-392.257082,0.00290000
29,205.5690,274.9658,0.100958,0.0000,0.000000,-405.034366,0.00300000
30,223.0064,298.4017,0.108454,0.0000,0.000000,-417.734920,0.00310000
31,241.6379,323.4607,0.116304,0.0000,0.000000,-430.355985,0.00320000
32,261.5664,350.2847,0.124524,0.0000,0.000000,-442.894747,0.00330000
33,282.9092,379.0359,0.133133,0.0000,0.000000,-455.348336,0.00340000
34,305.8013,409.9005,0.142150,0.0000,0.000000,-467.713802,0.00350000
35,330.3982,443.0936,0.151597,0.0000,0.000000,-479.988104,0.00360000
36,356.8804,478.8652,0.161502,0.0000,0.000000,-492.168092,0.00370000
37,385.4590,517.5075,0.171891,0.0000,0.000000,-504.250482,0.00380000
38,416.3825,559.3652,0.182800,0.0000,0.000000,-516.231829,0.00390000
39,449.9462,604.8480,0.194267,0.0000,0.000000,-528.108482,0.00400000
40,486.5038,654.4474,0.206336,0.0000,0.000000,-539.876553,0.00410000
41,526.4839,708.7597,0.219060,0.0000,0.000000,-551.531835,0.00420000
42,570.4123,768.5168,0.232502,0.0000,0.000000,-563.069732,0.00430000
43,618.9421,834.6293,0.246736,0.0000,0.000000,-574.485144,0.00440000
44,672.8982,908.2479,0.261854,0.0000,0.000000,-585.772301,0.00450000
45,733.3415,990.8559,0.277968,0.0000,0.000000,-596.924570,0.00460000
46,801.6663,1084.4039,0.295221,0.0000,0.000000,-607.934148,0.00470000
47,879.7551,1191.5301,0.313795,0.0000,0.000000,-618.791516,0.00480000
48,970.2308,1315.9149,0.333935,0.0000,0.000000,-629.484708,0.00490000
49,1076.9006,1462.9092,0.355978,0.0000,0.000000,-639.998023,0.00500000
50,1088.9256,1479.5051,0.358316,0.0000,0.000000,-641.072723,0.00501000
51,1101.1011,1496.3191,0.360677,0.0000,0.000000,-642.122467,0.00502000
52,1113.4659,1513.3940,0.363064,0.0000,0.000000,-643.163995,0.00503000
53,1126.0338,1530.7566,0.365475,0.0000,0.000000,-644.201720,0.00504000
54,1138.8155,1548.4163,0.367908,0.0000,0.000000,-645.236281,0.00505000
55,1151.8306,1566.4030,0.370364,0.0000,0.000000,-646.268131,0.00506000
56,1165.1109,1584.7615,0.372847,0.0000,0.000000,-647.297750,0.00507000
57,1178.6651,1603.5025,0.375357,0.0000,0.000000,-648.325104,0.00508000
58,1192.5003,1622.6373,0.377897,0.0000,0.000000,-649.350135,0.00509000
59,1206.6292,1642.1852,0.380467,0.0000,0.000000,-650.372722,0.00510000
60,1221.0639,1662.1611,0.383068,0.0000,0.000000,-651.392917,0.00511000
61,1235.8221,1682.5910,0.385701,0.0000,0.000000,-652.410766,0.00512000
62,1250.9171,1703.4935,0.388367,0.0000,0.000000,-653.426240,0.00513000
63,1266.3629,1724.8887,0.391067,0.0000,0.000000,-654.439297,0.00514000
64,1282.1745,1746.7973,0.393802,0.0000,0.000000,-655.449892,0.00515000
65,1298.3675,1769.2420,0.396573,0.0000,0.000000,-656.457974,0.00516000
66,1314.9591,1792.2470,0.399383,0.0000,0.000000,-657.463490,0.00517000
67,1331.9672,1815.8373,0.402231,0.0000,0.000000,-658.466393,0.00518000
68,1349.4109,1840.0400,0.405120,0.0000,0.000000,-659.466629,0.00519000
69,1367.3107,1864.8843,0.408051,0.0000,0.000000,-660.464138,0.00520000
70,1385.6888,1890.4013,0.411025,0.0000,0.000000,-661.458858,0.00521000
71,1404.5686,1916.6243,0.414044,0.0000,0.000000,-662.450722,0.00522000
72,1423.9758,1943.5897,0.417110,0.0000,0.000000,-663.439659,0.00523000
73,1443.9380,1971.3364,0.420225,0.0000,0.000000,-664.425592,0.00524000
74,1464.4847,1999.9064,0.423392,0.0000,0.000000,-665.408439,0.00525000
75,1485.6481,2029.3452,0.426611,0.0000,0.000000,-666.388112,0.00526000
76,1507.4629,2059.7023,0.429886,0.0000,0.000000,-667.364520,0.00527000
77,1529.9670,2091.0313,0.433219,0.0000,0.000000,-668.337561,0.00528000
78,1553.2017,2123.3908,0.436613,0.0000,0.000000,-669.307122,0.00529000
79,1577.2129,2156.8456,0.440072,0.0000,0.000000,-670.273072,0.00530000
80,1602.0497,2191.4656,0.443598,0.0000,0.000000,-671.235281,0.00531000
81,1627.7664,2227.3280,0.447196,0.0000,0.000000,-672.193614,0.00532000
82,1654.4228,2264.5175,0.450869,0.0000,0.000000,-673.147915,0.00533000
83,1682.0848,2303.1278,0.454621,0.0000,0.000000,-674.098016,0.00534000
84,1710.8249,2343.2619,0.458458,0.0000,0.000000,-675.043731,0.00535000
85,1740.7246,2385.0359,0.462384,0.0000,0.000000,-675.984848,0.00536000
86,1771.8751,2428.5793,0.466405,0.0000,0.000000,-676.921145,0.00537000
87,1804.3791,2474.0382,0.470529,0.0000,0.000000,-677.852370,0.00538000
88,1838.3554,2521.5805,0.474762,0.0000,0.000000,-678.778193,0.00539000
89,1873.9379,2571.3965,0.479113,0.0000,0.000000,-679.698270,0.00540000
90,1911.2788,2623.7027,0.483592,0.0000,0.000000,-680.612226,0.00541000
91,1950.5584,2678.7592,0.488212,0.0000,0.000000,-681.519586,0.00542000
92,1991.9846,2736.8618,0.492984,0.0000,0.000000,-682.419839,0.00543000
93,2035.7977,2798.3537,0.497923,0.0000,0.000000,-683.312412,0.00544000
94,2082.2828,2863.6434,0.503048,0.0000,0.000000,-684.196614,0.00545000
95,2131.7792,2933.2131,0.508377,0.0000,0.000000,-685.071618,0.00546000
96,2184.6998,3007.6502,0.513937,0.0000,0.000000,-685.936459,0.00547000
97,2241.5557,3087.6849,0.519757,0.0000,0.000000,-686.789928,0.00548000
98,2302.9816,3174.2242,0.525874,0.0000,0.000000,-687.630566,0.00549000
99,2369.7851,3268.4201,0.532334,0.0000,0.000000,-688.456522,0.00550000
100,2443.0675,3371.8456,0.539203,0.0000,0.000000,-689.265196,0.00551000
101,2524.3344,3486.6722,0.546568,0.0000,0.000000,-690.052995,0.00552000
102,2615.6581,3615.8774,0.554547,0.0000,0.000000,-690.815320,0.00553000
103,2720.2257,3764.0117,0.563320,0.0000,0.000000,-691.544809,0.00554000
104,2843.1159,3938.3495,0.573170,0.0000,0.000000,-692.230225,0.00555000
105,2993.5000,4152.0257,0.584602,0.0000,0.000000,-692.851431,0.00556000
106,3192.5908,4435.4925,0.598790,0.0000,0.000000,-693.360904,0.00557000
107,3516.8319,4898.6102,0.619889,0.0000,0.000000,-693.589721,0.00558000
108,1365365.0701,3258021.1093,1.000000,0.0000,0.000000,-0.388173,0.00559000
109,1370249.2927,3269805.6632,1.000000,0.0000,0.000000,-0.387124,0.00560000
110,1375188.6282,3281618.2647,1.000000,0.0000,0.000000,-0.385989,0.00561000
111,1380139.4580,3293460.7546,1.000000,0.0000,0.000000,-0.384789,0.00562000
112,1385100.1085,3305327.0194,1.000000,0.0000,0.000000,-0.383561,0.00563000
113,1390069.5481,3317214.5818,1.000000,0.0000,0.000000,-0.382306,0.00564000
114,1395047.8071,3329123.4466,1.000000,0.0000,0.000000,-0.381031,0.00565000
115,1400034.8721,3341053.5744,1.000000,0.0000,0.000000,-0.379743,0.00566000
116,1405030.8437,3353005.1008,1.000000,0.0000,0.000000,-0.378441,0.00567000
117,1410035.4070,3364977.6015,1.000000,0.0000,0.000000,-0.377125,0.00568000
118,1415049.6512,3376972.5573,1.000000,0.0000,0.000000,-0.375791,0.00569000
119,1420073.7588,3388990.3166,1.000000,0.0000,0.000000,-0.374427,0.00570000
120,1425106.7460,3401029.5050,1.000000,0.0000,0.000000,-0.373031,0.00571000
121,1430149.0489,3413090.6605,1.000000,0.0000,0.000000,-0.371637,0.00572000
122,1435196.6046,3425165.4475,1.000000,0.0000,0.000000,-0.370221,0.00573000
123,1440250.2666,3437256.3131,1.000000,0.0000,0.000000,-0.368791,0.00574000
124,1445312.3804,3449367.8670,1.000000,0.0000,0.000000,-0.367363,0.00575000
125,1450382.5004,3461499.5013,1.000000,0.0000,0.000000,-0.365932,0.00576000
126,1455461.1271,3473651.8873,1.000000,0.0000,0.000000,-0.364508,0.00577000
127,1460547.7122,3485824.2776,1.000000,0.0000,0.000000,-0.363084,0.00578000
128,1465642.0850,3498016.5085,1.000000,0.0000,0.000000,-0.361648,0.00579000
129,1470746.5104,3510236.2741,1.000000,0.0000,0.000000,-0.360202,0.00580000
130,1475860.3458,3522481.5647,1.000000,0.0000,0.000000,-0.358761,0.00581000
131,1480982.7102,3534747.5531,1.000000,0.0000,0.000000,-0.357327,0.00582000
132,1486113.5821,3547034.2160,1.000000,0.0000,0.000000,-0.355887,0.00583000
133,1491252.9157,3559341.5312,1.000000,0.0000,0.000000,-0.354449,0.00584000
134,1496400.7552,3571669.5225,1.000000,0.0000,0.000000,-0.353020,0.00585000
135,1501557.1561,3584018.2885,1.000000,0.0000,0.000000,-0.351598,0.00586000
136,1506721.9448,3596387.6284,1.000000,0.0000,0.000000,-0.350177,0.00587000
137,1511895.3522,3608777.8086,1.000000,0.0000,0.000000,-0.348766,0.00588000
138,1517077.3944,3621188.8299,1.000000,0.0000,0.000000,-0.347364,0.00589000
139,1522267.9144,3633620.4682,1.000000,0.0000,0.000000,-0.345970,0.00590000
140,1527466.9317,3646072.7595,1.000000,0.0000,0.000000,-0.344585,0.00591000
141,1532674.5687,3658545.8726,1.000000,0.0000,0.000000,-0.343208,0.00592000
142,1537890.6391,3671039.4934,1.000000,0.0000,0.000000,-0.341838,0.00593000
143,1543115.3580,3683554.0242,1.000000,0.0000,0.000000,-0.340477,0.00594000
144,1548348.7449,3696089.4459,1.000000,0.0000,0.000000,-0.339125,0.00595000
145,1553590.8445,3708645.9603,1.000000,0.0000,0.000000,-0.337781,0.00596000
146,1558841.7227,3721223.3622,1.000000,0.0000,0.000000,-0.336446,0.00597000
147,1564100.7566,3733820.5892,1.000000,0.0000,0.000000,-0.335119,0.00598000
148,1569365.4168,3746432.5820,1.000000,0.0000,0.000000,-0.333790,0.00599000
149,1574638.3812,3759065.2527,1.000000,0.0000,0.000000,-0.332470,0.00600000
150,1579919.9568,3771718.7367,1.000000,0.0000,0.000000,-0.331157,0.00601000
151,1585197.5493,3784370.5277,1.000000,0.0000,0.000000,-0.329829,0.00602000
152,1590479.8460,3797038.0584,1.000000,0.0000,0.000000,-0.328500,0.00603000
153,1595770.2086,3809725.8433,1.000000,0.0000,0.000000,-0.327180,0.00604000
154,1601068.9591,3822434.1048,1.000000,0.0000,0.000000,-0.325868,0.00605000
155,1606376.1182,3835162.8599,1.000000,0.0000,0.000000,-0.324565,0.00606000
156,1611691.6913,3847912.1142,1.000000,0.0000,0.000000,-0.323270,0.00607000
157,1617015.6449,3860681.8161,1.000000,0.0000,0.000000,-0.321983,0.00608000
158,1622347.9830,3873471.9793,1.000000,0.0000,0.000000,-0.320706,0.00609000
159,1627688.7339,3886282.6374,1.000000,0.0000,0.000000,-0.319437,0.00610000
160,1633037.8982,3899113.7934,1.000000,0.0000,0.000000,-0.318176,0.00611000
161,1638395.4760,3911965.4464,1.000000,0.0000,0.000000,-0.316924,0.00612000
162,1643761.4666,3924837.5954,1.000000,0.0000,0.000000,-0.315680,0.00613000
163,1649135.8694,3937730.2394,1.000000,0.0000,0.000000,-0.314445,0.00614000
164,1654518.6839,3950643.3774,1.000000,0.0000,0.000000,-0.313217,0.00615000
165,1659909.8352,3963576.8998,1.000000,0.0000,0.000000,-0.311997,0.00616000
166,1665309.3172,3976530.8030,1.000000,0.0000,0.000000,-0.310785,0.00617000
167,1670717.1934,3989505.1798,1.000000,0.0000,0.000000,-0.309580,0.00618000
168,1676133.4768,4002500.0444,1.000000,0.0000,0.000000,-0.308384,0.00619000
169,1681558.1679,4015515.3967,1.000000,0.0000,0.000000,-0.307195,0.00620000
170,1686991.2663,4028551.2359,1.000000,0.0000,0.000000,-0.306014,0.00621000
171,1692432.7889,4041607.5863,1.000000,0.0000,0.000000,-0.304841,0.00622000
172,1697882.7347,4054684.4456,1.000000,0.0000,0.000000,-0.303675,0.00623000
173,1703341.0879,4067781.7904,1.000000,0.0000,0.000000,-0.302517,0.00624000
174,1708807.8466,4080899.6192,1.000000,0.0000,0.000000,-0.301367,0.00625000
175,1714283.0105,4094037.9312,1.000000,0.0000,0.000000,-0.300224,0.00626000
176,1719766.5789,4107196.7256,1.000000,0.0000,0.000000,-0.299089,0.00627000
177,1725258.5515,4120376.0015,1.000000,0.0000,0.000000,-0.297960,0.00628000
178,1730758.9278,4133575.7583,1.000000,0.0000,0.000000,-0.296840,0.00629000
179,1736267.7074,4146795.9952,1.000000,0.0000,0.000000,-0.295726,0.00630000
180,1741784.8838,4160036.7025,1.000000,0.0000,0.000000,-0.294620,0.00631000
181,1747320.6671,4173322.4522,1.000000,0.0000,0.000000,-0.293377,0.00632000
182,1752855.7314,4186604.0225,1.000000,0.0000,0.000000,-0.292480,0.00633000
183,1758399.7859,4199900.2958,1.000000,0.0000,0.000000,-0.291417,0.00634000
184,1763949.2334,4213220.3795,1.000000,0.0000,0.000000,-0.290349,0.00635000
185,1769507.4251,4226562.0503,1.000000,0.0000,0.000000,-0.289286,0.00636000
186,1775074.1745,4239924.4705,1.000000,0.0000,0.000000,-0.288227,0.00637000
187,1780649.6847,4253307.9071,1.000000,0.0000,0.000000,-0.287173,0.00638000
188,1786233.8012,4266712.0642,1.000000,0.0000,0.000000,-0.286124,0.00639000
189,1791826.3557,4280136.7301,1.000000,0.0000,0.000000,-0.285082,0.00640000
190,1797427.3469,4293581.9271,1.000000,0.0000,0.000000,-0.284046,0.00641000
191,1803036.7380,4307047.5960,1.000000,0.0000,0.000000,-0.283016,0.00642000
192,1808654.5175,4320533.7221,1.000000,0.0000,0.000000,-0.281992,0.00643000
193,1814280.6891,4334040.3497,1.000000,0.0000,0.000000,-0.280975,0.00644000
194,1819915.3335,4347567.5270,1.000000,0.0000,0.000000,-0.279964,0.00645000
195,1825558.3788,4361115.1734,1.000000,0.0000,0.000000,-0.278960,0.00646000
196,1831209.8194,4374683.2875,1.000000,0.0000,0.000000,-0.277962,0.00647000
197,1836869.6548,4388271.8690,1.000000,0.0000,0.000000,-0.276970,0.00648000
198,1842537.8982,4401880.9319,1.000000,0.0000,0.000000,-0.275985,0.00649000
199,1848214.5393,4415510.4687,1.000000,0.0000,0.000000,-0.275005,0.00650000
200,1853899.6141,4429160.5424,1.000000,0.0000,0.000000,-0.274032,0.00651000
201,1859593.0959,4442831.0905,1.000000,0.0000,0.000000,-0.273065,0.00652000
202,1865294.9719,4456522.1045,1.000000,0.0000,0.000000,-0.272104,0.00653000
203,1871005.2414,4470233.5916,1.000000,0.0000,0.000000,-0.271149,0.00654000
204,1876723.9051,4483965.5362,1.000000,0.0000,0.000000,-0.270200,0.00655000
205,1882450.9606,4497717.9451,1.000000,0.0000,0.000000,-0.269257,0.00656000
206,1888186.4085,4511490.8182,1.000000,0.0000,0.000000,-0.268319,0.00657000
207,1893930.2487,4525284.1553,1.000000,0.0000,0.000000,-0.267388,0.00658000
208,1899682.4810,4539097.9559,1.000000,0.0000,0.000000,-0.266463,0.00659000
209,1905443.1049,4552932.2199,1.000000,0.0000,0.000000,-0.265543,0.00660000
210,1911212.1203,4566786.9468,1.000000,0.0000,0.000000,-0.264629,0.00661000
211,1916989.5269,4580662.1362,1.000000,0.0000,0.000000,-0.263721,0.00662000
212,1922775.3244,4594557.7881,1.000000,0.0000,0.000000,-0.262818,0.00663000
213,1928569.4882,4608473.8628,1.000000,0.0000,0.000000,-0.261922,0.00664000
214,1934371.9558,4622410.2641,1.000000,0.0000,0.000000,-0.261031,0.00665000
215,1940182.7985,4636367.1144,1.000000,0.0000,0.000000,-0.260146,0.00666000
216,1946002.0079,4650344.3927,1.000000,0.0000,0.000000,-0.259266,0.00667000
217,1951829.6086,4664342.1379,1.000000,0.0000,0.000000,-0.258392,0.00668000
218,1957665.6041,4678360.3513,1.000000,0.0000,0.000000,-0.257523,0.00669000
219,1963509.9891,4692399.0243,1.000000,0.0000,0.000000,-0.256660,0.00670000
220,1969362.7605,4706458.1451,1.000000,0.0000,0.000000,-0.255802,0.00671000
221,1975223.8494,4720537.6238,1.000000,0.0000,0.000000,-0.254949,0.00672000
222,1981093.3191,4734637.5602,1.000000,0.0000,0.000000,-0.254102,0.00673000
223,1986971.1766,4748757.9552,1.000000,0.0000,0.000000,-0.253260,0.00674000
224,1992857.4216,4762898.8056,1.000000,0.0000,0.000000,-0.252423,0.00675000
225,1998752.0540,4777060.1170,1.000000,0.0000,0.000000,-0.251592,0.00676000
226,2004655.0733,4791241.8857,1.000000,0.0000,0.000000,-0.250765,0.00677000
227,2010566.4795,4805444.1117,1.000000,0.0000,0.000000,-0.249943,0.00678000
228,2016486.2722,4819666.7951,1.000000,0.0000,0.000000,-0.249127,0.00679000
229,2022414.4359,4833909.9119,1.000000,0.0000,0.000000,-0.248315,0.00680000
230,2028350.9395,4848173.4159,1.000000,0.0000,0.000000,-0.247509,0.00681000
231,2034295.8239,4862457.3757,1.000000,0.0000,0.000000,-0.246707,0.00682000
232,2040249.0938,4876761.7918,1.000000,0.0000,0.000000,-0.245911,0.00683000
233,2046210.7491,4891086.6643,1.000000,0.0000,0.000000,-0.245119,0.00684000
234,2052180.7896,4905431.9928,1.000000,0.0000,0.000000,-0.244332,0.00685000
235,2058159.2150,4919797.7773,1.000000,0.0000,0.000000,-0.243550,0.00686000
236,2064146.0251,4934184.0175,1.000000,0.0000,0.000000,-0.242772,0.00687000
237,2070141.2196,4948590.7130,1.000000,0.0000,0.000000,-0.242000,0.00688000
238,2076144.7983,4963017.8637,1.000000,0.0000,0.000000,-0.241231,0.00689000
239,2082156.7610,4977465.4695,1.000000,0.0000,0.000000,-0.240468,0.00690000
240,2088177.1074,4991933.5278,1.000000,0.0000,0.000000,-0.239709,0.00691000
241,2094205.8366,5006422.0555,1.000000,0.0000,0.000000,-0.238955,0.00692000
242,2100242.9518,5020931.0129,1.000000,0.0000,0.000000,-0.238205,0.00693000
243,2106288.4460,5035460.4490,1.000000,0.0000,0.000000,-0.237460,0.00694000
244,2112342.3269,5050010.3150,1.000000,0.0000,0.000000,-0.236720,0.00695000
245,2118404.5864,5064580.6591,1.000000,0.0000,0.000000,-0.235983,0.00696000
246,2124475.2321,5079171.4454,1.000000,0.0000,0.000000,-0.235252,0.00697000
247,2130554.2581,5093782.6847,1.000000,0.0000,0.000000,-0.234524,0.00698000
248,2136641.6658,5108414.3772,1.000000,0.0000,0.000000,-0.233801,0.00699000
249,2142737.4550,5123066.5230,1.000000,0.0000,0.000000,-0.233082,0.00700000
250,2148841.6255,5137739.1217,1.000000,0.0000,0.000000,-0.232368,0.00701000
251,2154954.1772,5152432.1733,1.000000,0.0000,0.000000,-0.231658,0.00702000
252,2161075.1097,5167145.6777,1.000000,0.0000,0.000000,-0.230952,0.00703000
253,2167204.3824,5181879.5718,1.000000,0.0000,0.000000,-0.230250,0.00704000
254,2173342.0254,5196633.9115,1.000000,0.0000,0.000000,-0.229552,0.00705000
255,2179488.0477,5211408.7029,1.000000,0.0000,0.000000,-0.228859,0.00706000
256,2185642.4495,5226203.9458,1.000000,0.0000,0.000000,-0.228169,0.00707000
257,2191805.2305,5241019.6402,1.000000,0.0000,0.000000,-0.227484,0.00708000
258,2197976.3906,5255855.7863,1.000000,0.0000,0.000000,-0.226802,0.00709000
259,2204155.9295,5270712.3836,1.000000,0.0000,0.000000,-0.226125,0.00710000
260,2210343.8469,5285589.4319,1.000000,0.0000,0.000000,-0.225452,0.00711000
261,2216540.1425,5300486.9308,1.000000,0.0000,0.000000,-0.224783,0.00712000
262,2222744.8162,5315404.8803,1.000000,0.0000,0.000000,-0.224117,0.00713000
263,2228957.8677,5330343.2802,1.000000,0.0000,0.000000,-0.223456,0.00714000
264,2235179.2968,5345302.1303,1.000000,0.0000,0.000000,-0.222798,0.00715000
265,2241409.1031,5360281.4306,1.000000,0.0000,0.000000,-0.222145,0.00716000
266,2247647.2865,5375281.1769,1.000000,0.0000,0.000000,-0.221495,0.00717000
267,2253893.8466,5390301.3769,1.000000,0.0000,0.000000,-0.220849,0.00718000
268,2260148.7834,5405342.0267,1.000000,0.0000,0.000000,-0.220207,0.00719000
269,2266412.0965,5420403.1259,1.000000,0.0000,0.000000,-0.219569,0.00720000
270,2272683.7857,5435484.6746,1.000000,0.0000,0.000000,-0.218934,0.00721000
271,2278963.8507,5450586.6727,1.000000,0.0000,0.000000,-0.218303,0.00722000
272,2285252.2913,5465709.1200,1.000000,0.0000,0.000000,-0.217676,0.00723000
273,2291549.1073,5480852.0165,1.000000,0.0000,0.000000,-0.217053,0.00724000
274,2297854.2984,5496015.3621,1.000000,0.0000,0.000000,-0.216433,0.00725000
275,2304167.8644,5511199.1568,1.000000,0.0000,0.000000,-0.215817,0.00726000
276,2310489.8050,5526403.4005,1.000000,0.0000,0.000000,-0.215204,0.00727000
277,2316820.1201,5541628.0929,1.000000,0.0000,0.000000,-0.214595,0.00728000
278,2323158.8092,5556873.2338,1.000000,0.0000,0.000000,-0.213990,0.00729000
279,2329505.8723,5572138.8232,1.000000,0.0000,0.000000,-0.213388,0.00730000
280,2335861.3102,5587424.8643,1.000000,0.0000,0.000000,-0.212789,0.00731000
281,2342225.1251,5602731.3572,1.000000,0.0000,0.000000,-0.212195,0.00732000
282,2348597.3135,5618058.2981,1.000000,0.0000,0.000000,-0.211603,0.00733000
283,2354977.8557,5633405.6566,1.000000,0.0000,0.000000,-0.211015,0.00734000
284,2361366.7400,5648773.4184,1.000000,0.0000,0.000000,-0.210431,0.00735000
285,2367763.9929,5664161.6246,1.000000,0.0000,0.000000,-0.209850,0.00736000
286,2374169.6171,5679570.2814,1.000000,0.0000,0.000000,-0.209272,0.00737000
287,2380583.6142,5694999.3861,1.000000,0.0000,0.000000,-0.208698,0.00738000
288,2387005.9832,5710448.9385,1.000000,0.0000,0.000000,-0.208127,0.00739000
289,2393436.7231,5725918.9447,1.000000,0.0000,0.000000,-0.207559,0.00740000
290,2399875.8257,5741409.3582,1.000000,0.0000,0.000000,-0.206995,0.00741000
291,2406323.2939,5756920.2524,1.000000,0.0000,0.000000,-0.206433,0.00742000
292,2412779.1379,5772451.5612,1.000000,0.0000,0.000000,-0.205876,0.00743000
293,2419243.3478,5788003.3504,1.000000,0.0000,0.000000,-0.205321,0.00744000
294,2425715.9331,5803575.5544,1.000000,0.0000,0.000000,-0.204769,0.00745000
295,2432196.8838,5819168.2382,1.000000,0.0000,0.000000,-0.204221,0.00746000
296,2438686.2094,5834781.3371,1.000000,0.0000,0.000000,-0.203676,0.00747000
297,2445183.9000,5850414.9154,1.000000,0.0000,0.000000,-0.203134,0.00748000
298,2451689.9652,5866068.9089,1.000000,0.0000,0.000000,-0.202595,0.00749000
299,2458204.3847,5881743.3412,1.000000,0.0000,0.000000,-0.202059,0.00750000
300,2464727.1117,5897438.1307,1.000000,0.0000,0.000000,-0.201526,0.00751000
301,2471258.1886,5913153.3339,1.000000,0.0000,0.000000,-0.200996,0.00752000
302,2477797.6232,5928889.0060,1.000000,0.0000,0.000000,-0.200470,0.00753000
303,2484345.4301,5944645.1098,1.000000,0.0000,0.000000,-0.199946,0.00754000
304,2490901.6027,5960421.6594,1.000000,0.0000,0.000000,-0.199425,0.00755000
305,2497466.1428,5976218.6556,1.000000,0.0000,0.000000,-0.198907,0.00756000
306,2504039.0504,5992036.0988,1.000000,0.0000,0.000000,-0.198393,0.00757000
307,2510620.3252,6007873.9888,1.000000,0.0000,0.000000,-0.197881,0.00758000
308,2517209.9671,6023732.3257,1.000000,0.0000,0.000000,-0.197372,0.00759000
309,2523807.9759,6039611.1095,1.000000,0.0000,0.000000,-0.196866,0.00760000
310,2530414.3242,6055510.2976,1.000000,0.0000,0.000000,-0.196363,0.00761000
311,2537029.0175,6071429.9040,1.000000,0.0000,0.000000,-0.195862,0.00762000
312,2543652.0745,6087369.9570,1.000000,0.0000,0.000000,-0.195365,0.00763000
313,2550283.4976,6103330.4578,1.000000,0.0000,0.000000,-0.194870,0.00764000
314,2556923.2868,6119311.4066,1.000000,0.0000,0.000000,-0.194379,0.00765000
315,2563571.4419,6135312.8028,1.000000,0.0000,0.000000,-0.193890,0.00766000
316,2570227.9626,6151334.6459,1.000000,0.0000,0.000000,-0.193404,0.00767000
317,2576892.8486,6167376.9360,1.000000,0.0000,0.000000,-0.192920,0.00768000
318,2583566.1207,6183439.6732,1.000000,0.0000,0.000000,-0.192440,0.00769000
319,2590247.9124,6199522.8523,1.000000,0.0000,0.000000,-0.191962,0.00770000
320,2596938.0687,6215626.4836,1.000000,0.0000,0.000000,-0.191486,0.00771000
321,2603636.5897,6231750.5622,1.000000,0.0000,0.000000,-0.191014,0.00772000
322,2610343.4751,6247895.0878,1.000000,0.0000,0.000000,-0.190544,0.00773000
323,2617058.7247,6264060.0608,1.000000,0.0000,0.000000,-0.190077,0.00774000
324,2623782.3383,6280245.4817,1.000000,0.0000,0.000000,-0.189612,0.00775000
325,2630514.3161,6296451.3501,1.000000,0.0000,0.000000,-0.189150,0.00776000
326,2637254.6575,6312677.6660,1.000000,0.0000,0.000000,-0.188691,0.00777000
327,2644003.3680,6328924.4564,1.000000,0.0000,0.000000,-0.188234,0.00778000
328,2650760.4656,6345191.7351,1.000000,0.0000,0.000000,-0.187780,0.00779000
329,2657525.9461,6361479.4633,1.000000,0.0000,0.000000,-0.187328,0.00780000
330,2664299.7905,6377787.6392,1.000000,0.0000,0.000000,-0.186879,0.00781000
331,2671081.9977,6394116.2631,1.000000,0.0000,0.000000,-0.186433,0.00782000
332,2677872.5676,6410465.3353,1.000000,0.0000,0.000000,-0.185989,0.00783000
333,2684671.5001,6426834.8555,1.000000,0.0000,0.000000,-0.185547,0.00784000
334,2691478.7950,6443224.8239,1.000000,0.0000,0.000000,-0.185108,0.00785000
335,2698294.4520,6459635.2406,1.000000,0.0000,0.000000,-0.184672,0.00786000
336,2705118.4710,6476066.1057,1.000000,0.0000,0.000000,-0.184238,0.00787000
337,2711950.8518,6492517.4193,1.000000,0.0000,0.000000,-0.183806,0.00788000
338,2718791.5943,6508989.1815,1.000000,0.0000,0.000000,-0.183377,0.00789000
339,2725640.6984,6525481.3890,1.000000,0.0000,0.000000,-0.182950,0.00790000
340,2732498.1624,6541994.0487,1.000000,0.0000,0.000000,-0.182525,0.00791000
341,2739363.9890,6558527.1577,1.000000,0.0000,0.000000,-0.182103,0.00792000
342,2746238.1768,6575080.7160,1.000000,0.0000,0.000000,-0.181684,0.00793000
343,2753120.7256,6591654.7236,1.000000,0.0000,0.000000,-0.181266,0.00794000
344,2760011.6353,6608249.1808,1.000000,0.0000,0.000000,-0.180851,0.00795000
345,2766910.9057,6624864.0878,1.000000,0.0000,0.000000,-0.180438,0.00796000
346,2773818.5366,6641499.4446,1.000000,0.0000,0.000000,-0.180028,0.00797000
347,2780734.5281,6658155.2515,1.000000,0.0000,0.000000,-0.179620,0.00798000
348,2787658.8798,6674831.5317,1.000000,0.0000,0.000000,-0.179214,0.00799000
349,2794591.5964,6691528.2171,1.000000,0.0000,0.000000,-0.178810,0.00800000
