step,displacement,reaction_kN,max_d,max_H,stagger_iter,elapsed_ms
0,0.00010000,0.013881,0.00010394,0.1870,66,643.5
1,0.00020000,0.027759,0.00041585,0.7485,75,448.9
2,0.00030000,0.041632,0.00093601,1.6857,76,480.2
3,0.00040000,0.055498,0.00166488,3.0009,85,567.7
4,0.00050000,0.069354,0.00260311,4.6971,103,865.7
5,0.00060000,0.083196,0.00375156,6.7785,120,1295.5
6,0.00070000,0.097024,0.00511125,9.2498,79,852.8
7,0.00080000,0.110834,0.00668344,12.1172,85,1095.5
8,0.00090000,0.124623,0.00846959,15.3876,81,1217.7
9,0.00100000,0.138390,0.01047135,19.0690,86,1471.7
10,0.00110000,0.152132,0.01269062,23.1707,92,1706.3
11,0.00120000,0.165845,0.01512955,27.7031,93,1889.6
12,0.00130000,0.179528,0.01779051,32.6778,95,2137.1
13,0.00140000,0.193179,0.02067615,38.1081,101,2521.9
14,0.00150000,0.206793,0.02378941,44.0084,112,3097.0
15,0.00160000,0.220370,0.02713351,50.3951,124,3662.1
16,0.00170000,0.233907,0.03071201,57.2860,138,4230.1
17,0.00180000,0.247400,0.03452879,64.7012,149,4721.4
18,0.00190000,0.260848,0.03858811,72.6626,105,3385.1
19,0.00200000,0.274247,0.04289465,81.1946,101,3234.9
20,0.00210000,0.287596,0.04745350,90.3241,109,3471.1
21,0.00220000,0.300892,0.05227025,100.0810,113,3638.0
22,0.00230000,0.314132,0.05735098,110.4983,119,3812.3
23,0.00240000,0.327314,0.06270238,121.6126,122,3897.8
24,0.00250000,0.340434,0.06833175,133.4645,135,4307.4
25,0.00260000,0.353492,0.07424708,146.0993,149,4774.4
26,0.00270000,0.366483,0.08045717,159.5673,108,3488.5
27,0.00280000,0.379406,0.08697168,173.9249,118,3841.7
28,0.00290000,0.392257,0.09380122,189.2352,111,3633.8
29,0.00300000,0.405034,0.10095755,205.5690,129,4107.8
30,0.00310000,0.417735,0.10845363,223.0064,139,4392.0
31,0.00320000,0.430356,0.11630389,241.6379,151,4788.8
32,0.00330000,0.442895,0.12452435,261.5664,111,3541.5
33,0.00340000,0.455348,0.13313294,282.9092,130,4164.5
34,0.00350000,0.467714,0.14214974,305.8013,130,4194.7
35,0.00360000,0.479988,0.15159738,330.3982,151,4801.7
36,0.00370000,0.492168,0.16150153,356.8804,148,4737.8
37,0.00380000,0.504250,0.17189135,385.4590,127,4109.5
38,0.00390000,0.516232,0.18280026,416.3825,148,4784.7
39,0.00400000,0.528108,0.19426681,449.9462,165,5269.0
40,0.00410000,0.539877,0.20633585,486.5038,136,4442.1
41,0.00420000,0.551532,0.21906001,526.4839,159,5113.1
42,0.00430000,0.563070,0.23250176,570.4123,176,5666.4
43,0.00440000,0.574485,0.24673600,618.9421,157,5018.5
44,0.00450000,0.585772,0.26185389,672.8982,128,4169.9
45,0.00460000,0.596925,0.27796816,733.3415,113,3796.9
46,0.00470000,0.607934,0.29522052,801.6663,112,3773.5
47,0.00480000,0.618792,0.31379487,879.7551,132,4477.3
48,0.00490000,0.629485,0.33393500,970.2308,139,4703.6
49,0.00500000,0.639998,0.35597810,1076.9006,135,4543.9
50,0.00501000,0.641073,0.35831634,1088.9256,137,4537.3
51,0.00502000,0.642122,0.36067663,1101.1011,229,7313.5
52,0.00503000,0.643164,0.36306390,1113.4659,201,6419.3
53,0.00504000,0.644202,0.36547490,1126.0338,204,6534.3
54,0.00505000,0.645236,0.36790814,1138.8155,210,6708.1
55,0.00506000,0.646268,0.37036368,1151.8306,216,6917.2
56,0.00507000,0.647298,0.37284651,1165.1109,221,7076.3
57,0.00508000,0.648325,0.37535747,1178.6651,224,7231.9
58,0.00509000,0.649350,0.37789691,1192.5003,230,7433.7
59,0.00510000,0.650373,0.38046705,1206.6292,236,7575.8
60,0.00511000,0.651393,0.38306782,1221.0639,243,7736.0
61,0.00512000,0.652411,0.38570068,1235.8221,250,7958.8
62,0.00513000,0.653426,0.38836658,1250.9171,224,7158.6
63,0.00514000,0.654439,0.39106659,1266.3629,231,7393.1
64,0.00515000,0.655450,0.39380181,1282.1745,239,7646.2
65,0.00516000,0.656458,0.39657348,1298.3675,246,7825.9
66,0.00517000,0.657463,0.39938293,1314.9591,252,8030.3
67,0.00518000,0.658466,0.40223135,1331.9672,260,8226.6
68,0.00519000,0.659467,0.40512015,1349.4109,238,7541.6
69,0.00520000,0.660464,0.40805081,1367.3107,247,7997.2
70,0.00521000,0.661459,0.41102491,1385.6888,255,8249.7
71,0.00522000,0.662451,0.41404415,1404.5686,264,8452.1
72,0.00523000,0.663440,0.41711034,1423.9758,273,8701.2
73,0.00524000,0.664426,0.42022545,1443.9380,252,8016.5
74,0.00525000,0.665408,0.42339156,1464.4847,262,8424.1
75,0.00526000,0.666388,0.42661089,1485.6481,273,8612.9
76,0.00527000,0.667365,0.42988587,1507.4629,284,8938.9
77,0.00528000,0.668338,0.43321908,1529.9670,266,8532.8
78,0.00529000,0.669307,0.43661339,1553.2017,277,8870.5
79,0.00530000,0.670273,0.44007209,1577.2129,290,9324.7
80,0.00531000,0.671235,0.44359846,1602.0497,304,9776.3
81,0.00532000,0.672194,0.44719610,1627.7664,289,9108.8
82,0.00533000,0.673148,0.45086896,1654.4228,303,9547.2
83,0.00534000,0.674098,0.45462138,1682.0848,294,9339.3
84,0.00535000,0.675044,0.45845798,1710.8249,307,9732.9
85,0.00536000,0.675985,0.46238407,1740.7246,324,10398.0
86,0.00537000,0.676921,0.46640546,1771.8751,316,10164.9
87,0.00538000,0.677852,0.47052867,1804.3791,335,10748.1
88,0.00539000,0.678778,0.47476169,1838.3554,329,10655.0
89,0.00540000,0.679698,0.47911308,1873.9379,351,11519.2
90,0.00541000,0.680612,0.48359242,1911.2788,350,11075.8
91,0.00542000,0.681520,0.48821152,1950.5584,349,11076.2
92,0.00543000,0.682420,0.49298353,1991.9846,378,12001.0
93,0.00544000,0.683312,0.49792310,2035.7977,385,12065.3
94,0.00545000,0.684197,0.50304761,2082.2828,393,12299.1
95,0.00546000,0.685072,0.50837742,2131.7792,406,12913.6
96,0.00547000,0.685936,0.51393708,2184.6998,403,12881.2
97,0.00548000,0.686790,0.51975690,2241.5557,426,13668.5
98,0.00549000,0.687631,0.52587380,2302.9816,435,13965.5
99,0.00550000,0.688457,0.53233413,2369.7851,453,14599.2
100,0.00551000,0.689265,0.53920291,2443.0675,451,14520.8
101,0.00552000,0.690053,0.54656819,2524.3344,320,10682.1
102,0.00553000,0.690815,0.55454651,2615.6581,351,11725.0
103,0.00554000,0.691545,0.56331954,2720.2257,389,12780.2
104,0.00555000,0.692230,0.57316981,2843.1159,448,14738.9
105,0.00556000,0.692851,0.58460158,2993.5000,500,16749.7
106,0.00557000,0.693361,0.59879048,3192.5908,500,16882.4
107,0.00558000,0.693590,0.61988854,3516.8319,500,17213.3
108,0.00559000,0.000388,1.00000000,1365365.0701,500,23863.8
109,0.00560000,0.000387,1.00000000,1370249.2927,14,491.8
110,0.00561000,0.000386,1.00000000,1375188.6282,14,491.3
111,0.00562000,0.000385,1.00000000,1380139.4580,14,488.7
112,0.00563000,0.000384,1.00000000,1385100.1085,14,485.9
113,0.00564000,0.000382,1.00000000,1390069.5481,14,478.5
114,0.00565000,0.000381,1.00000000,1395047.8071,14,476.8
115,0.00566000,0.000380,1.00000000,1400034.8721,14,483.0
116,0.00567000,0.000378,1.00000000,1405030.8437,14,481.7
117,0.00568000,0.000377,1.00000000,1410035.4070,14,477.8
118,0.00569000,0.000376,1.00000000,1415049.6512,14,483.5
119,0.00570000,0.000374,1.00000000,1420073.7588,14,484.3
120,0.00571000,0.000373,1.00000000,1425106.7460,14,482.7
121,0.00572000,0.000372,1.00000000,1430149.0489,14,473.4
122,0.00573000,0.000370,1.00000000,1435196.6046,14,471.9
123,0.00574000,0.000369,1.00000000,1440250.2666,14,473.3
124,0.00575000,0.000367,1.00000000,1445312.3804,14,470.9
125,0.00576000,0.000366,1.00000000,1450382.5004,14,484.3
126,0.00577000,0.000365,1.00000000,1455461.1271,14,482.3
127,0.00578000,0.000363,1.00000000,1460547.7122,14,477.6
128,0.00579000,0.000362,1.00000000,1465642.0850,14,476.0
129,0.00580000,0.000360,1.00000000,1470746.5104,14,481.6
130,0.00581000,0.000359,1.00000000,1475860.3458,14,477.7
131,0.00582000,0.000357,1.00000000,1480982.7102,14,481.4
132,0.00583000,0.000356,1.00000000,1486113.5821,14,478.4
133,0.00584000,0.000354,1.00000000,1491252.9157,14,487.3
134,0.00585000,0.000353,1.00000000,1496400.7552,13,450.5
135,0.00586000,0.000352,1.00000000,1501557.1561,13,450.5
136,0.00587000,0.000350,1.00000000,1506721.9448,13,451.5
137,0.00588000,0.000349,1.00000000,1511895.3522,13,447.4
138,0.00589000,0.000347,1.00000000,1517077.3944,13,447.7
139,0.00590000,0.000346,1.00000000,1522267.9144,13,444.6
140,0.00591000,0.000345,1.00000000,1527466.9317,13,441.5
141,0.00592000,0.000343,1.00000000,1532674.5687,13,440.6
142,0.00593000,0.000342,1.00000000,1537890.6391,13,441.5
143,0.00594000,0.000340,1.00000000,1543115.3580,13,450.0
144,0.00595000,0.000339,1.00000000,1548348.7449,13,450.5
145,0.00596000,0.000338,1.00000000,1553590.8445,13,446.4
146,0.00597000,0.000336,1.00000000,1558841.7227,13,444.0
147,0.00598000,0.000335,1.00000000,1564100.7566,13,441.7
148,0.00599000,0.000334,1.00000000,1569365.4168,13,442.4
149,0.00600000,0.000332,1.00000000,1574638.3812,13,451.6
150,0.00601000,0.000331,1.00000000,1579919.9568,13,449.2
151,0.00602000,0.000330,1.00000000,1585197.5493,14,457.5
152,0.00603000,0.000329,1.00000000,1590479.8460,14,454.5
153,0.00604000,0.000327,1.00000000,1595770.2086,14,455.6
154,0.00605000,0.000326,1.00000000,1601068.9591,14,455.5
155,0.00606000,0.000325,1.00000000,1606376.1182,14,452.9
156,0.00607000,0.000323,1.00000000,1611691.6913,14,452.8
157,0.00608000,0.000322,1.00000000,1617015.6449,14,461.0
158,0.00609000,0.000321,1.00000000,1622347.9830,13,425.4
159,0.00610000,0.000319,1.00000000,1627688.7339,13,426.3
160,0.00611000,0.000318,1.00000000,1633037.8982,13,422.9
161,0.00612000,0.000317,1.00000000,1638395.4760,13,426.2
162,0.00613000,0.000316,1.00000000,1643761.4666,13,424.2
163,0.00614000,0.000314,1.00000000,1649135.8694,13,416.4
164,0.00615000,0.000313,1.00000000,1654518.6839,13,418.0
165,0.00616000,0.000312,1.00000000,1659909.8352,13,422.0
166,0.00617000,0.000311,1.00000000,1665309.3172,13,422.5
167,0.00618000,0.000310,1.00000000,1670717.1934,13,423.1
168,0.00619000,0.000308,1.00000000,1676133.4768,13,423.1
169,0.00620000,0.000307,1.00000000,1681558.1679,13,423.5
170,0.00621000,0.000306,1.00000000,1686991.2663,13,419.6
171,0.00622000,0.000305,1.00000000,1692432.7889,13,421.1
172,0.00623000,0.000304,1.00000000,1697882.7347,13,421.0
173,0.00624000,0.000303,1.00000000,1703341.0879,13,426.7
174,0.00625000,0.000301,1.00000000,1708807.8466,13,424.5
175,0.00626000,0.000300,1.00000000,1714283.0105,13,417.4
176,0.00627000,0.000299,1.00000000,1719766.5789,13,416.4
177,0.00628000,0.000298,1.00000000,1725258.5515,13,420.6
178,0.00629000,0.000297,1.00000000,1730758.9278,13,419.7
179,0.00630000,0.000296,1.00000000,1736267.7074,13,423.5
180,0.00631000,0.000295,1.00000000,1741784.8838,13,421.0
181,0.00632000,0.000293,1.00000000,1747320.6671,13,415.3
182,0.00633000,0.000292,1.00000000,1752855.7314,15,417.1
183,0.00634000,0.000291,1.00000000,1758399.7859,14,414.2
184,0.00635000,0.000290,1.00000000,1763949.2334,14,414.7
185,0.00636000,0.000289,1.00000000,1769507.4251,14,420.6
186,0.00637000,0.000288,1.00000000,1775074.1745,14,419.6
187,0.00638000,0.000287,1.00000000,1780649.6847,14,417.5
188,0.00639000,0.000286,1.00000000,1786233.8012,14,413.3
189,0.00640000,0.000285,1.00000000,1791826.3557,14,413.1
190,0.00641000,0.000284,1.00000000,1797427.3469,14,412.2
191,0.00642000,0.000283,1.00000000,1803036.7380,14,418.8
192,0.00643000,0.000282,1.00000000,1808654.5175,14,416.7
193,0.00644000,0.000281,1.00000000,1814280.6891,14,413.3
194,0.00645000,0.000280,1.00000000,1819915.3335,14,411.1
195,0.00646000,0.000279,1.00000000,1825558.3788,14,422.1
196,0.00647000,0.000278,1.00000000,1831209.8194,14,420.6
197,0.00648000,0.000277,1.00000000,1836869.6548,14,419.3
198,0.00649000,0.000276,1.00000000,1842537.8982,14,419.4
199,0.00650000,0.000275,1.00000000,1848214.5393,14,420.2
200,0.00651000,0.000274,1.00000000,1853899.6141,14,420.1
201,0.00652000,0.000273,1.00000000,1859593.0959,14,414.1
202,0.00653000,0.000272,1.00000000,1865294.9719,14,412.8
203,0.00654000,0.000271,1.00000000,1871005.2414,13,387.2
204,0.00655000,0.000270,1.00000000,1876723.9051,13,385.8
205,0.00656000,0.000269,1.00000000,1882450.9606,13,377.8
206,0.00657000,0.000268,1.00000000,1888186.4085,13,376.1
207,0.00658000,0.000267,1.00000000,1893930.2487,13,388.6
208,0.00659000,0.000266,1.00000000,1899682.4810,13,387.5
209,0.00660000,0.000266,1.00000000,1905443.1049,13,380.9
210,0.00661000,0.000265,1.00000000,1911212.1203,13,380.7
211,0.00662000,0.000264,1.00000000,1916989.5269,13,383.2
212,0.00663000,0.000263,1.00000000,1922775.3244,13,387.8
213,0.00664000,0.000262,1.00000000,1928569.4882,13,384.1
214,0.00665000,0.000261,1.00000000,1934371.9558,13,383.5
215,0.00666000,0.000260,1.00000000,1940182.7985,13,383.7
216,0.00667000,0.000259,1.00000000,1946002.0079,13,382.3
217,0.00668000,0.000258,1.00000000,1951829.6086,13,388.7
218,0.00669000,0.000258,1.00000000,1957665.6041,13,386.9
219,0.00670000,0.000257,1.00000000,1963509.9891,13,386.1
220,0.00671000,0.000256,1.00000000,1969362.7605,13,385.8
221,0.00672000,0.000255,1.00000000,1975223.8494,13,384.3
222,0.00673000,0.000254,1.00000000,1981093.3191,13,383.6
223,0.00674000,0.000253,1.00000000,1986971.1766,13,380.9
224,0.00675000,0.000252,1.00000000,1992857.4216,13,378.7
225,0.00676000,0.000252,1.00000000,1998752.0540,13,378.1
226,0.00677000,0.000251,1.00000000,2004655.0733,13,376.4
227,0.00678000,0.000250,1.00000000,2010566.4795,13,379.7
228,0.00679000,0.000249,1.00000000,2016486.2722,13,377.0
229,0.00680000,0.000248,1.00000000,2022414.4359,13,381.4
230,0.00681000,0.000248,1.00000000,2028350.9395,13,379.9
231,0.00682000,0.000247,1.00000000,2034295.8239,13,378.1
232,0.00683000,0.000246,1.00000000,2040249.0938,13,374.6
233,0.00684000,0.000245,1.00000000,2046210.7491,13,384.6
234,0.00685000,0.000244,1.00000000,2052180.7896,13,383.4
235,0.00686000,0.000244,1.00000000,2058159.2150,13,377.8
236,0.00687000,0.000243,1.00000000,2064146.0251,13,378.7
237,0.00688000,0.000242,1.00000000,2070141.2196,13,387.1
238,0.00689000,0.000241,1.00000000,2076144.7983,13,386.3
239,0.00690000,0.000240,1.00000000,2082156.7610,13,380.8
240,0.00691000,0.000240,1.00000000,2088177.1074,14,388.4
241,0.00692000,0.000239,1.00000000,2094205.8366,12,355.7
242,0.00693000,0.000238,1.00000000,2100242.9518,14,388.8
243,0.00694000,0.000237,1.00000000,2106288.4460,12,348.2
244,0.00695000,0.000237,1.00000000,2112342.3269,14,389.1
245,0.00696000,0.000236,1.00000000,2118404.5864,12,348.5
246,0.00697000,0.000235,1.00000000,2124475.2321,12,346.2
247,0.00698000,0.000235,1.00000000,2130554.2581,12,351.1
248,0.00699000,0.000234,1.00000000,2136641.6658,12,344.7
249,0.00700000,0.000233,1.00000000,2142737.4550,12,349.6
250,0.00701000,0.000232,1.00000000,2148841.6255,12,348.4
251,0.00702000,0.000232,1.00000000,2154954.1772,12,345.0
252,0.00703000,0.000231,1.00000000,2161075.1097,12,349.4
253,0.00704000,0.000230,1.00000000,2167204.3824,12,350.3
254,0.00705000,0.000230,1.00000000,2173342.0254,12,348.7
255,0.00706000,0.000229,1.00000000,2179488.0477,12,346.4
256,0.00707000,0.000228,1.00000000,2185642.4495,12,344.8
257,0.00708000,0.000227,1.00000000,2191805.2305,12,349.5
258,0.00709000,0.000227,1.00000000,2197976.3906,12,351.5
259,0.00710000,0.000226,1.00000000,2204155.9295,12,356.1
260,0.00711000,0.000225,1.00000000,2210343.8469,12,355.5
261,0.00712000,0.000225,1.00000000,2216540.1425,12,351.9
262,0.00713000,0.000224,1.00000000,2222744.8162,12,351.0
263,0.00714000,0.000223,1.00000000,2228957.8677,12,349.6
264,0.00715000,0.000223,1.00000000,2235179.2968,12,349.8
265,0.00716000,0.000222,1.00000000,2241409.1031,12,350.3
266,0.00717000,0.000221,1.00000000,2247647.2865,12,349.1
267,0.00718000,0.000221,1.00000000,2253893.8466,12,355.0
268,0.00719000,0.000220,1.00000000,2260148.7834,12,351.8
269,0.00720000,0.000220,1.00000000,2266412.0965,12,350.3
270,0.00721000,0.000219,1.00000000,2272683.7857,12,350.1
271,0.00722000,0.000218,1.00000000,2278963.8507,12,347.9
272,0.00723000,0.000218,1.00000000,2285252.2913,12,344.8
273,0.00724000,0.000217,1.00000000,2291549.1073,12,354.2
274,0.00725000,0.000216,1.00000000,2297854.2984,12,346.0
275,0.00726000,0.000216,1.00000000,2304167.8644,12,355.8
276,0.00727000,0.000215,1.00000000,2310489.8050,12,354.1
277,0.00728000,0.000215,1.00000000,2316820.1201,12,350.2
278,0.00729000,0.000214,1.00000000,2323158.8092,12,350.3
279,0.00730000,0.000213,1.00000000,2329505.8723,12,349.6
280,0.00731000,0.000213,1.00000000,2335861.3102,12,350.9
281,0.00732000,0.000212,1.00000000,2342225.1251,12,346.7
282,0.00733000,0.000212,1.00000000,2348597.3135,12,345.0
283,0.00734000,0.000211,1.00000000,2354977.8557,12,356.9
284,0.00735000,0.000210,1.00000000,2361366.7400,12,362.2
285,0.00736000,0.000210,1.00000000,2367763.9929,13,354.3
286,0.00737000,0.000209,1.00000000,2374169.6171,13,352.8
287,0.00738000,0.000209,1.00000000,2380583.6142,13,357.7
288,0.00739000,0.000208,1.00000000,2387005.9832,13,356.8
289,0.00740000,0.000208,1.00000000,2393436.7231,11,312.7
290,0.00741000,0.000207,1.00000000,2399875.8257,13,350.6
291,0.00742000,0.000206,1.00000000,2406323.2939,11,318.9
292,0.00743000,0.000206,1.00000000,2412779.1379,13,356.5
293,0.00744000,0.000205,1.00000000,2419243.3478,11,315.3
294,0.00745000,0.000205,1.00000000,2425715.9331,13,353.3
295,0.00746000,0.000204,1.00000000,2432196.8838,11,328.6
296,0.00747000,0.000204,1.00000000,2438686.2094,13,356.8
297,0.00748000,0.000203,1.00000000,2445183.9000,11,316.2
298,0.00749000,0.000203,1.00000000,2451689.9652,13,352.0
299,0.00750000,0.000202,1.00000000,2458204.3847,11,315.0
300,0.00751000,0.000202,1.00000000,2464727.1117,11,316.5
301,0.00752000,0.000201,1.00000000,2471258.1886,13,360.9
302,0.00753000,0.000200,1.00000000,2477797.6232,11,319.2
303,0.00754000,0.000200,1.00000000,2484345.4301,11,319.2
304,0.00755000,0.000199,1.00000000,2490901.6027,11,317.3
305,0.00756000,0.000199,1.00000000,2497466.1428,11,314.1
306,0.00757000,0.000198,1.00000000,2504039.0504,11,313.3
307,0.00758000,0.000198,1.00000000,2510620.3252,11,317.8
308,0.00759000,0.000197,1.00000000,2517209.9671,11,319.2
309,0.00760000,0.000197,1.00000000,2523807.9759,11,322.1
310,0.00761000,0.000196,1.00000000,2530414.3242,11,321.4
311,0.00762000,0.000196,1.00000000,2537029.0175,11,317.9
312,0.00763000,0.000195,1.00000000,2543652.0745,11,315.4
313,0.00764000,0.000195,1.00000000,2550283.4976,11,317.8
314,0.00765000,0.000194,1.00000000,2556923.2868,11,317.3
315,0.00766000,0.000194,1.00000000,2563571.4419,11,314.2
316,0.00767000,0.000193,1.00000000,2570227.9626,11,312.5
317,0.00768000,0.000193,1.00000000,2576892.8486,11,317.8
318,0.00769000,0.000192,1.00000000,2583566.1207,11,315.9
319,0.00770000,0.000192,1.00000000,2590247.9124,11,317.0
320,0.00771000,0.000191,1.00000000,2596938.0687,11,317.6
321,0.00772000,0.000191,1.00000000,2603636.5897,11,316.4
322,0.00773000,0.000191,1.00000000,2610343.4751,11,314.6
323,0.00774000,0.000190,1.00000000,2617058.7247,11,315.1
324,0.00775000,0.000190,1.00000000,2623782.3383,11,312.1
325,0.00776000,0.000189,1.00000000,2630514.3161,11,322.9
326,0.00777000,0.000189,1.00000000,2637254.6575,11,321.0
327,0.00778000,0.000188,1.00000000,2644003.3680,11,316.3
328,0.00779000,0.000188,1.00000000,2650760.4656,11,316.9
329,0.00780000,0.000187,1.00000000,2657525.9461,11,321.1
330,0.00781000,0.000187,1.00000000,2664299.7905,11,318.5
331,0.00782000,0.000186,1.00000000,2671081.9977,11,312.4
332,0.00783000,0.000186,1.00000000,2677872.5676,11,311.3
333,0.00784000,0.000186,1.00000000,2684671.5001,11,316.7
334,0.00785000,0.000185,1.00000000,2691478.7950,11,316.1
335,0.00786000,0.000185,1.00000000,2698294.4520,11,316.4
336,0.00787000,0.000184,1.00000000,2705118.4710,11,314.1
337,0.00788000,0.000184,1.00000000,2711950.8518,11,316.9
338,0.00789000,0.000183,1.00000000,2718791.5943,11,315.2
339,0.00790000,0.000183,1.00000000,2725640.6984,12,322.2
340,0.00791000,0.000183,1.00000000,2732498.1624,12,322.1
341,0.00792000,0.000182,1.00000000,2739363.9890,12,324.7
342,0.00793000,0.000182,1.00000000,2746238.1768,12,324.1
343,0.00794000,0.000181,1.00000000,2753120.7256,12,321.7
344,0.00795000,0.000181,1.00000000,2760011.6353,12,320.9
345,0.00796000,0.000180,1.00000000,2766910.9057,12,324.6
346,0.00797000,0.000180,1.00000000,2773818.5366,12,318.8
347,0.00798000,0.000180,1.00000000,2780734.5281,12,322.6
348,0.00799000,0.000179,1.00000000,2787658.8798,10,282.4
349,0.00800000,0.000179,1.00000000,2794591.5964,12,324.5
