step,time,newton_iters,pcg_iters_mech,pcg_iters_pf,residual,dt,line_search_alpha,line_search_reductions
0,1.000000000e-04,66,0,1,9.675400483e-09,1.000000000e-04,1.000000000e+00,0
1,2.000000000e-04,75,0,1,9.938846984e-09,1.000000000e-04,1.000000000e+00,0
2,3.000000000e-04,76,0,1,9.665861021e-09,1.000000000e-04,1.000000000e+00,0
3,4.000000000e-04,85,0,1,9.955993237e-09,1.000000000e-04,1.000000000e+00,0
4,5.000000000e-04,103,0,1,9.988314641e-09,1.000000000e-04,1.000000000e+00,0
5,6.000000000e-04,120,0,1,9.786205565e-09,1.000000000e-04,1.000000000e+00,0
6,7.000000000e-04,79,0,1,9.967966399e-09,1.000000000e-04,1.000000000e+00,0
7,8.000000000e-04,85,0,1,9.792451880e-09,1.000000000e-04,1.000000000e+00,0
8,9.000000000e-04,81,0,1,9.716953865e-09,1.000000000e-04,1.000000000e+00,0
9,1.000000000e-03,86,0,1,9.922893238e-09,1.000000000e-04,1.000000000e+00,0
10,1.100000000e-03,92,0,1,9.860747688e-09,1.000000000e-04,1.000000000e+00,0
11,1.200000000e-03,93,0,1,9.768262183e-09,1.000000000e-04,1.000000000e+00,0
12,1.300000000e-03,95,0,1,9.952462614e-09,1.000000000e-04,1.000000000e+00,0
13,1.400000000e-03,101,0,1,9.828061974e-09,1.000000000e-04,1.000000000e+00,0
14,1.500000000e-03,112,0,1,9.797006185e-09,1.000000000e-04,1.000000000e+00,0
15,1.600000000e-03,124,0,1,9.864571464e-09,1.000000000e-04,1.000000000e+00,0
16,1.700000000e-03,138,0,1,9.814907035e-09,1.000000000e-04,1.000000000e+00,0
17,1.800000000e-03,149,0,1,9.949312615e-09,1.000000000e-04,1.000000000e+00,0
18,1.900000000e-03,105,0,1,9.858277038e-09,1.000000000e-04,1.000000000e+00,0
19,2.000000000e-03,101,0,1,9.938167468e-09,1.000000000e-04,1.000000000e+00,0
20,2.100000000e-03,109,0,1,9.815769301e-09,1.000000000e-04,1.000000000e+00,0
21,2.200000000e-03,113,0,1,9.887023879e-09,1.000000000e-04,1.000000000e+00,0
22,2.300000000e-03,119,0,1,9.935309329e-09,1.000000000e-04,1.000000000e+00,0
23,2.400000000e-03,122,0,1,9.787828530e-09,1.000000000e-04,1.000000000e+00,0
24,2.500000000e-03,135,0,1,9.971113298e-09,1.000000000e-04,1.000000000e+00,0
25,2.600000000e-03,149,0,1,9.995354322e-09,1.000000000e-04,1.000000000e+00,0
26,2.700000000e-03,108,0,1,9.920247798e-09,1.000000000e-04,1.000000000e+00,0
27,2.800000000e-03,118,0,1,9.830355341e-09,1.000000000e-04,1.000000000e+00,0
28,2.900000000e-03,111,0,1,9.992259546e-09,1.000000000e-04,1.000000000e+00,0
29,3.000000000e-03,129,0,1,9.859342693e-09,1.000000000e-04,1.000000000e+00,0
30,3.100000000e-03,139,0,1,9.893359843e-09,1.000000000e-04,1.000000000e+00,0
31,3.200000000e-03,151,0,1,9.876171377e-09,1.000000000e-04,1.000000000e+00,0
32,3.300000000e-03,111,0,1,9.958226688e-09,1.000000000e-04,1.000000000e+00,0
33,3.400000000e-03,130,0,1,9.988497189e-09,1.000000000e-04,1.000000000e+00,0
34,3.500000000e-03,130,0,1,9.987070030e-09,1.000000000e-04,1.000000000e+00,0
35,3.600000000e-03,151,0,1,9.818305027e-09,1.000000000e-04,1.000000000e+00,0
36,3.700000000e-03,148,0,1,9.843865306e-09,1.000000000e-04,1.000000000e+00,0
37,3.800000000e-03,127,0,1,9.941473154e-09,1.000000000e-04,1.000000000e+00,0
38,3.900000000e-03,148,0,1,9.859489866e-09,1.000000000e-04,1.000000000e+00,0
39,4.000000000e-03,165,0,1,9.809570897e-09,1.000000000e-04,1.000000000e+00,0
40,4.100000000e-03,136,0,1,9.823992305e-09,1.000000000e-04,1.000000000e+00,0
41,4.200000000e-03,159,0,1,9.909723158e-09,1.000000000e-04,1.000000000e+00,0
42,4.300000000e-03,176,0,1,9.908874963e-09,1.000000000e-04,1.000000000e+00,0
43,4.400000000e-03,157,0,1,9.836322388e-09,1.000000000e-04,1.000000000e+00,0
44,4.500000000e-03,128,0,1,9.905952295e-09,1.000000000e-04,1.000000000e+00,0
45,4.600000000e-03,113,0,2,9.811744306e-09,1.000000000e-04,1.000000000e+00,0
46,4.700000000e-03,112,0,2,9.839653162e-09,1.000000000e-04,1.000000000e+00,0
47,4.800000000e-03,132,0,2,9.897093391e-09,1.000000000e-04,1.000000000e+00,0
48,4.900000000e-03,139,0,2,9.959440784e-09,1.000000000e-04,1.000000000e+00,0
49,5.000000000e-03,135,0,2,9.959093775e-09,1.000000000e-04,1.000000000e+00,0
50,5.010000000e-03,137,0,2,9.989712386e-09,1.000000000e-05,1.000000000e+00,0
51,5.020000000e-03,229,0,1,9.875095410e-09,1.000000000e-05,1.000000000e+00,0
52,5.030000000e-03,201,0,1,9.859090751e-09,1.000000000e-05,1.000000000e+00,0
53,5.040000000e-03,204,0,1,9.951079859e-09,1.000000000e-05,1.000000000e+00,0
54,5.050000000e-03,210,0,1,9.974923402e-09,1.000000000e-05,1.000000000e+00,0
55,5.060000000e-03,216,0,1,9.875070609e-09,1.000000000e-05,1.000000000e+00,0
56,5.070000000e-03,221,0,1,9.951306541e-09,1.000000000e-05,1.000000000e+00,0
57,5.080000000e-03,224,0,1,9.932336263e-09,1.000000000e-05,1.000000000e+00,0
58,5.090000000e-03,230,0,1,9.925097902e-09,1.000000000e-05,1.000000000e+00,0
59,5.100000000e-03,236,0,1,9.974600103e-09,1.000000000e-05,1.000000000e+00,0
60,5.110000000e-03,243,0,1,9.983461358e-09,1.000000000e-05,1.000000000e+00,0
61,5.120000000e-03,250,0,1,9.891704022e-09,1.000000000e-05,1.000000000e+00,0
62,5.130000000e-03,224,0,1,9.987463911e-09,1.000000000e-05,1.000000000e+00,0
63,5.140000000e-03,231,0,1,9.973318795e-09,1.000000000e-05,1.000000000e+00,0
64,5.150000000e-03,239,0,1,9.886383995e-09,1.000000000e-05,1.000000000e+00,0
65,5.160000000e-03,246,0,1,9.939929172e-09,1.000000000e-05,1.000000000e+00,0
66,5.170000000e-03,252,0,1,9.988430236e-09,1.000000000e-05,1.000000000e+00,0
67,5.180000000e-03,260,0,1,9.945922658e-09,1.000000000e-05,1.000000000e+00,0
68,5.190000000e-03,238,0,1,9.922562908e-09,1.000000000e-05,1.000000000e+00,0
69,5.200000000e-03,247,0,1,9.973757093e-09,1.000000000e-05,1.000000000e+00,0
70,5.210000000e-03,255,0,1,9.989031762e-09,1.000000000e-05,1.000000000e+00,0
71,5.220000000e-03,264,0,1,9.941729133e-09,1.000000000e-05,1.000000000e+00,0
72,5.230000000e-03,273,0,1,9.873198290e-09,1.000000000e-05,1.000000000e+00,0
73,5.240000000e-03,252,0,1,9.916547487e-09,1.000000000e-05,1.000000000e+00,0
74,5.250000000e-03,262,0,1,9.901945349e-09,1.000000000e-05,1.000000000e+00,0
75,5.260000000e-03,273,0,1,9.941143603e-09,1.000000000e-05,1.000000000e+00,0
76,5.270000000e-03,284,0,1,9.961152947e-09,1.000000000e-05,1.000000000e+00,0
77,5.280000000e-03,266,0,1,9.910659564e-09,1.000000000e-05,1.000000000e+00,0
78,5.290000000e-03,277,0,1,9.916702314e-09,1.000000000e-05,1.000000000e+00,0
79,5.300000000e-03,290,0,1,9.888665011e-09,1.000000000e-05,1.000000000e+00,0
80,5.310000000e-03,304,0,1,9.925642833e-09,1.000000000e-05,1.000000000e+00,0
81,5.320000000e-03,289,0,1,9.905286017e-09,1.000000000e-05,1.000000000e+00,0
82,5.330000000e-03,303,0,1,9.904909869e-09,1.000000000e-05,1.000000000e+00,0
83,5.340000000e-03,294,0,1,9.898884186e-09,1.000000000e-05,1.000000000e+00,0
84,5.350000000e-03,307,0,1,9.966097652e-09,1.000000000e-05,1.000000000e+00,0
85,5.360000000e-03,324,0,1,9.949181172e-09,1.000000000e-05,1.000000000e+00,0
86,5.370000000e-03,316,0,1,9.913576288e-09,1.000000000e-05,1.000000000e+00,0
87,5.380000000e-03,335,0,1,9.946840523e-09,1.000000000e-05,1.000000000e+00,0
88,5.390000000e-03,329,0,1,9.958973414e-09,1.000000000e-05,1.000000000e+00,0
89,5.400000000e-03,351,0,1,9.941051509e-09,1.000000000e-05,1.000000000e+00,0
90,5.410000000e-03,350,0,1,9.900791221e-09,1.000000000e-05,1.000000000e+00,0
91,5.420000000e-03,349,0,1,9.958058963e-09,1.000000000e-05,1.000000000e+00,0
92,5.430000000e-03,378,0,1,9.979430369e-09,1.000000000e-05,1.000000000e+00,0
93,5.440000000e-03,385,0,1,9.914681728e-09,1.000000000e-05,1.000000000e+00,0
94,5.450000000e-03,393,0,1,9.934878397e-09,1.000000000e-05,1.000000000e+00,0
95,5.460000000e-03,406,0,1,9.998282213e-09,1.000000000e-05,1.000000000e+00,0
96,5.470000000e-03,403,0,1,9.937055515e-09,1.000000000e-05,1.000000000e+00,0
97,5.480000000e-03,426,0,1,9.997330517e-09,1.000000000e-05,1.000000000e+00,0
98,5.490000000e-03,435,0,1,9.959504012e-09,1.000000000e-05,1.000000000e+00,0
99,5.500000000e-03,453,0,1,9.943528430e-09,1.000000000e-05,1.000000000e+00,0
100,5.510000000e-03,451,0,1,9.961525681e-09,1.000000000e-05,1.000000000e+00,0
101,5.520000000e-03,320,0,2,9.987216408e-09,1.000000000e-05,1.000000000e+00,0
102,5.530000000e-03,351,0,2,9.978023176e-09,1.000000000e-05,1.000000000e+00,0
103,5.540000000e-03,389,0,2,9.942169966e-09,1.000000000e-05,1.000000000e+00,0
104,5.550000000e-03,448,0,2,9.987285713e-09,1.000000000e-05,1.000000000e+00,0
105,5.560000000e-03,500,0,2,1.244770452e-08,1.000000000e-05,1.000000000e+00,0
106,5.570000000e-03,500,0,2,3.248813930e-08,1.000000000e-05,1.000000000e+00,0
107,5.580000000e-03,500,0,2,1.334742301e-07,1.000000000e-05,1.000000000e+00,0
108,5.590000000e-03,500,0,5,1.582623309e-06,1.000000000e-05,1.000000000e+00,0
109,5.600000000e-03,14,0,5,6.822399933e-09,1.000000000e-05,1.000000000e+00,0
110,5.610000000e-03,14,0,5,6.548662783e-09,1.000000000e-05,1.000000000e+00,0
111,5.620000000e-03,14,0,5,6.450386016e-09,1.000000000e-05,1.000000000e+00,0
112,5.630000000e-03,14,0,5,6.339018444e-09,1.000000000e-05,1.000000000e+00,0
113,5.640000000e-03,14,0,5,6.219245446e-09,1.000000000e-05,1.000000000e+00,0
114,5.650000000e-03,14,0,5,6.103169763e-09,1.000000000e-05,1.000000000e+00,0
115,5.660000000e-03,14,0,5,5.990518054e-09,1.000000000e-05,1.000000000e+00,0
116,5.670000000e-03,14,0,5,5.880492982e-09,1.000000000e-05,1.000000000e+00,0
117,5.680000000e-03,14,0,5,5.773886723e-09,1.000000000e-05,1.000000000e+00,0
118,5.690000000e-03,14,0,5,5.666215359e-09,1.000000000e-05,1.000000000e+00,0
119,5.700000000e-03,14,0,5,5.560379168e-09,1.000000000e-05,1.000000000e+00,0
120,5.710000000e-03,14,0,5,5.458391015e-09,1.000000000e-05,1.000000000e+00,0
121,5.720000000e-03,14,0,5,5.182567184e-09,1.000000000e-05,1.000000000e+00,0
122,5.730000000e-03,14,0,5,5.678075817e-09,1.000000000e-05,1.000000000e+00,0
123,5.740000000e-03,14,0,5,5.657051487e-09,1.000000000e-05,1.000000000e+00,0
124,5.750000000e-03,14,0,5,5.577584973e-09,1.000000000e-05,1.000000000e+00,0
125,5.760000000e-03,14,0,5,5.496205638e-09,1.000000000e-05,1.000000000e+00,0
126,5.770000000e-03,14,0,5,5.413507542e-09,1.000000000e-05,1.000000000e+00,0
127,5.780000000e-03,14,0,5,5.333003005e-09,1.000000000e-05,1.000000000e+00,0
128,5.790000000e-03,14,0,5,5.256452709e-09,1.000000000e-05,1.000000000e+00,0
129,5.800000000e-03,14,0,5,5.190943283e-09,1.000000000e-05,1.000000000e+00,0
130,5.810000000e-03,14,0,5,5.121925281e-09,1.000000000e-05,1.000000000e+00,0
131,5.820000000e-03,14,0,5,5.041856327e-09,1.000000000e-05,1.000000000e+00,0
132,5.830000000e-03,14,0,5,4.962315765e-09,1.000000000e-05,1.000000000e+00,0
133,5.840000000e-03,14,0,5,4.882354910e-09,1.000000000e-05,1.000000000e+00,0
134,5.850000000e-03,13,0,5,9.997215508e-09,1.000000000e-05,1.000000000e+00,0
135,5.860000000e-03,13,0,5,9.858322901e-09,1.000000000e-05,1.000000000e+00,0
136,5.870000000e-03,13,0,5,9.719356224e-09,1.000000000e-05,1.000000000e+00,0
137,5.880000000e-03,13,0,5,9.569383113e-09,1.000000000e-05,1.000000000e+00,0
138,5.890000000e-03,13,0,5,9.418764056e-09,1.000000000e-05,1.000000000e+00,0
139,5.900000000e-03,13,0,5,9.269531721e-09,1.000000000e-05,1.000000000e+00,0
140,5.910000000e-03,13,0,5,9.120562605e-09,1.000000000e-05,1.000000000e+00,0
141,5.920000000e-03,13,0,5,8.971033576e-09,1.000000000e-05,1.000000000e+00,0
142,5.930000000e-03,13,0,5,8.824082379e-09,1.000000000e-05,1.000000000e+00,0
143,5.940000000e-03,13,0,5,8.675342783e-09,1.000000000e-05,1.000000000e+00,0
144,5.950000000e-03,13,0,5,8.521261140e-09,1.000000000e-05,1.000000000e+00,0
145,5.960000000e-03,13,0,5,8.380521557e-09,1.000000000e-05,1.000000000e+00,0
146,5.970000000e-03,13,0,5,8.233292834e-09,1.000000000e-05,1.000000000e+00,0
147,5.980000000e-03,13,0,5,8.243411505e-09,1.000000000e-05,1.000000000e+00,0
148,5.990000000e-03,13,0,5,8.996482546e-09,1.000000000e-05,1.000000000e+00,0
149,6.000000000e-03,13,0,5,8.901598591e-09,1.000000000e-05,1.000000000e+00,0
150,6.010000000e-03,13,0,5,8.762641306e-09,1.000000000e-05,1.000000000e+00,0
151,6.020000000e-03,14,0,5,6.241071668e-09,1.000000000e-05,1.000000000e+00,0
152,6.030000000e-03,14,0,5,6.363387140e-09,1.000000000e-05,1.000000000e+00,0
153,6.040000000e-03,14,0,5,6.367189052e-09,1.000000000e-05,1.000000000e+00,0
154,6.050000000e-03,14,0,5,6.343072994e-09,1.000000000e-05,1.000000000e+00,0
155,6.060000000e-03,14,0,5,6.316149770e-09,1.000000000e-05,1.000000000e+00,0
156,6.070000000e-03,14,0,5,6.289059879e-09,1.000000000e-05,1.000000000e+00,0
157,6.080000000e-03,14,0,5,6.262104135e-09,1.000000000e-05,1.000000000e+00,0
158,6.090000000e-03,13,0,5,7.688380002e-09,1.000000000e-05,1.000000000e+00,0
159,6.100000000e-03,13,0,5,7.754567203e-09,1.000000000e-05,1.000000000e+00,0
160,6.110000000e-03,13,0,5,7.729987561e-09,1.000000000e-05,1.000000000e+00,0
161,6.120000000e-03,13,0,5,7.697783586e-09,1.000000000e-05,1.000000000e+00,0
162,6.130000000e-03,13,0,5,7.664966484e-09,1.000000000e-05,1.000000000e+00,0
163,6.140000000e-03,13,0,5,7.632231224e-09,1.000000000e-05,1.000000000e+00,0
164,6.150000000e-03,13,0,5,7.599655520e-09,1.000000000e-05,1.000000000e+00,0
165,6.160000000e-03,13,0,5,7.567356443e-09,1.000000000e-05,1.000000000e+00,0
166,6.170000000e-03,13,0,5,7.535617750e-09,1.000000000e-05,1.000000000e+00,0
167,6.180000000e-03,13,0,5,7.503987152e-09,1.000000000e-05,1.000000000e+00,0
168,6.190000000e-03,13,0,5,7.472166583e-09,1.000000000e-05,1.000000000e+00,0
169,6.200000000e-03,13,0,5,7.440424805e-09,1.000000000e-05,1.000000000e+00,0
170,6.210000000e-03,13,0,5,7.408837084e-09,1.000000000e-05,1.000000000e+00,0
171,6.220000000e-03,13,0,5,7.377393018e-09,1.000000000e-05,1.000000000e+00,0
172,6.230000000e-03,13,0,5,7.346030614e-09,1.000000000e-05,1.000000000e+00,0
173,6.240000000e-03,13,0,5,7.314847953e-09,1.000000000e-05,1.000000000e+00,0
174,6.250000000e-03,13,0,5,7.283905899e-09,1.000000000e-05,1.000000000e+00,0
175,6.260000000e-03,13,0,5,7.253133166e-09,1.000000000e-05,1.000000000e+00,0
176,6.270000000e-03,13,0,5,7.222518975e-09,1.000000000e-05,1.000000000e+00,0
177,6.280000000e-03,13,0,5,7.192062798e-09,1.000000000e-05,1.000000000e+00,0
178,6.290000000e-03,13,0,5,7.161763903e-09,1.000000000e-05,1.000000000e+00,0
179,6.300000000e-03,13,0,5,7.131621572e-09,1.000000000e-05,1.000000000e+00,0
180,6.310000000e-03,13,0,5,7.101641628e-09,1.000000000e-05,1.000000000e+00,0
181,6.320000000e-03,13,0,5,7.011723678e-09,1.000000000e-05,1.000000000e+00,0
182,6.330000000e-03,15,0,4,9.135366097e-09,1.000000000e-05,1.000000000e+00,0
183,6.340000000e-03,14,0,4,8.671623475e-09,1.000000000e-05,1.000000000e+00,0
184,6.350000000e-03,14,0,4,8.645719922e-09,1.000000000e-05,1.000000000e+00,0
185,6.360000000e-03,14,0,4,8.610584199e-09,1.000000000e-05,1.000000000e+00,0
186,6.370000000e-03,14,0,4,8.573291265e-09,1.000000000e-05,1.000000000e+00,0
187,6.380000000e-03,14,0,4,8.533914017e-09,1.000000000e-05,1.000000000e+00,0
188,6.390000000e-03,14,0,4,8.497084618e-09,1.000000000e-05,1.000000000e+00,0
189,6.400000000e-03,14,0,4,8.461896673e-09,1.000000000e-05,1.000000000e+00,0
190,6.410000000e-03,14,0,4,8.427120764e-09,1.000000000e-05,1.000000000e+00,0
191,6.420000000e-03,14,0,4,8.393102964e-09,1.000000000e-05,1.000000000e+00,0
192,6.430000000e-03,14,0,4,8.359432391e-09,1.000000000e-05,1.000000000e+00,0
193,6.440000000e-03,14,0,4,8.325574278e-09,1.000000000e-05,1.000000000e+00,0
194,6.450000000e-03,14,0,4,8.291484755e-09,1.000000000e-05,1.000000000e+00,0
195,6.460000000e-03,14,0,4,8.257773233e-09,1.000000000e-05,1.000000000e+00,0
196,6.470000000e-03,14,0,4,8.224218094e-09,1.000000000e-05,1.000000000e+00,0
197,6.480000000e-03,14,0,4,8.191864334e-09,1.000000000e-05,1.000000000e+00,0
198,6.490000000e-03,14,0,4,8.158964360e-09,1.000000000e-05,1.000000000e+00,0
199,6.500000000e-03,14,0,4,8.125957364e-09,1.000000000e-05,1.000000000e+00,0
200,6.510000000e-03,14,0,4,8.092673690e-09,1.000000000e-05,1.000000000e+00,0
201,6.520000000e-03,14,0,4,8.059872676e-09,1.000000000e-05,1.000000000e+00,0
202,6.530000000e-03,14,0,4,8.027312482e-09,1.000000000e-05,1.000000000e+00,0
203,6.540000000e-03,13,0,4,9.519043437e-09,1.000000000e-05,1.000000000e+00,0
204,6.550000000e-03,13,0,4,9.641057970e-09,1.000000000e-05,1.000000000e+00,0
205,6.560000000e-03,13,0,4,9.623366225e-09,1.000000000e-05,1.000000000e+00,0
206,6.570000000e-03,13,0,4,9.587880825e-09,1.000000000e-05,1.000000000e+00,0
207,6.580000000e-03,13,0,4,9.549930034e-09,1.000000000e-05,1.000000000e+00,0
208,6.590000000e-03,13,0,4,9.511737210e-09,1.000000000e-05,1.000000000e+00,0
209,6.600000000e-03,13,0,4,9.473657181e-09,1.000000000e-05,1.000000000e+00,0
210,6.610000000e-03,13,0,4,9.435687812e-09,1.000000000e-05,1.000000000e+00,0
211,6.620000000e-03,13,0,4,9.397585664e-09,1.000000000e-05,1.000000000e+00,0
212,6.630000000e-03,13,0,4,9.359641375e-09,1.000000000e-05,1.000000000e+00,0
213,6.640000000e-03,13,0,4,9.322106775e-09,1.000000000e-05,1.000000000e+00,0
214,6.650000000e-03,13,0,4,9.285326956e-09,1.000000000e-05,1.000000000e+00,0
215,6.660000000e-03,13,0,4,9.248123016e-09,1.000000000e-05,1.000000000e+00,0
216,6.670000000e-03,13,0,4,9.211173520e-09,1.000000000e-05,1.000000000e+00,0
217,6.680000000e-03,13,0,4,9.174260800e-09,1.000000000e-05,1.000000000e+00,0
218,6.690000000e-03,13,0,4,9.137454988e-09,1.000000000e-05,1.000000000e+00,0
219,6.700000000e-03,13,0,4,9.100871566e-09,1.000000000e-05,1.000000000e+00,0
220,6.710000000e-03,13,0,4,9.064537497e-09,1.000000000e-05,1.000000000e+00,0
221,6.720000000e-03,13,0,4,9.028906502e-09,1.000000000e-05,1.000000000e+00,0
222,6.730000000e-03,13,0,4,8.992922986e-09,1.000000000e-05,1.000000000e+00,0
223,6.740000000e-03,13,0,4,8.957056440e-09,1.000000000e-05,1.000000000e+00,0
224,6.750000000e-03,13,0,4,8.921599259e-09,1.000000000e-05,1.000000000e+00,0
225,6.760000000e-03,13,0,4,8.886074779e-09,1.000000000e-05,1.000000000e+00,0
226,6.770000000e-03,13,0,4,8.850718217e-09,1.000000000e-05,1.000000000e+00,0
227,6.780000000e-03,13,0,4,8.815539411e-09,1.000000000e-05,1.000000000e+00,0
228,6.790000000e-03,13,0,4,8.780536914e-09,1.000000000e-05,1.000000000e+00,0
229,6.800000000e-03,13,0,4,8.745843128e-09,1.000000000e-05,1.000000000e+00,0
230,6.810000000e-03,13,0,4,8.711589705e-09,1.000000000e-05,1.000000000e+00,0
231,6.820000000e-03,13,0,4,8.677152198e-09,1.000000000e-05,1.000000000e+00,0
232,6.830000000e-03,13,0,4,8.642844257e-09,1.000000000e-05,1.000000000e+00,0
233,6.840000000e-03,13,0,4,8.608701423e-09,1.000000000e-05,1.000000000e+00,0
234,6.850000000e-03,13,0,4,8.574734116e-09,1.000000000e-05,1.000000000e+00,0
235,6.860000000e-03,13,0,4,8.540932905e-09,1.000000000e-05,1.000000000e+00,0
236,6.870000000e-03,13,0,4,8.507297746e-09,1.000000000e-05,1.000000000e+00,0
237,6.880000000e-03,13,0,4,8.473829210e-09,1.000000000e-05,1.000000000e+00,0
238,6.890000000e-03,13,0,4,8.440528349e-09,1.000000000e-05,1.000000000e+00,0
239,6.900000000e-03,13,0,4,8.407393239e-09,1.000000000e-05,1.000000000e+00,0
240,6.910000000e-03,14,0,4,7.036043034e-09,1.000000000e-05,1.000000000e+00,0
241,6.920000000e-03,12,0,4,9.810497465e-09,1.000000000e-05,1.000000000e+00,0
242,6.930000000e-03,14,0,4,7.104429798e-09,1.000000000e-05,1.000000000e+00,0
243,6.940000000e-03,12,0,4,9.751759922e-09,1.000000000e-05,1.000000000e+00,0
244,6.950000000e-03,14,0,4,7.051342886e-09,1.000000000e-05,1.000000000e+00,0
245,6.960000000e-03,12,0,4,9.676281224e-09,1.000000000e-05,1.000000000e+00,0
246,6.970000000e-03,12,0,4,9.950330248e-09,1.000000000e-05,1.000000000e+00,0
247,6.980000000e-03,12,0,4,9.957135739e-09,1.000000000e-05,1.000000000e+00,0
248,6.990000000e-03,12,0,4,9.926018991e-09,1.000000000e-05,1.000000000e+00,0
249,7.000000000e-03,12,0,4,9.888874207e-09,1.000000000e-05,1.000000000e+00,0
250,7.010000000e-03,12,0,4,9.850803653e-09,1.000000000e-05,1.000000000e+00,0
251,7.020000000e-03,12,0,4,9.812706791e-09,1.000000000e-05,1.000000000e+00,0
252,7.030000000e-03,12,0,4,9.774753050e-09,1.000000000e-05,1.000000000e+00,0
253,7.040000000e-03,12,0,4,9.737294443e-09,1.000000000e-05,1.000000000e+00,0
254,7.050000000e-03,12,0,4,9.699517360e-09,1.000000000e-05,1.000000000e+00,0
255,7.060000000e-03,12,0,4,9.661838333e-09,1.000000000e-05,1.000000000e+00,0
256,7.070000000e-03,12,0,4,9.624333795e-09,1.000000000e-05,1.000000000e+00,0
257,7.080000000e-03,12,0,4,9.587012873e-09,1.000000000e-05,1.000000000e+00,0
258,7.090000000e-03,12,0,4,9.549873747e-09,1.000000000e-05,1.000000000e+00,0
259,7.100000000e-03,12,0,4,9.512919940e-09,1.000000000e-05,1.000000000e+00,0
260,7.110000000e-03,12,0,4,9.476149335e-09,1.000000000e-05,1.000000000e+00,0
261,7.120000000e-03,12,0,4,9.439560542e-09,1.000000000e-05,1.000000000e+00,0
262,7.130000000e-03,12,0,4,9.403152533e-09,1.000000000e-05,1.000000000e+00,0
263,7.140000000e-03,12,0,4,9.366924687e-09,1.000000000e-05,1.000000000e+00,0
264,7.150000000e-03,12,0,4,9.330878528e-09,1.000000000e-05,1.000000000e+00,0
265,7.160000000e-03,12,0,4,9.295008425e-09,1.000000000e-05,1.000000000e+00,0
266,7.170000000e-03,12,0,4,9.259586201e-09,1.000000000e-05,1.000000000e+00,0
267,7.180000000e-03,12,0,4,9.224066087e-09,1.000000000e-05,1.000000000e+00,0
268,7.190000000e-03,12,0,4,9.188720619e-09,1.000000000e-05,1.000000000e+00,0
269,7.200000000e-03,12,0,4,9.153549428e-09,1.000000000e-05,1.000000000e+00,0
270,7.210000000e-03,12,0,4,9.118550857e-09,1.000000000e-05,1.000000000e+00,0
271,7.220000000e-03,12,0,4,9.083724248e-09,1.000000000e-05,1.000000000e+00,0
272,7.230000000e-03,12,0,4,9.049068181e-09,1.000000000e-05,1.000000000e+00,0
273,7.240000000e-03,12,0,4,9.014581812e-09,1.000000000e-05,1.000000000e+00,0
274,7.250000000e-03,12,0,4,8.980264877e-09,1.000000000e-05,1.000000000e+00,0
275,7.260000000e-03,12,0,4,8.946114823e-09,1.000000000e-05,1.000000000e+00,0
276,7.270000000e-03,12,0,4,8.912130830e-09,1.000000000e-05,1.000000000e+00,0
277,7.280000000e-03,12,0,4,8.878314002e-09,1.000000000e-05,1.000000000e+00,0
278,7.290000000e-03,12,0,4,8.844662826e-09,1.000000000e-05,1.000000000e+00,0
279,7.300000000e-03,12,0,4,8.811176110e-09,1.000000000e-05,1.000000000e+00,0
280,7.310000000e-03,12,0,4,8.777834450e-09,1.000000000e-05,1.000000000e+00,0
281,7.320000000e-03,12,0,4,8.744654938e-09,1.000000000e-05,1.000000000e+00,0
282,7.330000000e-03,12,0,4,8.711652415e-09,1.000000000e-05,1.000000000e+00,0
283,7.340000000e-03,12,0,4,8.678945763e-09,1.000000000e-05,1.000000000e+00,0
284,7.350000000e-03,12,0,4,8.646476307e-09,1.000000000e-05,1.000000000e+00,0
285,7.360000000e-03,13,0,4,7.207757808e-09,1.000000000e-05,1.000000000e+00,0
286,7.370000000e-03,13,0,4,7.037156365e-09,1.000000000e-05,1.000000000e+00,0
287,7.380000000e-03,13,0,4,6.992103456e-09,1.000000000e-05,1.000000000e+00,0
288,7.390000000e-03,13,0,4,6.963096042e-09,1.000000000e-05,1.000000000e+00,0
289,7.400000000e-03,11,0,4,9.978892978e-09,1.000000000e-05,1.000000000e+00,0
290,7.410000000e-03,13,0,4,7.210997536e-09,1.000000000e-05,1.000000000e+00,0
291,7.420000000e-03,11,0,4,9.953931087e-09,1.000000000e-05,1.000000000e+00,0
292,7.430000000e-03,13,0,4,7.164830711e-09,1.000000000e-05,1.000000000e+00,0
293,7.440000000e-03,11,0,4,9.881328779e-09,1.000000000e-05,1.000000000e+00,0
294,7.450000000e-03,13,0,4,7.111759637e-09,1.000000000e-05,1.000000000e+00,0
295,7.460000000e-03,11,0,4,9.808008653e-09,1.000000000e-05,1.000000000e+00,0
296,7.470000000e-03,13,0,4,7.058934510e-09,1.000000000e-05,1.000000000e+00,0
297,7.480000000e-03,11,0,4,9.735337862e-09,1.000000000e-05,1.000000000e+00,0
298,7.490000000e-03,13,0,4,7.006605972e-09,1.000000000e-05,1.000000000e+00,0
299,7.500000000e-03,11,0,4,9.663531366e-09,1.000000000e-05,1.000000000e+00,0
300,7.510000000e-03,11,0,4,9.982012889e-09,1.000000000e-05,1.000000000e+00,0
301,7.520000000e-03,13,0,4,6.974092606e-09,1.000000000e-05,1.000000000e+00,0
302,7.530000000e-03,11,0,4,9.565252511e-09,1.000000000e-05,1.000000000e+00,0
303,7.540000000e-03,11,0,4,9.873750681e-09,1.000000000e-05,1.000000000e+00,0
304,7.550000000e-03,11,0,4,9.893536214e-09,1.000000000e-05,1.000000000e+00,0
305,7.560000000e-03,11,0,4,9.867597619e-09,1.000000000e-05,1.000000000e+00,0
306,7.570000000e-03,11,0,4,9.833473239e-09,1.000000000e-05,1.000000000e+00,0
307,7.580000000e-03,11,0,4,9.797839513e-09,1.000000000e-05,1.000000000e+00,0
308,7.590000000e-03,11,0,4,9.762029937e-09,1.000000000e-05,1.000000000e+00,0
309,7.600000000e-03,11,0,4,9.726303579e-09,1.000000000e-05,1.000000000e+00,0
310,7.610000000e-03,11,0,4,9.690933334e-09,1.000000000e-05,1.000000000e+00,0
311,7.620000000e-03,11,0,4,9.655683125e-09,1.000000000e-05,1.000000000e+00,0
312,7.630000000e-03,11,0,4,9.620459775e-09,1.000000000e-05,1.000000000e+00,0
313,7.640000000e-03,11,0,4,9.585379719e-09,1.000000000e-05,1.000000000e+00,0
314,7.650000000e-03,11,0,4,9.550455231e-09,1.000000000e-05,1.000000000e+00,0
315,7.660000000e-03,11,0,4,9.515692234e-09,1.000000000e-05,1.000000000e+00,0
316,7.670000000e-03,11,0,4,9.481095871e-09,1.000000000e-05,1.000000000e+00,0
317,7.680000000e-03,11,0,4,9.446663002e-09,1.000000000e-05,1.000000000e+00,0
318,7.690000000e-03,11,0,4,9.412393780e-09,1.000000000e-05,1.000000000e+00,0
319,7.700000000e-03,11,0,4,9.378603174e-09,1.000000000e-05,1.000000000e+00,0
320,7.710000000e-03,11,0,4,9.344657362e-09,1.000000000e-05,1.000000000e+00,0
321,7.720000000e-03,11,0,4,9.310868646e-09,1.000000000e-05,1.000000000e+00,0
322,7.730000000e-03,11,0,4,9.277239593e-09,1.000000000e-05,1.000000000e+00,0
323,7.740000000e-03,11,0,4,9.243767130e-09,1.000000000e-05,1.000000000e+00,0
324,7.750000000e-03,11,0,4,9.210449669e-09,1.000000000e-05,1.000000000e+00,0
325,7.760000000e-03,11,0,4,9.177290048e-09,1.000000000e-05,1.000000000e+00,0
326,7.770000000e-03,11,0,4,9.144285862e-09,1.000000000e-05,1.000000000e+00,0
327,7.780000000e-03,11,0,4,9.111300663e-09,1.000000000e-05,1.000000000e+00,0
328,7.790000000e-03,11,0,4,9.078403492e-09,1.000000000e-05,1.000000000e+00,0
329,7.800000000e-03,11,0,4,9.045828646e-09,1.000000000e-05,1.000000000e+00,0
330,7.810000000e-03,11,0,4,9.013435477e-09,1.000000000e-05,1.000000000e+00,0
331,7.820000000e-03,11,0,4,8.981197787e-09,1.000000000e-05,1.000000000e+00,0
332,7.830000000e-03,11,0,4,8.949109757e-09,1.000000000e-05,1.000000000e+00,0
333,7.840000000e-03,11,0,4,8.917172614e-09,1.000000000e-05,1.000000000e+00,0
334,7.850000000e-03,11,0,4,8.885384170e-09,1.000000000e-05,1.000000000e+00,0
335,7.860000000e-03,11,0,4,8.853743748e-09,1.000000000e-05,1.000000000e+00,0
336,7.870000000e-03,11,0,4,8.822250092e-09,1.000000000e-05,1.000000000e+00,0
337,7.880000000e-03,11,0,4,8.790902605e-09,1.000000000e-05,1.000000000e+00,0
338,7.890000000e-03,11,0,4,8.759701740e-09,1.000000000e-05,1.000000000e+00,0
339,7.900000000e-03,12,0,4,7.267952419e-09,1.000000000e-05,1.000000000e+00,0
340,7.910000000e-03,12,0,4,7.075033435e-09,1.000000000e-05,1.000000000e+00,0
341,7.920000000e-03,12,0,4,7.025628608e-09,1.000000000e-05,1.000000000e+00,0
342,7.930000000e-03,12,0,4,6.996735630e-09,1.000000000e-05,1.000000000e+00,0
343,7.940000000e-03,12,0,4,6.971284986e-09,1.000000000e-05,1.000000000e+00,0
344,7.950000000e-03,12,0,4,6.946544904e-09,1.000000000e-05,1.000000000e+00,0
345,7.960000000e-03,12,0,4,6.922033840e-09,1.000000000e-05,1.000000000e+00,0
346,7.970000000e-03,12,0,4,6.897659087e-09,1.000000000e-05,1.000000000e+00,0
347,7.980000000e-03,12,0,4,6.873401454e-09,1.000000000e-05,1.000000000e+00,0
348,7.990000000e-03,10,0,4,9.970588665e-09,1.000000000e-05,1.000000000e+00,0
349,8.000000000e-03,12,0,4,7.168548908e-09,1.000000000e-05,1.000000000e+00,0
