step,t_us,crack_tip_x_mm,n_crack_tips,crack_vel_mms,crack_vel_frac_cR,branched
10760,18.3585,16.101068,1,5505.27,0.0060,0
10780,18.3926,16.114408,1,390914.19,0.4250,0
10800,18.4267,16.152728,1,1122982.12,1.2208,0
10820,18.4609,16.164369,1,341153.73,0.3709,0
10840,18.4950,16.176011,1,341153.73,0.3709,0
10860,18.5291,16.224274,1,1414375.39,1.5375,0
10880,18.5632,16.225972,1,49760.46,0.0541,0
10900,18.5973,16.237614,1,341153.73,0.3709,0
10920,18.6315,16.277632,1,1172742.58,1.2749,0
10940,18.6656,16.299217,1,632547.00,0.6876,0
10960,18.6997,16.312556,1,390914.19,0.4250,0
10980,18.7338,16.337537,1,732067.93,0.7958,0
11000,18.7680,16.375857,1,1122982.12,1.2208,0
11020,18.8021,16.389196,1,390914.19,0.4250,0
11040,18.8362,16.400838,1,341153.73,0.3709,0
11060,18.8703,16.424120,1,682307.46,0.7417,0
11080,18.9045,16.435762,1,341153.73,0.3709,0
11100,18.9386,16.475780,1,1172742.58,1.2749,0
11120,18.9727,16.502459,1,781828.39,0.8499,0
11140,19.0068,16.514100,1,341153.73,0.3709,0
11160,19.0410,16.525742,1,341153.73,0.3709,0
11180,19.0751,16.539081,1,390914.19,0.4250,0
11200,19.1092,16.552420,1,390914.19,0.4250,0
11220,19.1433,16.600684,1,1414375.39,1.5375,0
11240,19.1774,16.625665,1,732067.93,0.7958,0
11260,19.2116,16.648947,1,682307.46,0.7417,0
11280,19.2457,16.652343,1,99520.93,0.1082,0
11300,19.2798,16.688966,1,1073221.66,1.1667,0
11320,19.3139,16.700607,1,341153.73,0.3709,0
11340,19.3481,16.725588,1,732067.93,0.7958,0
11360,19.3822,16.762210,1,1073221.66,1.1667,0
11380,19.4163,16.775549,1,390914.19,0.4250,0
11400,19.4504,16.790587,1,440674.66,0.4790,0
11420,19.4846,16.813869,1,682307.46,0.7417,0
11440,19.5187,16.827209,1,390914.19,0.4250,0
11460,19.5528,16.852190,1,732067.93,0.7958,0
11480,19.5869,16.877170,1,732067.93,0.7958,0
11500,19.6211,16.910397,1,973700.73,1.0585,0
11520,19.6552,16.925434,1,440674.66,0.4790,0
11540,19.6893,16.952113,1,781828.39,0.8499,0
11560,19.7234,16.965452,1,390914.19,0.4250,0
11580,19.7575,16.977093,1,341153.73,0.3709,0
11600,19.7917,17.013716,1,1073221.66,1.1667,0
11620,19.8258,17.027055,1,390914.19,0.4250,0
11640,19.8599,17.063677,1,1073221.66,1.1667,0
11660,19.8940,17.077017,1,390914.19,0.4250,0
11680,19.9282,17.090356,1,390914.19,0.4250,0
11700,19.9623,17.126978,1,1073221.66,1.1667,0
11720,19.9964,17.148563,1,632547.00,0.6876,0
11740,20.0305,17.165298,1,490435.12,0.5331,0
11760,20.0647,17.190279,1,732067.93,0.7958,0
11780,20.0988,17.213562,1,682307.46,0.7417,0
11800,20.1329,17.263523,1,1464135.85,1.5916,0
11820,20.1670,17.276863,1,390914.19,0.4250,0
11840,20.2012,17.300145,1,682307.46,0.7417,0
11860,20.2353,17.326824,1,781828.39,0.8499,0
11880,20.2694,17.426747,1,2928271.71,3.1833,0
11900,20.3035,17.550379,1,3623066.99,3.9386,0
11920,20.3376,17.553405,1,88679.05,0.0964,0
11940,20.3718,17.559412,1,176013.82,0.1913,0
11960,20.4059,17.559412,1,0.00,0.0000,0
11980,20.4400,17.559412,1,0.00,0.0000,0
12000,20.4741,17.568307,1,260680.40,0.2834,0
12020,20.5083,17.568307,1,0.00,0.0000,0
12040,20.5424,17.568307,1,0.00,0.0000,0
12060,20.5765,17.568307,1,0.00,0.0000,0
12080,20.6106,17.568307,1,0.00,0.0000,0
12100,20.6448,17.568307,1,0.00,0.0000,0
12120,20.6789,17.568307,1,0.00,0.0000,0
12140,20.7130,17.568307,1,0.00,0.0000,0
12160,20.7471,17.568307,1,0.00,0.0000,0
12180,20.7813,17.568307,1,0.00,0.0000,0
12200,20.8154,17.568307,1,0.00,0.0000,0
12220,20.8495,17.568307,1,0.00,0.0000,0
12240,20.8836,17.568307,1,0.00,0.0000,0
12260,20.9177,17.969230,1,11749159.69,12.7723,0
12280,20.9519,18.003079,1,991961.50,1.0783,0
12300,20.9860,18.014644,1,338915.06,0.3684,0
12320,21.0201,18.039625,1,732067.93,0.7958,0
12340,21.0542,18.052965,1,390914.19,0.4250,0
12360,21.0884,18.076247,1,682300.61,0.7417,0
12380,21.1225,18.091285,1,440681.51,0.4791,0
12400,21.1566,18.114568,1,682307.46,0.7417,0
12420,21.1907,18.139548,1,732067.93,0.7958,0
12440,21.2249,18.152888,1,390914.19,0.4250,0
12460,21.2590,18.177868,1,732067.93,0.7958,0
12480,21.2931,18.202849,1,732067.93,0.7958,0
12500,21.3272,18.226132,1,682307.46,0.7417,0
12520,21.3614,18.227830,1,49760.46,0.0541,0
12540,21.3955,18.264452,1,1073221.66,1.1667,0
12560,21.4296,18.276094,1,341153.73,0.3709,0
12580,21.4637,18.314414,1,1122982.12,1.2208,0
12600,21.4978,18.316112,1,49760.46,0.0541,0
12620,21.5320,18.364375,1,1414375.39,1.5375,0
12640,21.5661,18.366073,1,49760.46,0.0541,0
12660,21.6002,18.377715,1,341153.73,0.3709,0
12680,21.6343,18.402695,1,732067.93,0.7958,0
12700,21.6685,18.404393,1,49760.46,0.0541,0
12720,21.7026,18.452657,1,1414375.39,1.5375,0
12740,21.7367,18.465996,1,390914.19,0.4250,0
12760,21.7708,18.477638,1,341153.73,0.3709,0
12780,21.8050,18.502619,1,732067.93,0.7958,0
12800,21.8391,18.527599,1,732067.93,0.7958,0
12820,21.8732,18.552580,1,732067.93,0.7958,0
12840,21.9073,18.577561,1,732067.93,0.7958,0
12860,21.9415,18.589202,1,341153.73,0.3709,0
12880,21.9756,18.605938,1,490435.12,0.5331,0
12900,22.0097,18.629220,1,682307.46,0.7417,0
12920,22.0438,18.642560,1,390914.19,0.4250,0
12940,22.0779,18.680880,1,1122982.12,1.2208,0
12960,22.1121,18.692521,1,341153.73,0.3709,0
12980,22.1462,18.729143,1,1073221.66,1.1667,0
13000,22.1803,18.742483,1,390914.19,0.4250,0
13020,22.2144,18.755822,1,390914.19,0.4250,0
13040,22.2486,18.782501,1,781828.39,0.8499,0
13060,22.2827,18.797294,1,433505.15,0.4713,0
13080,22.3168,18.810633,1,390914.19,0.4250,0
13100,22.3509,18.829067,1,540195.58,0.5872,0
13120,22.3851,18.842406,1,390914.19,0.4250,0
13140,22.4192,18.885575,1,1265094.00,1.3753,0
13160,22.4533,18.894065,1,248802.32,0.2705,0
13180,22.4874,18.925594,1,923940.27,1.0044,0
13200,22.5216,18.935537,1,291393.27,0.3168,0
13220,22.5557,18.975555,1,1172742.58,1.2749,0
13240,22.5898,18.988895,1,390914.19,0.4250,0
13260,22.6239,19.023819,1,1023461.20,1.1126,0
13280,22.6581,19.035460,1,341153.73,0.3709,0
13300,22.6922,19.047101,1,341153.73,0.3709,0
13320,22.7263,19.060441,1,390914.19,0.4250,0
13340,22.7604,19.085422,1,732067.93,0.7958,0
13360,22.7945,19.122044,1,1073221.66,1.1667,0
13380,22.8287,19.135383,1,390914.19,0.4250,0
13400,22.8628,19.148723,1,390914.19,0.4250,0
13420,22.8969,19.160364,1,341153.73,0.3709,0
13440,22.9310,19.183647,1,682307.46,0.7417,0
13460,22.9652,19.233608,1,1464135.85,1.5916,0
13480,22.9993,19.235306,1,49760.46,0.0541,0
13500,23.0334,19.271928,1,1073221.66,1.1667,0
13520,23.0675,19.295211,1,682307.46,0.7417,0
13540,23.1017,19.308551,1,390914.19,0.4250,0
13560,23.1358,19.321890,1,390914.19,0.4250,0
13580,23.1699,19.333531,1,341153.73,0.3709,0
13600,23.2040,19.358512,1,732067.93,0.7958,0
13620,23.2382,19.381795,1,682307.46,0.7417,0
13640,23.2723,19.395134,1,390914.19,0.4250,0
13660,23.3064,19.420115,1,732067.93,0.7958,0
13680,23.3405,19.445096,1,732067.93,0.7958,0
13700,23.3746,19.456737,1,341153.73,0.3709,0
13720,23.4088,19.470077,1,390914.19,0.4250,0
13740,23.4429,19.493359,1,682307.46,0.7417,0
13760,23.4770,19.520038,1,781828.39,0.8499,0
13780,23.5111,19.533378,1,390914.19,0.4250,0
13800,23.5453,19.556660,1,682307.46,0.7417,0
13820,23.5794,19.606622,1,1464135.85,1.5916,0
13840,23.6135,19.608320,1,49760.46,0.0541,0
13860,23.6476,19.619961,1,341153.73,0.3709,0
13880,23.6818,19.633301,1,390914.19,0.4250,0
13900,23.7159,19.681564,1,1414375.39,1.5375,0
13920,23.7500,19.694904,1,390914.19,0.4250,0
13940,23.7841,19.708243,1,390914.19,0.4250,0
13960,23.8183,19.758204,1,1464135.85,1.5916,0
13980,23.8524,19.769846,1,341153.73,0.3709,0
14000,23.8865,19.773242,1,99520.93,0.1082,0
14020,23.9206,19.798223,1,732067.93,0.7958,0
14040,23.9547,20.100379,1,8854780.62,9.6259,0
14060,23.9889,20.103405,1,88679.05,0.0964,0
14080,24.0230,20.109412,1,176013.82,0.1913,0
14100,24.0571,20.109412,1,0.00,0.0000,0
14120,24.0912,20.109412,1,0.00,0.0000,0
14140,24.1254,20.109412,1,0.00,0.0000,0
14160,24.1595,20.118307,1,260680.40,0.2834,0
14180,24.1936,20.118307,1,0.00,0.0000,0
14200,24.2277,20.118307,1,0.00,0.0000,0
14220,24.2619,20.118307,1,0.00,0.0000,0
14240,24.2960,20.118307,1,0.00,0.0000,0
14260,24.3301,20.118307,1,0.00,0.0000,0
14280,24.3642,20.118307,1,0.00,0.0000,0
14300,24.3984,20.118307,1,0.00,0.0000,0
14320,24.4325,20.118307,1,0.00,0.0000,0
14340,24.4666,20.118307,1,0.00,0.0000,0
14360,24.5007,20.118307,1,0.00,0.0000,0
14380,24.5348,20.118307,1,0.00,0.0000,0
14400,24.5690,20.540554,1,12374059.12,13.4516,0
14420,24.6031,20.555551,1,439486.24,0.4778,0
14440,24.6372,20.567839,1,360109.99,0.3915,0
14460,24.6713,20.592768,1,730556.70,0.7942,0
14480,24.7055,20.617741,1,731823.40,0.7956,0
14500,24.7396,20.641021,1,682247.83,0.7417,0
14520,24.7737,20.654361,1,390914.19,0.4250,0
14540,24.8078,20.692681,1,1122982.12,1.2208,0
14560,24.8420,20.704322,1,341153.73,0.3709,0
14580,24.8761,20.729303,1,732067.93,0.7958,0
14600,24.9102,20.742643,1,390914.19,0.4250,0
14620,24.9443,20.754284,1,341153.73,0.3709,0
14640,24.9785,20.767623,1,390914.19,0.4250,0
14660,25.0126,20.815887,1,1414375.39,1.5375,0
14680,25.0467,20.817585,1,49760.46,0.0541,0
14700,25.0808,20.854207,1,1073221.66,1.1667,0
14720,25.1149,20.855905,1,49760.46,0.0541,0
14740,25.1491,20.867546,1,341153.73,0.3709,0
14760,25.1832,20.892527,1,732067.93,0.7958,0
14780,25.2173,20.905867,1,390914.19,0.4250,0
14800,25.2514,20.930847,1,732067.93,0.7958,0
14820,25.2856,20.955828,1,732067.93,0.7958,0
14840,25.3197,20.967469,1,341153.73,0.3709,0
14860,25.3538,20.969167,1,49760.46,0.0541,0
14880,25.3879,21.005790,1,1073221.66,1.1667,0
14900,25.4221,21.030770,1,732067.93,0.7958,0
14920,25.4562,21.042412,1,341153.73,0.3709,0
14940,25.4903,21.055751,1,390914.19,0.4250,0
14960,25.5244,21.090675,1,1023461.20,1.1126,0
14980,25.5586,21.094071,1,99520.93,0.1082,0
15000,25.5927,21.130694,1,1073221.66,1.1667,0
15020,25.6268,21.132392,1,49760.46,0.0541,0
15040,25.6609,21.140637,1,241632.81,0.2627,0
15060,25.6950,21.192296,1,1513896.32,1.6457,0
15080,25.7292,21.205636,1,390914.19,0.4250,0
15100,25.7633,21.215579,1,291393.27,0.3168,0
15120,25.7974,21.253899,1,1122982.12,1.2208,0
15140,25.8315,21.267239,1,390914.19,0.4250,0
15160,25.8657,21.293918,1,781828.39,0.8499,0
15180,25.8998,21.313804,1,582786.54,0.6335,0
15200,25.9339,21.318898,1,149281.39,0.1623,0
15220,25.9680,21.343879,1,732067.93,0.7958,0
15240,26.0022,21.362068,1,533026.07,0.5794,0
15260,26.0363,21.365464,1,99520.93,0.1082,0
15280,26.0704,21.402086,1,1073221.66,1.1667,0
15300,26.1045,21.425369,1,682307.46,0.7417,0
15320,26.1387,21.437010,1,341153.73,0.3709,0
15340,26.1728,21.448652,1,341153.73,0.3709,0
15360,26.2069,21.485518,1,1080391.17,1.1745,0
15380,26.2410,21.498613,1,383744.68,0.4172,0
15400,26.2751,21.510254,1,341153.73,0.3709,0
15420,26.3093,21.523838,1,398083.71,0.4327,0
15440,26.3434,21.546877,1,675137.95,0.7339,0
15460,26.3775,21.560216,1,390914.19,0.4250,0
15480,26.4116,21.585197,1,732067.93,0.7958,0
15500,26.4458,21.633460,1,1414375.39,1.5375,0
15520,26.4799,21.645102,1,341153.73,0.3709,0
15540,26.5140,21.658441,1,390914.19,0.4250,0
15560,26.5481,21.695063,1,1073221.66,1.1667,0
15580,26.5823,21.696761,1,49760.46,0.0541,0
15600,26.6164,21.708403,1,341153.73,0.3709,0
15620,26.6505,21.733383,1,732067.93,0.7958,0
15640,26.6846,21.756666,1,682307.46,0.7417,0
15660,26.7188,21.770006,1,390914.19,0.4250,0
15680,26.7529,21.806628,1,1073221.66,1.1667,0
15700,26.7870,21.819967,1,390914.19,0.4250,0
15720,26.8211,21.831608,1,341153.73,0.3709,0
15740,26.8552,21.856589,1,732067.93,0.7958,0
15760,26.8894,21.868231,1,341153.73,0.3709,0
15780,26.9235,21.906551,1,1122982.12,1.2208,0
15800,26.9576,21.918192,1,341153.73,0.3709,0
15820,26.9917,21.931532,1,390914.19,0.4250,0
15840,27.0259,21.944871,1,390914.19,0.4250,0
15860,27.0600,21.981493,1,1073221.66,1.1667,0
15880,27.0941,21.993134,1,341153.73,0.3709,0
15900,27.1282,22.006474,1,390914.19,0.4250,0
15920,27.1624,22.018115,1,341153.73,0.3709,0
15940,27.1965,22.031455,1,390914.19,0.4250,0
15960,27.2306,22.056435,1,732067.93,0.7958,0
15980,27.2647,22.079718,1,682307.46,0.7417,0
16000,27.2989,22.093058,1,390914.19,0.4250,0
16020,27.3330,22.104699,1,341153.73,0.3709,0
16040,27.3671,22.129680,1,732067.93,0.7958,0
16060,27.4012,22.143019,1,390914.19,0.4250,0
16080,27.4354,22.166302,1,682307.46,0.7417,0
16100,27.4695,22.179641,1,390914.19,0.4250,0
16120,27.5036,22.202924,1,682307.46,0.7417,0
16140,27.5377,22.216263,1,390914.19,0.4250,0
16160,27.5718,22.229603,1,390914.19,0.4250,0
16180,27.6060,22.252886,2,682307.46,0.7417,1
16200,27.6401,22.277866,2,732067.93,0.7958,1
16220,27.6742,22.291206,2,390914.19,0.4250,1
16240,27.7083,22.302847,2,341153.73,0.3709,1
16260,27.7425,22.653405,2,10273200.87,11.1678,1
16280,27.7766,22.653405,2,0.00,0.0000,1
16300,27.8107,22.659412,2,176013.82,0.1913,1
16320,27.8448,22.659412,2,0.00,0.0000,1
16340,27.8790,22.659412,2,0.00,0.0000,1
16360,27.9131,22.659412,2,0.00,0.0000,1
16380,27.9472,22.659412,2,0.00,0.0000,1
16400,27.9813,22.668307,2,260680.40,0.2834,1
16420,28.0155,22.668307,2,0.00,0.0000,1
16440,28.0496,22.668307,2,0.00,0.0000,1
16460,28.0837,22.668307,2,0.00,0.0000,1
16480,28.1178,22.668307,2,0.00,0.0000,1
16500,28.1519,22.668307,2,0.00,0.0000,1
16520,28.1861,22.668307,2,0.00,0.0000,1
16540,28.2202,22.668307,2,0.00,0.0000,1
16560,28.2543,22.668307,2,0.00,0.0000,1
16580,28.2884,23.050000,2,11185613.18,12.1597,1
16600,28.3226,23.074206,2,709366.42,0.7711,1
16620,28.3567,23.110535,2,1064626.61,1.1573,1
16640,28.3908,23.120532,2,292974.50,0.3185,1
16660,28.4249,23.144193,2,693370.42,0.7538,1
16680,28.4591,23.169185,2,732403.49,0.7962,1
16700,28.4932,23.180817,2,340883.41,0.3706,1
16720,28.5273,23.205796,2,732015.65,0.7958,1
16740,28.5614,23.219136,2,390930.83,0.4250,1
16760,28.5956,23.242418,2,682279.87,0.7417,1
16780,28.6297,23.280738,2,1122980.11,1.2208,1
16800,28.6638,23.292379,2,341153.73,0.3709,1
16820,28.6979,23.294077,2,49760.46,0.0541,1
16840,28.7320,23.330699,2,1073221.66,1.1667,1
16860,28.7662,23.344039,2,390914.19,0.4250,1
16880,28.8003,23.344039,2,0.00,0.0000,1
16900,28.8344,23.380661,2,1073221.66,1.1667,1
16920,28.8685,23.403944,2,682307.46,0.7417,1
16940,28.9027,23.418981,2,440674.66,0.4790,1
16960,28.9368,23.443962,2,732067.93,0.7958,1
16980,28.9709,23.480584,2,1073221.66,1.1667,1
17000,29.0050,23.482282,2,49760.46,0.0541,1
17020,29.0392,23.507263,2,732067.93,0.7958,1
17040,29.0733,23.530546,2,682307.46,0.7417,1
17060,29.1074,23.543885,2,390914.19,0.4250,1
17080,29.1415,23.557224,2,390914.19,0.4250,1
17100,29.1757,23.607186,2,1464135.85,1.5916,1
17120,29.2098,23.620525,2,390914.19,0.4250,1
17140,29.2439,23.632167,2,341153.73,0.3709,1
17160,29.2780,23.643808,2,341153.73,0.3709,1
17180,29.3121,23.683826,2,1172742.58,1.2749,1
17200,29.3463,23.693770,2,291393.27,0.3168,1
17220,29.3804,23.705411,2,341153.73,0.3709,1
17240,29.4145,23.745429,2,1172742.58,1.2749,1
17260,29.4486,23.757070,2,341153.73,0.3709,1
17280,29.4828,23.793693,2,1073221.66,1.1667,1
17300,29.5169,23.820371,2,781828.39,0.8499,1
17320,29.5510,23.832013,2,341153.73,0.3709,1
17340,29.5851,23.843654,2,341153.73,0.3709,1
17360,29.6193,23.845352,2,49760.46,0.0541,1
17380,29.6534,23.872031,2,781828.39,0.8499,1
17400,29.6875,23.883672,2,341153.73,0.3709,1
17420,29.7216,23.920294,2,1073221.66,1.1667,1
17440,29.7558,23.931936,2,341153.73,0.3709,1
17460,29.7899,23.946973,2,440674.66,0.4790,1
17480,29.8240,23.970256,2,682307.46,0.7417,1
17500,29.8581,23.983595,2,390914.19,0.4250,1
17520,29.8922,23.996935,2,390914.19,0.4250,1
17540,29.9264,24.018520,2,632547.00,0.6876,1
17560,29.9605,24.055142,2,1073221.66,1.1667,1
17580,29.9946,24.070179,2,440674.66,0.4790,1
17600,30.0287,24.103405,2,973700.73,1.0585,1
17620,30.0629,24.108499,2,149281.39,0.1623,1
17640,30.0970,24.128386,2,582786.54,0.6335,1
17660,30.1311,24.153367,2,732067.93,0.7958,1
17680,30.1652,24.166706,2,390914.19,0.4250,1
17700,30.1994,24.180046,2,390914.19,0.4250,1
17720,30.2335,24.189989,2,291393.27,0.3168,1
17740,30.2676,24.238253,2,1414375.39,1.5375,1
17760,30.3017,24.241649,2,99520.93,0.1082,1
17780,30.3359,24.249894,2,241632.81,0.2627,1
17800,30.3700,24.251592,2,49760.46,0.0541,1
17820,30.4041,24.289912,2,1122982.12,1.2208,1
17840,30.4382,24.313195,2,682307.46,0.7417,1
17860,30.4723,24.338176,2,732067.93,0.7958,1
17880,30.5065,24.351515,2,390914.19,0.4250,1
17900,30.5406,24.374798,2,682307.46,0.7417,1
17920,30.5747,24.388137,2,390914.19,0.4250,1
17940,30.6088,24.388382,2,7169.51,0.0078,1
17960,30.6430,24.424759,2,1066052.15,1.1589,1
17980,30.6771,24.448042,2,682307.46,0.7417,1
18000,30.7112,24.461381,2,390914.19,0.4250,1
18020,30.7453,24.474721,2,390914.19,0.4250,1
18040,30.7795,24.486362,2,341153.73,0.3709,1
18060,30.8136,24.524682,2,1122982.12,1.2208,1
18080,30.8477,24.561305,2,1073221.66,1.1667,1
18100,30.8818,24.564945,2,106690.44,0.1160,1
18120,30.9160,24.574644,2,284223.76,0.3090,1
18140,30.9501,24.586285,2,341153.73,0.3709,1
18160,30.9842,24.609568,2,682307.46,0.7417,1
18180,31.0183,24.622907,2,390914.19,0.4250,1
18200,31.0524,24.622907,2,0.00,0.0000,1
18220,31.0866,24.672869,2,1464135.85,1.5916,1
18240,31.1207,24.686208,2,390914.19,0.4250,1
18260,31.1548,24.697850,2,341153.73,0.3709,1
18280,31.1889,24.722831,2,732067.93,0.7958,1
18300,31.2231,24.736170,2,390914.19,0.4250,1
18320,31.2572,24.759453,2,682307.46,0.7417,1
18340,31.2913,24.786131,2,781828.39,0.8499,1
18360,31.3254,24.797773,2,341153.73,0.3709,1
18380,31.3596,24.822754,2,732067.93,0.7958,1
18400,31.3937,24.834395,2,341153.73,0.3709,1
18420,31.4278,24.861074,2,781828.39,0.8499,1
18440,31.4619,24.872715,2,341153.73,0.3709,1
18460,31.4961,25.203405,2,9690962.04,10.5349,1
18480,31.5302,25.203405,2,0.00,0.0000,1
18500,31.5643,25.209412,2,176013.82,0.1913,1
18520,31.5984,25.209412,2,0.00,0.0000,1
18540,31.6325,25.209412,2,0.00,0.0000,1
18560,31.6667,25.209412,2,0.00,0.0000,1
18580,31.7008,25.209412,2,0.00,0.0000,1
18600,31.7349,25.218307,2,260680.40,0.2834,1
18620,31.7690,25.218307,2,0.00,0.0000,1
18640,31.8032,25.218307,2,0.00,0.0000,1
18660,31.8373,25.218307,2,0.00,0.0000,1
18680,31.8714,25.218307,2,0.00,0.0000,1
18700,31.9055,25.218307,2,0.00,0.0000,1
18720,31.9397,25.218307,2,0.00,0.0000,1
18740,31.9738,25.218307,2,0.00,0.0000,1
18760,32.0079,25.218307,2,0.00,0.0000,1
18780,32.0420,25.218307,2,0.00,0.0000,1
18800,32.0762,25.218307,2,0.00,0.0000,1
18820,32.1103,25.637019,2,12270455.01,13.3390,1
18840,32.1444,25.657610,2,603440.68,0.6560,1
18860,32.1785,25.670646,2,382030.75,0.4153,1
18880,32.2127,25.695627,2,732067.93,0.7958,1
18900,32.2468,25.707269,2,341153.73,0.3709,1
18920,32.2809,25.732249,2,732067.93,0.7958,1
18940,32.3150,25.758928,2,781828.39,0.8499,1
18960,32.3491,25.770570,2,341153.73,0.3709,1
18980,32.3833,25.783909,2,390914.19,0.4250,1
19000,32.4174,25.807192,2,682307.46,0.7417,1
19020,32.4515,25.820531,2,390914.19,0.4250,1
19040,32.4856,25.845512,2,732067.93,0.7958,1
19060,32.5198,25.858851,2,390914.19,0.4250,1
19080,32.5539,25.883832,2,732067.93,0.7958,1
19100,32.5880,25.897171,2,390914.19,0.4250,1
19120,32.6221,25.908813,2,341153.73,0.3709,1
19140,32.6563,25.945435,2,1073221.66,1.1667,1
19160,32.6904,25.958774,2,390914.19,0.4250,1
19180,32.7245,25.970416,2,341153.73,0.3709,1
19200,32.7586,25.997095,2,781828.39,0.8499,1
19220,32.7928,26.010434,2,390914.19,0.4250,1
19240,32.8269,26.032019,2,632547.00,0.6876,1
19260,32.8610,26.047056,2,440674.66,0.4790,1
19280,32.8951,26.081980,2,1023461.20,1.1126,1
19300,32.9292,26.095320,2,390914.19,0.4250,1
19320,32.9634,26.106961,2,341153.73,0.3709,1
19340,32.9975,26.133640,2,781828.39,0.8499,1
19360,33.0316,26.145281,2,341153.73,0.3709,1
19380,33.0657,26.158621,2,390914.19,0.4250,1
19400,33.0999,26.171960,2,390914.19,0.4250,1
19420,33.1340,26.195243,2,682307.46,0.7417,1
19440,33.1681,26.206884,2,341153.73,0.3709,1
19460,33.2022,26.235261,2,831588.85,0.9040,1
19480,33.2364,26.248600,2,390914.19,0.4250,1
19500,33.2705,26.270185,2,632547.00,0.6876,1
19520,33.3046,26.273581,2,99520.93,0.1082,1
19540,33.3387,26.323543,2,1464135.85,1.5916,1
19560,33.3729,26.361863,2,1122982.12,1.2208,1
19580,33.4070,26.371806,2,291393.27,0.3168,1
19600,33.4411,26.393391,2,632547.00,0.6876,1
19620,33.4752,26.398485,2,149281.39,0.1623,1
19640,33.5093,26.423466,2,732067.93,0.7958,1
19660,33.5435,26.431711,2,241632.81,0.2627,1
19680,33.5776,26.433409,2,49760.46,0.0541,1
19700,33.6117,26.435107,2,49760.46,0.0541,1
19720,33.6458,26.495012,2,1755529.12,1.9084,1
19740,33.6800,26.506653,2,341153.73,0.3709,1
19760,33.7141,26.531634,2,732067.93,0.7958,1
19780,33.7482,26.544973,2,390914.19,0.4250,1
19800,33.7823,26.556615,2,341153.73,0.3709,1
19820,33.8165,26.569954,2,390914.19,0.4250,1
19840,33.8506,26.619916,2,1464135.85,1.5916,1
19860,33.8847,26.633255,2,390914.19,0.4250,1
19880,33.9188,26.653142,2,582786.54,0.6335,1
19900,33.9530,26.664783,2,341153.73,0.3709,1
19920,33.9871,26.679821,2,440674.66,0.4790,1
19940,34.0212,26.716443,2,1073221.66,1.1667,1
19960,34.0553,26.744820,2,831588.85,0.9040,1
19980,34.0894,26.754763,2,291393.27,0.3168,1
20000,34.1236,26.793083,2,1122982.12,1.2208,1
20020,34.1577,26.793083,2,0.00,0.0000,1
20040,34.1918,26.818064,2,732067.93,0.7958,1
20060,34.2259,26.829705,2,341153.73,0.3709,1
20080,34.2601,26.841347,2,341153.73,0.3709,1
20100,34.2942,26.889610,2,1414375.39,1.5375,1
20120,34.3283,26.893006,2,99520.93,0.1082,1
20140,34.3624,26.904648,2,341153.73,0.3709,1
20160,34.3966,26.916289,2,341153.73,0.3709,1
20180,34.4307,26.939572,2,682307.46,0.7417,1
20200,34.4648,26.951213,2,341153.73,0.3709,1
20220,34.4989,26.976194,2,732067.93,0.7958,1
20240,34.5331,26.989533,2,390914.19,0.4250,1
20260,34.5672,27.002873,2,390914.19,0.4250,1
20280,34.6013,27.014514,2,341153.73,0.3709,1
20300,34.6354,27.039495,2,732067.93,0.7958,1
20320,34.6695,27.052834,2,390914.19,0.4250,1
20340,34.7037,27.064476,2,341153.73,0.3709,1
20360,34.7378,27.102796,2,1122982.12,1.2208,1
20380,34.7719,27.114437,2,341153.73,0.3709,1
20400,34.8060,27.127777,2,390914.19,0.4250,1
20420,34.8402,27.152757,2,732067.93,0.7958,1
20440,34.8743,27.164399,2,341153.73,0.3709,1
20460,34.9084,27.187682,2,682307.46,0.7417,1
20480,34.9425,27.202719,2,440674.66,0.4790,1
20500,34.9767,27.227700,2,732067.93,0.7958,1
20520,35.0108,27.241039,2,390914.19,0.4250,1
20540,35.0449,27.264322,2,682307.46,0.7417,1
20560,35.0790,27.291001,2,781828.39,0.8499,1
20580,35.1132,27.314283,2,682307.46,0.7417,1
20600,35.1473,27.327623,2,390914.19,0.4250,1
20620,35.1814,27.339264,2,341153.73,0.3709,1
20640,35.2155,27.362547,2,682307.46,0.7417,1
20660,35.2496,27.404263,2,1222503.05,1.3290,1
20680,35.2838,27.417602,2,390914.19,0.4250,1
20700,35.3179,27.442583,2,732067.93,0.7958,1
20720,35.3520,27.750379,2,9020044.16,9.8055,1
20740,35.3861,27.753405,2,88679.05,0.0964,1
20760,35.4203,27.753405,2,0.00,0.0000,1
20780,35.4544,27.759412,2,176013.82,0.1913,1
20800,35.4885,27.759412,2,0.00,0.0000,1
20820,35.5226,27.759412,2,0.00,0.0000,1
20840,35.5568,27.768307,2,260680.40,0.2834,1
20860,35.5909,27.768307,2,0.00,0.0000,1
20880,35.6250,27.768307,2,0.00,0.0000,1
20900,35.6591,27.768307,2,0.00,0.0000,1
20920,35.6933,27.768307,2,0.00,0.0000,1
20940,35.7274,27.768307,2,0.00,0.0000,1
20960,35.7615,27.768307,2,0.00,0.0000,1
20980,35.7956,27.768307,2,0.00,0.0000,1
21000,35.8297,27.768307,2,0.00,0.0000,1
21020,35.8639,27.768307,2,0.00,0.0000,1
21040,35.8980,27.768307,2,0.00,0.0000,1
21060,35.9321,27.768307,2,0.00,0.0000,1
21080,35.9662,27.768307,2,0.00,0.0000,1
21100,36.0004,28.193803,2,12469284.11,13.5551,1
21120,36.0345,28.208742,2,437771.39,0.4759,1
21140,36.0686,28.222023,2,389199.07,0.4231,1
21160,36.1027,28.247056,2,733615.12,0.7975,1
21180,36.1369,28.260391,2,390774.17,0.4248,1
21200,36.1710,28.283684,2,682615.42,0.7421,1
21220,36.2051,28.297023,2,390914.19,0.4250,1
21240,36.2392,28.323702,2,781828.39,0.8499,1
21260,36.2734,28.348683,2,732067.93,0.7958,1
21280,36.3075,28.348683,2,0.00,0.0000,1
21300,36.3416,28.385305,2,1073221.66,1.1667,1
21320,36.3757,28.398645,2,390914.19,0.4250,1
21340,36.4098,28.410286,2,341153.73,0.3709,1
21360,36.4440,28.435267,2,732067.93,0.7958,1
21380,36.4781,28.448606,2,390914.19,0.4250,1
21400,36.5122,28.460247,2,341153.73,0.3709,1
21420,36.5463,28.485228,2,732067.93,0.7958,1
21440,36.5805,28.498568,2,390914.19,0.4250,1
21460,36.6146,28.498568,2,0.00,0.0000,1
21480,36.6487,28.510209,2,341153.73,0.3709,1
21500,36.6828,28.511907,2,49760.46,0.0541,1
21520,36.7170,28.573510,2,1805289.59,1.9625,1
21540,36.7511,28.585151,2,341153.73,0.3709,1
21560,36.7852,28.635113,2,1464135.85,1.5916,1
21580,36.8193,28.636811,2,49760.46,0.0541,1
21600,36.8535,28.661792,2,732067.93,0.7958,1
21620,36.8876,28.685074,2,682307.46,0.7417,1
21640,36.9217,28.686772,2,49760.46,0.0541,1
21660,36.9558,28.696716,2,291393.27,0.3168,1
21680,36.9899,28.746677,2,1464135.85,1.5916,1
21700,37.0241,28.760017,2,390914.19,0.4250,1
21720,37.0582,28.796639,2,1073221.66,1.1667,1
21740,37.0923,28.800035,2,99520.93,0.1082,1
21760,37.1264,28.848298,2,1414375.39,1.5375,1
21780,37.1606,28.859940,2,341153.73,0.3709,1
21800,37.1947,28.871581,2,341153.73,0.3709,1
21820,37.2288,28.886619,2,440674.66,0.4790,1
21840,37.2629,28.899958,2,390914.19,0.4250,1
21860,37.2971,28.949920,2,1464135.85,1.5916,1
21880,37.3312,28.961561,2,341153.73,0.3709,1
21900,37.3653,28.973202,2,341153.73,0.3709,1
21920,37.3994,28.998183,2,732067.93,0.7958,1
21940,37.4336,29.011522,2,390914.19,0.4250,1
21960,37.4677,29.034805,2,682307.46,0.7417,1
21980,37.5018,29.061484,2,781828.39,0.8499,1
22000,37.5359,29.074823,2,390903.77,0.4249,1
22020,37.5701,29.098106,2,682317.03,0.7417,1
22040,37.6042,29.123087,2,732068.78,0.7958,1
22060,37.6383,29.138096,2,439857.57,0.4782,1
22080,37.6724,29.162916,2,727345.72,0.7907,1
22100,37.7065,29.181174,2,535040.11,0.5816,1
22120,37.7407,29.199320,2,531795.34,0.5781,1
22140,37.7748,29.201382,2,60407.39,0.0657,1
22160,37.8089,29.264887,2,1861056.56,2.0231,1
22180,37.8430,29.283713,2,551673.35,0.5997,1
22200,37.8772,29.307027,2,683238.56,0.7427,1
22220,37.9113,29.330336,2,683070.91,0.7426,1
22240,37.9454,29.350281,2,584505.78,0.6354,1
22260,37.9795,29.351403,2,32866.13,0.0357,1
22280,38.0137,29.394661,2,1267677.37,1.3781,1
22300,38.0478,29.415729,2,617405.62,0.6712,1
22320,38.0819,29.436797,2,617405.62,0.6712,1
22340,38.1160,29.477811,2,1201945.09,1.3066,1
22360,38.1502,29.481176,2,98598.41,0.1072,1
22380,38.1843,29.502244,2,617405.62,0.6712,1
22400,38.2184,29.524434,2,650271.75,0.7069,1
22420,38.2525,29.545502,2,617405.62,0.6712,1
22440,38.2866,29.567691,2,650271.75,0.7069,1
22460,38.3208,29.608706,2,1201945.10,1.3066,1
22480,38.3549,29.612070,2,98598.40,0.1072,1
22500,38.3890,29.633139,2,617405.62,0.6712,1
22520,38.4231,29.655328,2,650271.75,0.7069,1
22540,38.4573,29.675275,2,584539.48,0.6354,1
22560,38.4914,29.719654,2,1300543.50,1.4138,1
22580,38.5255,29.741843,2,650271.72,0.7069,1
22600,38.5596,29.761790,2,584539.51,0.6354,1
22620,38.5938,29.802805,2,1201945.10,1.3066,1
22640,38.6279,29.826116,2,683137.89,0.7426,1
22660,38.6620,29.828359,2,65732.27,0.0715,1
22680,38.6961,29.849427,2,617405.62,0.6712,1
22700,38.7303,29.870495,2,617405.62,0.6712,1
22720,38.7644,29.934821,2,1885082.98,2.0492,1
22740,38.7985,29.935942,2,32866.13,0.0357,1
22760,38.8326,29.954767,2,551673.35,0.5997,1
22780,38.8667,29.978078,2,683137.89,0.7426,1
22800,38.9009,29.999147,2,617405.62,0.6712,1
22820,38.9350,30.040161,2,1201945.10,1.3066,1
22840,38.9691,30.043526,2,98598.40,0.1072,1
22860,39.0032,30.085662,2,1234811.23,1.3423,1
22880,39.0374,30.087905,2,65732.27,0.0715,1
22900,39.0715,30.108973,2,617405.62,0.6712,1
22920,39.1056,30.152231,2,1267677.37,1.3781,1
22940,39.1397,30.172177,2,584539.48,0.6354,1
22960,39.1739,30.195488,2,683137.89,0.7426,1
22980,39.2080,30.215435,2,584539.48,0.6354,1
23000,39.2421,30.234260,2,551673.35,0.5997,1
23020,39.2762,30.238746,2,131464.54,0.1429,1
23040,39.3104,30.258693,2,584539.48,0.6354,1
23060,39.3445,30.303072,2,1300543.50,1.4138,1
23080,39.3786,30.324140,2,617405.62,0.6712,1
23100,39.4127,30.344086,2,584539.48,0.6354,1
23120,39.4468,30.368519,2,716004.02,0.7784,1
23140,39.4810,30.369641,2,32866.13,0.0357,1
23160,39.5151,30.412898,2,1267677.37,1.3781,1
23180,39.5492,30.433966,2,617405.62,0.6712,1
23200,39.5833,30.453913,2,584539.48,0.6354,1
23220,39.6175,30.494928,2,1201945.10,1.3066,1
23240,39.6516,30.518239,2,683137.89,0.7426,1
23260,39.6857,30.520482,2,65732.27,0.0715,1
23280,39.7198,30.520482,2,0.00,0.0000,1
23300,39.7540,30.584807,2,1885082.98,2.0492,1
23320,39.7881,30.628065,2,1267677.37,1.3781,1
23340,39.8222,30.629187,2,32866.13,0.0357,1
23360,39.8563,30.651376,2,650271.75,0.7069,1
23380,39.8905,30.690148,2,1136212.83,1.2352,1
23400,39.9246,30.693512,2,98598.40,0.1072,1
23420,39.9587,30.714580,2,617405.62,0.6712,1
23440,39.9928,30.736770,2,650271.75,0.7069,1
23460,40.0269,30.757838,2,617405.62,0.6712,1
23480,40.0611,30.781149,2,683137.89,0.7426,1
23500,40.0952,30.802217,2,617405.62,0.6712,1
23520,40.1293,30.824407,2,650271.75,0.7069,1
23540,40.1634,30.845475,2,617405.62,0.6712,1
23560,40.1976,30.887611,2,1234811.23,1.3423,1
23580,40.2317,30.907558,2,584539.48,0.6354,1
23600,40.2658,30.910922,2,98598.40,0.1072,1
23620,40.2999,30.931990,2,617405.62,0.6712,1
23640,40.3341,30.954180,2,650271.75,0.7069,1
23660,40.3682,30.976370,2,650271.75,0.7069,1
23680,40.4023,31.019627,2,1267677.37,1.3781,1
23700,40.4364,31.039574,2,584539.48,0.6354,1
23720,40.4706,31.058399,2,551673.35,0.5997,1
23740,40.5047,31.082831,2,716004.02,0.7784,1
23760,40.5388,31.103900,2,617405.62,0.6712,1
23780,40.5729,31.124968,2,617405.62,0.6712,1
23800,40.6070,31.144914,2,584539.48,0.6354,1
23820,40.6412,31.169347,2,716004.01,0.7784,1
23840,40.6753,31.187050,2,518807.22,0.5640,1
23860,40.7094,31.192658,2,164330.67,0.1786,1
23880,40.7435,31.234794,2,1234810.55,1.3423,1
23900,40.7777,31.235916,2,32866.82,0.0357,1
23920,40.8118,31.279173,2,1267672.50,1.3781,1
23940,40.8459,31.300241,2,617387.35,0.6712,1
23960,40.8800,31.322474,2,651561.14,0.7083,1
23980,40.9142,31.339888,2,510309.16,0.5547,1
24000,40.9483,31.357634,2,520049.43,0.5653,1
24020,40.9824,31.365740,2,237569.66,0.2583,1
24040,41.0165,31.411307,2,1335353.45,1.4516,1
24060,41.0507,31.415448,2,121348.10,0.1319,1
24080,41.0848,31.437209,2,637700.31,0.6932,1
24100,41.1189,31.458881,2,635110.99,0.6904,1
24120,41.1530,31.502046,2,1264949.47,1.3751,1
24140,41.1871,31.502324,2,8165.21,0.0089,1
24160,41.2213,31.523691,2,626163.91,0.6807,1
24180,41.2554,31.545342,2,634467.69,0.6897,1
24200,41.2895,31.566993,2,634507.24,0.6898,1
24220,41.3236,31.588641,2,634388.00,0.6896,1
24240,41.3578,31.610295,2,634566.86,0.6898,1
24260,41.3919,31.631942,2,634388.00,0.6896,1
24280,41.4260,31.653594,2,634507.24,0.6898,1
24300,41.4601,31.653598,2,119.24,0.0001,1
24320,41.4943,31.675247,2,634447.62,0.6897,1
24340,41.5284,31.696897,2,634447.62,0.6897,1
24360,41.5625,31.718545,2,634388.00,0.6896,1
24380,41.5966,31.740196,2,634507.24,0.6898,1
24400,41.6308,31.761846,2,634447.62,0.6897,1
24420,41.6649,31.761850,2,119.24,0.0001,1
24440,41.6990,31.805147,2,1268835.61,1.3793,1
24460,41.7331,31.805149,2,59.63,0.0001,1
24480,41.7672,31.826801,2,634507.24,0.6898,1
24500,41.8014,31.848448,2,634387.95,0.6896,1
24520,41.8355,31.848450,2,59.67,0.0001,1
24540,41.8696,31.870100,2,634447.62,0.6897,1
24560,41.9037,31.891751,2,634490.60,0.6897,1
24580,41.9379,31.913398,2,634352.45,0.6896,1
24600,41.9720,31.935045,2,634391.19,0.6896,1
24620,42.0061,31.935051,2,165.56,0.0002,1
24640,42.0402,32.000000,2,1903350.45,2.0691,1
24660,42.0744,32.000000,2,0.00,0.0000,1
24680,42.1085,32.000000,2,0.00,0.0000,1
24700,42.1426,32.000000,2,0.00,0.0000,1
24720,42.1767,32.000000,2,0.00,0.0000,1
24740,42.2109,32.000000,2,0.00,0.0000,1
24760,42.2450,32.000000,2,0.00,0.0000,1
24780,42.2791,32.000000,2,0.00,0.0000,1
24800,42.3132,32.000000,2,0.00,0.0000,1
24820,42.3474,32.000000,2,0.00,0.0000,1
24840,42.3815,32.000000,2,0.00,0.0000,1
24860,42.4156,32.000000,2,0.00,0.0000,1
24880,42.4497,32.000000,2,0.00,0.0000,1
24900,42.4838,32.000000,2,0.00,0.0000,1
24920,42.5180,32.000000,2,0.00,0.0000,1
24940,42.5521,32.000000,2,0.00,0.0000,1
24960,42.5862,32.000000,2,0.00,0.0000,1
24980,42.6203,32.000000,2,0.00,0.0000,1
25000,42.6545,32.000000,2,0.00,0.0000,1
25020,42.6886,32.000000,2,0.00,0.0000,1
25040,42.7227,32.000000,2,0.00,0.0000,1
25060,42.7568,32.000000,2,0.00,0.0000,1
25080,42.7910,32.000000,2,0.00,0.0000,1
25100,42.8251,32.000000,2,0.00,0.0000,1
25120,42.8592,32.000000,2,0.00,0.0000,1
25140,42.8933,32.000000,2,0.00,0.0000,1
25160,42.9275,32.000000,2,0.00,0.0000,1
25180,42.9616,32.000000,2,0.00,0.0000,1
25200,42.9957,32.000000,2,0.00,0.0000,1
25220,43.0298,32.000000,2,0.00,0.0000,1
25240,43.0639,32.000000,2,0.00,0.0000,1
25260,43.0981,32.000000,2,0.00,0.0000,1
25280,43.1322,32.000000,2,0.00,0.0000,1
25300,43.1663,32.000000,2,0.00,0.0000,1
25320,43.2004,32.000000,2,0.00,0.0000,1
25340,43.2346,32.000000,2,0.00,0.0000,1
25360,43.2687,32.000000,2,0.00,0.0000,1
25380,43.3028,32.000000,2,0.00,0.0000,1
25400,43.3369,32.000000,2,0.00,0.0000,1
25420,43.3711,32.000000,2,0.00,0.0000,1
25440,43.4052,32.000000,2,0.00,0.0000,1
25460,43.4393,32.000000,2,0.00,0.0000,1
25480,43.4734,32.000000,2,0.00,0.0000,1
25500,43.5076,32.000000,2,0.00,0.0000,1
25520,43.5417,32.000000,2,0.00,0.0000,1
25540,43.5758,32.000000,2,0.00,0.0000,1
25560,43.6099,32.000000,2,0.00,0.0000,1
25580,43.6440,32.000000,2,0.00,0.0000,1
25600,43.6782,32.000000,2,0.00,0.0000,1
25620,43.7123,32.000000,2,0.00,0.0000,1
25640,43.7464,32.000000,2,0.00,0.0000,1
25660,43.7805,32.000000,2,0.00,0.0000,1
25680,43.8147,32.000000,2,0.00,0.0000,1
25700,43.8488,32.000000,2,0.00,0.0000,1
25720,43.8829,32.000000,2,0.00,0.0000,1
25740,43.9170,32.000000,2,0.00,0.0000,1
25760,43.9512,32.000000,2,0.00,0.0000,1
25780,43.9853,32.000000,2,0.00,0.0000,1
25800,44.0194,32.000000,2,0.00,0.0000,1
25820,44.0535,32.000000,2,0.00,0.0000,1
25840,44.0877,32.000000,2,0.00,0.0000,1
25860,44.1218,32.000000,2,0.00,0.0000,1
25880,44.1559,32.000000,2,0.00,0.0000,1
25900,44.1900,32.000000,2,0.00,0.0000,1
25920,44.2241,32.000000,2,0.00,0.0000,1
25940,44.2583,32.000000,2,0.00,0.0000,1
25960,44.2924,32.000000,2,0.00,0.0000,1
25980,44.3265,32.000000,2,0.00,0.0000,1
26000,44.3606,32.000000,2,0.00,0.0000,1
26020,44.3948,32.000000,2,0.00,0.0000,1
26040,44.4289,32.000000,2,0.00,0.0000,1
26060,44.4630,32.000000,2,0.00,0.0000,1
26080,44.4971,32.000000,2,0.00,0.0000,1
26100,44.5313,32.000000,2,0.00,0.0000,1
26120,44.5654,32.000000,2,0.00,0.0000,1
26140,44.5995,32.000000,2,0.00,0.0000,1
26160,44.6336,32.000000,2,0.00,0.0000,1
26180,44.6678,32.000000,2,0.00,0.0000,1
26200,44.7019,32.000000,2,0.00,0.0000,1
26220,44.7360,32.000000,2,0.00,0.0000,1
26240,44.7701,32.000000,2,0.00,0.0000,1
26260,44.8042,32.000000,2,0.00,0.0000,1
26280,44.8384,32.000000,2,0.00,0.0000,1
26300,44.8725,32.000000,2,0.00,0.0000,1
26320,44.9066,32.000000,2,0.00,0.0000,1
26340,44.9407,32.000000,2,0.00,0.0000,1
26360,44.9749,32.000000,2,0.00,0.0000,1
26380,45.0090,32.000000,2,0.00,0.0000,1
26400,45.0431,32.000000,2,0.00,0.0000,1
26420,45.0772,32.000000,2,0.00,0.0000,1
26440,45.1114,32.000000,2,0.00,0.0000,1
26460,45.1455,32.000000,2,0.00,0.0000,1
26480,45.1796,32.000000,2,0.00,0.0000,1
26500,45.2137,32.000000,2,0.00,0.0000,1
26520,45.2479,32.000000,2,0.00,0.0000,1
26540,45.2820,32.000000,2,0.00,0.0000,1
26560,45.3161,32.000000,2,0.00,0.0000,1
26580,45.3502,32.000000,2,0.00,0.0000,1
26600,45.3843,32.000000,2,0.00,0.0000,1
26620,45.4185,32.000000,2,0.00,0.0000,1
26640,45.4526,32.000000,2,0.00,0.0000,1
26660,45.4867,32.000000,2,0.00,0.0000,1
26680,45.5208,32.000000,2,0.00,0.0000,1
26700,45.5550,32.000000,2,0.00,0.0000,1
26720,45.5891,32.000000,2,0.00,0.0000,1
26740,45.6232,32.000000,2,0.00,0.0000,1
26760,45.6573,32.000000,2,0.00,0.0000,1
26780,45.6915,32.000000,2,0.00,0.0000,1
26800,45.7256,32.000000,2,0.00,0.0000,1
26820,45.7597,32.000000,2,0.00,0.0000,1
26840,45.7938,32.000000,2,0.00,0.0000,1
26860,45.8280,32.000000,2,0.00,0.0000,1
26880,45.8621,32.000000,2,0.00,0.0000,1
26900,45.8962,32.000000,2,0.00,0.0000,1
26920,45.9303,32.000000,2,0.00,0.0000,1
26940,45.9644,32.000000,2,0.00,0.0000,1
26960,45.9986,32.000000,2,0.00,0.0000,1
26980,46.0327,32.000000,2,0.00,0.0000,1
27000,46.0668,32.000000,2,0.00,0.0000,1
27020,46.1009,32.000000,2,0.00,0.0000,1
27040,46.1351,32.000000,2,0.00,0.0000,1
27060,46.1692,32.000000,2,0.00,0.0000,1
27080,46.2033,32.000000,2,0.00,0.0000,1
27100,46.2374,32.000000,2,0.00,0.0000,1
27120,46.2716,32.000000,2,0.00,0.0000,1
27140,46.3057,32.000000,2,0.00,0.0000,1
27160,46.3398,32.000000,2,0.00,0.0000,1
27180,46.3739,32.000000,2,0.00,0.0000,1
27200,46.4081,32.000000,2,0.00,0.0000,1
27220,46.4422,32.000000,2,0.00,0.0000,1
27240,46.4763,32.000000,2,0.00,0.0000,1
27260,46.5104,32.000000,2,0.00,0.0000,1
27280,46.5445,32.000000,2,0.00,0.0000,1
27300,46.5787,32.000000,2,0.00,0.0000,1
27320,46.6128,32.000000,2,0.00,0.0000,1
27340,46.6469,32.000000,2,0.00,0.0000,1
27360,46.6810,32.000000,2,0.00,0.0000,1
27380,46.7152,32.000000,2,0.00,0.0000,1
27400,46.7493,32.000000,2,0.00,0.0000,1
27420,46.7834,32.000000,2,0.00,0.0000,1
27440,46.8175,32.000000,2,0.00,0.0000,1
27460,46.8517,32.000000,2,0.00,0.0000,1
27480,46.8858,32.000000,2,0.00,0.0000,1
27500,46.9199,32.000000,2,0.00,0.0000,1
27520,46.9540,32.000000,2,0.00,0.0000,1
27540,46.9882,32.000000,2,0.00,0.0000,1
27560,47.0223,32.000000,2,0.00,0.0000,1
27580,47.0564,32.000000,2,0.00,0.0000,1
27600,47.0905,32.000000,2,0.00,0.0000,1
27620,47.1247,32.000000,2,0.00,0.0000,1
27640,47.1588,32.000000,2,0.00,0.0000,1
27660,47.1929,32.000000,2,0.00,0.0000,1
27680,47.2270,32.000000,2,0.00,0.0000,1
27700,47.2611,32.000000,2,0.00,0.0000,1
27720,47.2953,32.000000,2,0.00,0.0000,1
27740,47.3294,32.000000,2,0.00,0.0000,1
27760,47.3635,32.000000,2,0.00,0.0000,1
27780,47.3976,32.000000,2,0.00,0.0000,1
27800,47.4318,32.000000,2,0.00,0.0000,1
27820,47.4659,32.000000,2,0.00,0.0000,1
27840,47.5000,32.000000,2,0.00,0.0000,1
27860,47.5341,32.000000,2,0.00,0.0000,1
27880,47.5683,32.000000,2,0.00,0.0000,1
27900,47.6024,32.000000,2,0.00,0.0000,1
27920,47.6365,32.000000,2,0.00,0.0000,1
27940,47.6706,32.000000,2,0.00,0.0000,1
27960,47.7048,32.000000,2,0.00,0.0000,1
27980,47.7389,32.000000,2,0.00,0.0000,1
28000,47.7730,32.000000,2,0.00,0.0000,1
28020,47.8071,32.000000,2,0.00,0.0000,1
28040,47.8412,32.000000,2,0.00,0.0000,1
28060,47.8754,32.000000,2,0.00,0.0000,1
28080,47.9095,32.000000,2,0.00,0.0000,1
28100,47.9436,32.000000,2,0.00,0.0000,1
28120,47.9777,32.000000,2,0.00,0.0000,1
28140,48.0119,32.000000,2,0.00,0.0000,1
28160,48.0460,32.000000,2,0.00,0.0000,1
28180,48.0801,32.000000,2,0.00,0.0000,1
28200,48.1142,32.000000,2,0.00,0.0000,1
28220,48.1484,32.000000,2,0.00,0.0000,1
28240,48.1825,32.000000,2,0.00,0.0000,1
28260,48.2166,32.000000,2,0.00,0.0000,1
28280,48.2507,32.000000,2,0.00,0.0000,1
28300,48.2849,32.000000,2,0.00,0.0000,1
28320,48.3190,32.000000,2,0.00,0.0000,1
28340,48.3531,32.000000,2,0.00,0.0000,1
28360,48.3872,32.000000,2,0.00,0.0000,1
28380,48.4213,32.000000,2,0.00,0.0000,1
28400,48.4555,32.000000,2,0.00,0.0000,1
28420,48.4896,32.000000,2,0.00,0.0000,1
28440,48.5237,32.000000,2,0.00,0.0000,1
28460,48.5578,32.000000,2,0.00,0.0000,1
28480,48.5920,32.000000,2,0.00,0.0000,1
28500,48.6261,32.000000,2,0.00,0.0000,1
28520,48.6602,32.000000,2,0.00,0.0000,1
28540,48.6943,32.000000,2,0.00,0.0000,1
28560,48.7285,32.000000,2,0.00,0.0000,1
28580,48.7626,32.000000,2,0.00,0.0000,1
28600,48.7967,32.000000,2,0.00,0.0000,1
28620,48.8308,32.000000,2,0.00,0.0000,1
28640,48.8650,32.000000,2,0.00,0.0000,1
28660,48.8991,32.000000,2,0.00,0.0000,1
28680,48.9332,32.000000,2,0.00,0.0000,1
28700,48.9673,32.000000,2,0.00,0.0000,1
28720,49.0014,32.000000,2,0.00,0.0000,1
28740,49.0356,32.000000,2,0.00,0.0000,1
28760,49.0697,32.000000,2,0.00,0.0000,1
28780,49.1038,32.000000,2,0.00,0.0000,1
28800,49.1379,32.000000,2,0.00,0.0000,1
28820,49.1721,32.000000,2,0.00,0.0000,1
28840,49.2062,32.000000,2,0.00,0.0000,1
28860,49.2403,32.000000,2,0.00,0.0000,1
28880,49.2744,32.000000,2,0.00,0.0000,1
28900,49.3086,32.000000,2,0.00,0.0000,1
28920,49.3427,32.000000,2,0.00,0.0000,1
28940,49.3768,32.000000,2,0.00,0.0000,1
28960,49.4109,32.000000,2,0.00,0.0000,1
28980,49.4451,32.000000,2,0.00,0.0000,1
29000,49.4792,32.000000,2,0.00,0.0000,1
29020,49.5133,32.000000,2,0.00,0.0000,1
29040,49.5474,32.000000,2,0.00,0.0000,1
29060,49.5815,32.000000,2,0.00,0.0000,1
29080,49.6157,32.000000,2,0.00,0.0000,1
29100,49.6498,32.000000,2,0.00,0.0000,1
29120,49.6839,32.000000,2,0.00,0.0000,1
29140,49.7180,32.000000,2,0.00,0.0000,1
29160,49.7522,32.000000,2,0.00,0.0000,1
29180,49.7863,32.000000,2,0.00,0.0000,1
29200,49.8204,32.000000,2,0.00,0.0000,1
29220,49.8545,32.000000,2,0.00,0.0000,1
29240,49.8887,32.000000,2,0.00,0.0000,1
29260,49.9228,32.000000,2,0.00,0.0000,1
29280,49.9569,32.000000,2,0.00,0.0000,1
29300,49.9910,32.000000,2,0.00,0.0000,1
29320,50.0252,32.000000,2,0.00,0.0000,1
29340,50.0593,32.000000,2,0.00,0.0000,1
29360,50.0934,32.000000,2,0.00,0.0000,1
29380,50.1275,32.000000,2,0.00,0.0000,1
29400,50.1616,32.000000,2,0.00,0.0000,1
29420,50.1958,32.000000,2,0.00,0.0000,1
29440,50.2299,32.000000,2,0.00,0.0000,1
29460,50.2640,32.000000,2,0.00,0.0000,1
29480,50.2981,32.000000,2,0.00,0.0000,1
29500,50.3323,32.000000,2,0.00,0.0000,1
29520,50.3664,32.000000,2,0.00,0.0000,1
29540,50.4005,32.000000,2,0.00,0.0000,1
29560,50.4346,32.000000,2,0.00,0.0000,1
29580,50.4688,32.000000,2,0.00,0.0000,1
29600,50.5029,32.000000,2,0.00,0.0000,1
29620,50.5370,32.000000,2,0.00,0.0000,1
29640,50.5711,32.000000,2,0.00,0.0000,1
29660,50.6053,32.000000,2,0.00,0.0000,1
29680,50.6394,32.000000,2,0.00,0.0000,1
29700,50.6735,32.000000,2,0.00,0.0000,1
29720,50.7076,32.000000,2,0.00,0.0000,1
29740,50.7417,32.000000,2,0.00,0.0000,1
29760,50.7759,32.000000,2,0.00,0.0000,1
29780,50.8100,32.000000,2,0.00,0.0000,1
29800,50.8441,32.000000,2,0.00,0.0000,1
29820,50.8782,32.000000,2,0.00,0.0000,1
29840,50.9124,32.000000,2,0.00,0.0000,1
29860,50.9465,32.000000,2,0.00,0.0000,1
29880,50.9806,32.000000,2,0.00,0.0000,1
29900,51.0147,32.000000,2,0.00,0.0000,1
29920,51.0489,32.000000,2,0.00,0.0000,1
29940,51.0830,32.000000,2,0.00,0.0000,1
29960,51.1171,32.000000,2,0.00,0.0000,1
29980,51.1512,32.000000,2,0.00,0.0000,1
30000,51.1854,32.000000,2,0.00,0.0000,1
30020,51.2195,32.000000,2,0.00,0.0000,1
30040,51.2536,32.000000,2,0.00,0.0000,1
30060,51.2877,32.000000,2,0.00,0.0000,1
30080,51.3218,32.000000,2,0.00,0.0000,1
30100,51.3560,32.000000,2,0.00,0.0000,1
30120,51.3901,32.000000,2,0.00,0.0000,1
30140,51.4242,32.000000,2,0.00,0.0000,1
30160,51.4583,32.000000,2,0.00,0.0000,1
30180,51.4925,32.000000,2,0.00,0.0000,1
30200,51.5266,32.000000,2,0.00,0.0000,1
30220,51.5607,32.000000,2,0.00,0.0000,1
30240,51.5948,32.000000,2,0.00,0.0000,1
30260,51.6290,32.000000,2,0.00,0.0000,1
30280,51.6631,32.000000,2,0.00,0.0000,1
30300,51.6972,32.000000,2,0.00,0.0000,1
30320,51.7313,32.000000,2,0.00,0.0000,1
30340,51.7655,32.000000,2,0.00,0.0000,1
30360,51.7996,32.000000,2,0.00,0.0000,1
30380,51.8337,32.000000,2,0.00,0.0000,1
30400,51.8678,32.000000,2,0.00,0.0000,1
30420,51.9019,32.000000,2,0.00,0.0000,1
30440,51.9361,32.000000,2,0.00,0.0000,1
30460,51.9702,32.000000,2,0.00,0.0000,1
30480,52.0043,32.000000,2,0.00,0.0000,1
30500,52.0384,32.000000,2,0.00,0.0000,1
30520,52.0726,32.000000,2,0.00,0.0000,1
30540,52.1067,32.000000,2,0.00,0.0000,1
30560,52.1408,32.000000,2,0.00,0.0000,1
30580,52.1749,32.000000,2,0.00,0.0000,1
30600,52.2091,32.000000,2,0.00,0.0000,1
30620,52.2432,32.000000,2,0.00,0.0000,1
30640,52.2773,32.000000,2,0.00,0.0000,1
30660,52.3114,32.000000,2,0.00,0.0000,1
30680,52.3456,32.000000,2,0.00,0.0000,1
30700,52.3797,32.000000,2,0.00,0.0000,1
30720,52.4138,32.000000,2,0.00,0.0000,1
30740,52.4479,32.000000,2,0.00,0.0000,1
30760,52.4821,32.000000,2,0.00,0.0000,1
30780,52.5162,32.000000,2,0.00,0.0000,1
30800,52.5503,32.000000,2,0.00,0.0000,1
30820,52.5844,32.000000,2,0.00,0.0000,1
30840,52.6185,32.000000,2,0.00,0.0000,1
30860,52.6527,32.000000,2,0.00,0.0000,1
30880,52.6868,32.000000,2,0.00,0.0000,1
30900,52.7209,32.000000,2,0.00,0.0000,1
30920,52.7550,32.000000,2,0.00,0.0000,1
30940,52.7892,32.000000,2,0.00,0.0000,1
30960,52.8233,32.000000,2,0.00,0.0000,1
30980,52.8574,32.000000,2,0.00,0.0000,1
31000,52.8915,32.000000,2,0.00,0.0000,1
31020,52.9257,32.000000,2,0.00,0.0000,1
31040,52.9598,32.000000,2,0.00,0.0000,1
31060,52.9939,32.000000,2,0.00,0.0000,1
31080,53.0280,32.000000,2,0.00,0.0000,1
31100,53.0622,32.000000,2,0.00,0.0000,1
31120,53.0963,32.000000,2,0.00,0.0000,1
31140,53.1304,32.000000,2,0.00,0.0000,1
31160,53.1645,32.000000,2,0.00,0.0000,1
31180,53.1986,32.000000,2,0.00,0.0000,1
31200,53.2328,32.000000,2,0.00,0.0000,1
31220,53.2669,32.000000,2,0.00,0.0000,1
31240,53.3010,32.000000,2,0.00,0.0000,1
31260,53.3351,32.000000,2,0.00,0.0000,1
31280,53.3693,32.000000,2,0.00,0.0000,1
31300,53.4034,32.000000,2,0.00,0.0000,1
31320,53.4375,32.000000,2,0.00,0.0000,1
31340,53.4716,32.000000,2,0.00,0.0000,1
31360,53.5058,32.000000,2,0.00,0.0000,1
31380,53.5399,32.000000,2,0.00,0.0000,1
31400,53.5740,32.000000,2,0.00,0.0000,1
31420,53.6081,32.000000,2,0.00,0.0000,1
31440,53.6423,32.000000,2,0.00,0.0000,1
31460,53.6764,32.000000,2,0.00,0.0000,1
31480,53.7105,32.000000,2,0.00,0.0000,1
31500,53.7446,32.000000,2,0.00,0.0000,1
31520,53.7787,32.000000,2,0.00,0.0000,1
31540,53.8129,32.000000,2,0.00,0.0000,1
31560,53.8470,32.000000,2,0.00,0.0000,1
31580,53.8811,32.000000,2,0.00,0.0000,1
31600,53.9152,32.000000,2,0.00,0.0000,1
31620,53.9494,32.000000,2,0.00,0.0000,1
31640,53.9835,32.000000,2,0.00,0.0000,1
31660,54.0176,32.000000,2,0.00,0.0000,1
31680,54.0517,32.000000,2,0.00,0.0000,1
31700,54.0859,32.000000,2,0.00,0.0000,1
31720,54.1200,32.000000,2,0.00,0.0000,1
31740,54.1541,32.000000,2,0.00,0.0000,1
31760,54.1882,32.000000,2,0.00,0.0000,1
31780,54.2224,32.000000,2,0.00,0.0000,1
31800,54.2565,32.000000,2,0.00,0.0000,1
31820,54.2906,32.000000,2,0.00,0.0000,1
31840,54.3247,32.000000,2,0.00,0.0000,1
31860,54.3588,32.000000,2,0.00,0.0000,1
31880,54.3930,32.000000,2,0.00,0.0000,1
31900,54.4271,32.000000,2,0.00,0.0000,1
31920,54.4612,32.000000,2,0.00,0.0000,1
31940,54.4953,32.000000,2,0.00,0.0000,1
31960,54.5295,32.000000,2,0.00,0.0000,1
31980,54.5636,32.000000,2,0.00,0.0000,1
32000,54.5977,32.000000,2,0.00,0.0000,1
32020,54.6318,32.000000,2,0.00,0.0000,1
32040,54.6660,32.000000,2,0.00,0.0000,1
32060,54.7001,32.000000,2,0.00,0.0000,1
32080,54.7342,32.000000,2,0.00,0.0000,1
32100,54.7683,32.000000,2,0.00,0.0000,1
32120,54.8025,32.000000,2,0.00,0.0000,1
32140,54.8366,32.000000,2,0.00,0.0000,1
32160,54.8707,32.000000,2,0.00,0.0000,1
32180,54.9048,32.000000,2,0.00,0.0000,1
32200,54.9389,32.000000,2,0.00,0.0000,1
32220,54.9731,32.000000,2,0.00,0.0000,1
32240,55.0072,32.000000,2,0.00,0.0000,1
32260,55.0413,32.000000,2,0.00,0.0000,1
32280,55.0754,32.000000,2,0.00,0.0000,1
32300,55.1096,32.000000,2,0.00,0.0000,1
32320,55.1437,32.000000,2,0.00,0.0000,1
32340,55.1778,32.000000,2,0.00,0.0000,1
32360,55.2119,32.000000,2,0.00,0.0000,1
32380,55.2461,32.000000,2,0.00,0.0000,1
32400,55.2802,32.000000,2,0.00,0.0000,1
32420,55.3143,32.000000,2,0.00,0.0000,1
32440,55.3484,32.000000,2,0.00,0.0000,1
32460,55.3826,32.000000,2,0.00,0.0000,1
32480,55.4167,32.000000,2,0.00,0.0000,1
32500,55.4508,32.000000,2,0.00,0.0000,1
32520,55.4849,32.000000,2,0.00,0.0000,1
32540,55.5190,32.000000,2,0.00,0.0000,1
32560,55.5532,32.000000,2,0.00,0.0000,1
32580,55.5873,32.000000,2,0.00,0.0000,1
32600,55.6214,32.000000,2,0.00,0.0000,1
32620,55.6555,32.000000,2,0.00,0.0000,1
32640,55.6897,32.000000,2,0.00,0.0000,1
32660,55.7238,32.000000,2,0.00,0.0000,1
32680,55.7579,32.000000,2,0.00,0.0000,1
32700,55.7920,32.000000,2,0.00,0.0000,1
32720,55.8262,32.000000,2,0.00,0.0000,1
32740,55.8603,32.000000,2,0.00,0.0000,1
32760,55.8944,32.000000,2,0.00,0.0000,1
32780,55.9285,32.000000,2,0.00,0.0000,1
32800,55.9627,32.000000,2,0.00,0.0000,1
32820,55.9968,32.000000,2,0.00,0.0000,1
32840,56.0309,32.000000,2,0.00,0.0000,1
32860,56.0650,32.000000,2,0.00,0.0000,1
32880,56.0991,32.000000,2,0.00,0.0000,1
32900,56.1333,32.000000,2,0.00,0.0000,1
32920,56.1674,32.000000,2,0.00,0.0000,1
32940,56.2015,32.000000,2,0.00,0.0000,1
32960,56.2356,32.000000,2,0.00,0.0000,1
32980,56.2698,32.000000,2,0.00,0.0000,1
33000,56.3039,32.000000,2,0.00,0.0000,1
33020,56.3380,32.000000,2,0.00,0.0000,1
33040,56.3721,32.000000,2,0.00,0.0000,1
33060,56.4063,32.000000,2,0.00,0.0000,1
33080,56.4404,32.000000,2,0.00,0.0000,1
33100,56.4745,32.000000,2,0.00,0.0000,1
33120,56.5086,32.000000,2,0.00,0.0000,1
33140,56.5428,32.000000,2,0.00,0.0000,1
33160,56.5769,32.000000,2,0.00,0.0000,1
33180,56.6110,32.000000,2,0.00,0.0000,1
33200,56.6451,32.000000,2,0.00,0.0000,1
33220,56.6792,32.000000,2,0.00,0.0000,1
33240,56.7134,32.000000,2,0.00,0.0000,1
33260,56.7475,32.000000,2,0.00,0.0000,1
33280,56.7816,32.000000,2,0.00,0.0000,1
33300,56.8157,32.000000,2,0.00,0.0000,1
33320,56.8499,32.000000,2,0.00,0.0000,1
33340,56.8840,32.000000,2,0.00,0.0000,1
33360,56.9181,32.000000,2,0.00,0.0000,1
33380,56.9522,32.000000,2,0.00,0.0000,1
33400,56.9864,32.000000,2,0.00,0.0000,1
33420,57.0205,32.000000,2,0.00,0.0000,1
33440,57.0546,32.000000,2,0.00,0.0000,1
33460,57.0887,32.000000,2,0.00,0.0000,1
33480,57.1229,32.000000,2,0.00,0.0000,1
33500,57.1570,32.000000,2,0.00,0.0000,1
33520,57.1911,32.000000,2,0.00,0.0000,1
33540,57.2252,32.000000,2,0.00,0.0000,1
33560,57.2594,32.000000,2,0.00,0.0000,1
33580,57.2935,32.000000,2,0.00,0.0000,1
33600,57.3276,32.000000,2,0.00,0.0000,1
33620,57.3617,32.000000,2,0.00,0.0000,1
33640,57.3958,32.000000,2,0.00,0.0000,1
33660,57.4300,32.000000,2,0.00,0.0000,1
33680,57.4641,32.000000,2,0.00,0.0000,1
33700,57.4982,32.000000,2,0.00,0.0000,1
33720,57.5323,32.000000,2,0.00,0.0000,1
33740,57.5665,32.000000,2,0.00,0.0000,1
33760,57.6006,32.000000,2,0.00,0.0000,1
33780,57.6347,32.000000,2,0.00,0.0000,1
33800,57.6688,32.000000,2,0.00,0.0000,1
33820,57.7030,32.000000,2,0.00,0.0000,1
33840,57.7371,32.000000,2,0.00,0.0000,1
33860,57.7712,32.000000,2,0.00,0.0000,1
33880,57.8053,32.000000,2,0.00,0.0000,1
33900,57.8395,32.000000,2,0.00,0.0000,1
33920,57.8736,32.000000,2,0.00,0.0000,1
33940,57.9077,32.000000,2,0.00,0.0000,1
33960,57.9418,32.000000,2,0.00,0.0000,1
33980,57.9759,32.000000,2,0.00,0.0000,1
34000,58.0101,32.000000,2,0.00,0.0000,1
34020,58.0442,32.000000,2,0.00,0.0000,1
34040,58.0783,32.000000,2,0.00,0.0000,1
34060,58.1124,32.000000,2,0.00,0.0000,1
34080,58.1466,32.000000,2,0.00,0.0000,1
34100,58.1807,32.000000,2,0.00,0.0000,1
34120,58.2148,32.000000,2,0.00,0.0000,1
34140,58.2489,32.000000,2,0.00,0.0000,1
34160,58.2831,32.000000,2,0.00,0.0000,1
34180,58.3172,32.000000,2,0.00,0.0000,1
34200,58.3513,32.000000,2,0.00,0.0000,1
34220,58.3854,32.000000,2,0.00,0.0000,1
34240,58.4196,32.000000,2,0.00,0.0000,1
34260,58.4537,32.000000,2,0.00,0.0000,1
34280,58.4878,32.000000,2,0.00,0.0000,1
34300,58.5219,32.000000,2,0.00,0.0000,1
34320,58.5560,32.000000,2,0.00,0.0000,1
34340,58.5902,32.000000,2,0.00,0.0000,1
34360,58.6243,32.000000,2,0.00,0.0000,1
34380,58.6584,32.000000,2,0.00,0.0000,1
34400,58.6925,32.000000,2,0.00,0.0000,1
34420,58.7267,32.000000,2,0.00,0.0000,1
34440,58.7608,32.000000,2,0.00,0.0000,1
34460,58.7949,32.000000,2,0.00,0.0000,1
34480,58.8290,32.000000,2,0.00,0.0000,1
34500,58.8632,32.000000,2,0.00,0.0000,1
34520,58.8973,32.000000,2,0.00,0.0000,1
34540,58.9314,32.000000,2,0.00,0.0000,1
34560,58.9655,32.000000,2,0.00,0.0000,1
34580,58.9997,32.000000,2,0.00,0.0000,1
34600,59.0338,32.000000,2,0.00,0.0000,1
34620,59.0679,32.000000,2,0.00,0.0000,1
34640,59.1020,32.000000,2,0.00,0.0000,1
34660,59.1361,32.000000,2,0.00,0.0000,1
34680,59.1703,32.000000,2,0.00,0.0000,1
34700,59.2044,32.000000,2,0.00,0.0000,1
34720,59.2385,32.000000,2,0.00,0.0000,1
34740,59.2726,32.000000,2,0.00,0.0000,1
34760,59.3068,32.000000,2,0.00,0.0000,1
34780,59.3409,32.000000,2,0.00,0.0000,1
34800,59.3750,32.000000,2,0.00,0.0000,1
34820,59.4091,32.000000,2,0.00,0.0000,1
34840,59.4433,32.000000,2,0.00,0.0000,1
34860,59.4774,32.000000,2,0.00,0.0000,1
34880,59.5115,32.000000,2,0.00,0.0000,1
34900,59.5456,32.000000,2,0.00,0.0000,1
34920,59.5798,32.000000,2,0.00,0.0000,1
34940,59.6139,32.000000,2,0.00,0.0000,1
34960,59.6480,32.000000,2,0.00,0.0000,1
34980,59.6821,32.000000,2,0.00,0.0000,1
35000,59.7162,32.000000,2,0.00,0.0000,1
35020,59.7504,32.000000,2,0.00,0.0000,1
35040,59.7845,32.000000,2,0.00,0.0000,1
35060,59.8186,32.000000,2,0.00,0.0000,1
35080,59.8527,32.000000,2,0.00,0.0000,1
35100,59.8869,32.000000,2,0.00,0.0000,1
35120,59.9210,32.000000,2,0.00,0.0000,1
35140,59.9551,32.000000,2,0.00,0.0000,1
35160,59.9892,32.000000,2,0.00,0.0000,1
35180,60.0234,32.000000,2,0.00,0.0000,1
35200,60.0575,32.000000,2,0.00,0.0000,1
35220,60.0916,32.000000,2,0.00,0.0000,1
35240,60.1257,32.000000,2,0.00,0.0000,1
35260,60.1599,32.000000,2,0.00,0.0000,1
35280,60.1940,32.000000,2,0.00,0.0000,1
35300,60.2281,32.000000,2,0.00,0.0000,1
35320,60.2622,32.000000,2,0.00,0.0000,1
35340,60.2963,32.000000,2,0.00,0.0000,1
35360,60.3305,32.000000,2,0.00,0.0000,1
35380,60.3646,32.000000,2,0.00,0.0000,1
35400,60.3987,32.000000,2,0.00,0.0000,1
35420,60.4328,32.000000,2,0.00,0.0000,1
35440,60.4670,32.000000,2,0.00,0.0000,1
35460,60.5011,32.000000,2,0.00,0.0000,1
35480,60.5352,32.000000,2,0.00,0.0000,1
35500,60.5693,32.000000,2,0.00,0.0000,1
35520,60.6035,32.000000,2,0.00,0.0000,1
35540,60.6376,32.000000,2,0.00,0.0000,1
35560,60.6717,32.000000,2,0.00,0.0000,1
35580,60.7058,32.000000,2,0.00,0.0000,1
35600,60.7400,32.000000,2,0.00,0.0000,1
35620,60.7741,32.000000,2,0.00,0.0000,1
35640,60.8082,32.000000,2,0.00,0.0000,1
35660,60.8423,32.000000,2,0.00,0.0000,1
35680,60.8764,32.000000,2,0.00,0.0000,1
35700,60.9106,32.000000,2,0.00,0.0000,1
35720,60.9447,32.000000,2,0.00,0.0000,1
35740,60.9788,32.000000,2,0.00,0.0000,1
35760,61.0129,32.000000,2,0.00,0.0000,1
35780,61.0471,32.000000,2,0.00,0.0000,1
35800,61.0812,32.000000,2,0.00,0.0000,1
35820,61.1153,32.000000,2,0.00,0.0000,1
35840,61.1494,32.000000,2,0.00,0.0000,1
35860,61.1836,32.000000,2,0.00,0.0000,1
35880,61.2177,32.000000,2,0.00,0.0000,1
35900,61.2518,32.000000,2,0.00,0.0000,1
35920,61.2859,32.000000,2,0.00,0.0000,1
35940,61.3201,32.000000,2,0.00,0.0000,1
35960,61.3542,32.000000,2,0.00,0.0000,1
35980,61.3883,32.000000,2,0.00,0.0000,1
36000,61.4224,32.000000,2,0.00,0.0000,1
36020,61.4565,32.000000,2,0.00,0.0000,1
36040,61.4907,32.000000,2,0.00,0.0000,1
36060,61.5248,32.000000,2,0.00,0.0000,1
36080,61.5589,32.000000,2,0.00,0.0000,1
36100,61.5930,32.000000,2,0.00,0.0000,1
36120,61.6272,32.000000,2,0.00,0.0000,1
36140,61.6613,32.000000,2,0.00,0.0000,1
36160,61.6954,32.000000,2,0.00,0.0000,1
36180,61.7295,32.000000,2,0.00,0.0000,1
36200,61.7637,32.000000,2,0.00,0.0000,1
36220,61.7978,32.000000,2,0.00,0.0000,1
36240,61.8319,32.000000,2,0.00,0.0000,1
36260,61.8660,32.000000,2,0.00,0.0000,1
36280,61.9002,32.000000,2,0.00,0.0000,1
36300,61.9343,32.000000,2,0.00,0.0000,1
36320,61.9684,32.000000,2,0.00,0.0000,1
36340,62.0025,32.000000,2,0.00,0.0000,1
36360,62.0367,32.000000,2,0.00,0.0000,1
36380,62.0708,32.000000,2,0.00,0.0000,1
36400,62.1049,32.000000,2,0.00,0.0000,1
36420,62.1390,32.000000,2,0.00,0.0000,1
36440,62.1731,32.000000,2,0.00,0.0000,1
36460,62.2073,32.000000,2,0.00,0.0000,1
36480,62.2414,32.000000,2,0.00,0.0000,1
36500,62.2755,32.000000,2,0.00,0.0000,1
36520,62.3096,32.000000,2,0.00,0.0000,1
36540,62.3438,32.000000,2,0.00,0.0000,1
36560,62.3779,32.000000,2,0.00,0.0000,1
36580,62.4120,32.000000,2,0.00,0.0000,1
36600,62.4461,32.000000,2,0.00,0.0000,1
36620,62.4803,32.000000,2,0.00,0.0000,1
36640,62.5144,32.000000,2,0.00,0.0000,1
36660,62.5485,32.000000,2,0.00,0.0000,1
36680,62.5826,32.000000,2,0.00,0.0000,1
36700,62.6168,32.000000,2,0.00,0.0000,1
36720,62.6509,32.000000,2,0.00,0.0000,1
36740,62.6850,32.000000,2,0.00,0.0000,1
36760,62.7191,32.000000,2,0.00,0.0000,1
36780,62.7532,32.000000,2,0.00,0.0000,1
36800,62.7874,32.000000,2,0.00,0.0000,1
36820,62.8215,32.000000,2,0.00,0.0000,1
36840,62.8556,32.000000,2,0.00,0.0000,1
36860,62.8897,32.000000,2,0.00,0.0000,1
36880,62.9239,32.000000,2,0.00,0.0000,1
36900,62.9580,32.000000,2,0.00,0.0000,1
36920,62.9921,32.000000,2,0.00,0.0000,1
36940,63.0262,32.000000,2,0.00,0.0000,1
36960,63.0604,32.000000,2,0.00,0.0000,1
36980,63.0945,32.000000,2,0.00,0.0000,1
37000,63.1286,32.000000,2,0.00,0.0000,1
37020,63.1627,32.000000,2,0.00,0.0000,1
37040,63.1969,32.000000,2,0.00,0.0000,1
37060,63.2310,32.000000,2,0.00,0.0000,1
37080,63.2651,32.000000,2,0.00,0.0000,1
37100,63.2992,32.000000,2,0.00,0.0000,1
37120,63.3333,32.000000,2,0.00,0.0000,1
37140,63.3675,32.000000,2,0.00,0.0000,1
37160,63.4016,32.000000,2,0.00,0.0000,1
37180,63.4357,32.000000,2,0.00,0.0000,1
37200,63.4698,32.000000,2,0.00,0.0000,1
37220,63.5040,32.000000,2,0.00,0.0000,1
37240,63.5381,32.000000,2,0.00,0.0000,1
37260,63.5722,32.000000,2,0.00,0.0000,1
37280,63.6063,32.000000,2,0.00,0.0000,1
37300,63.6405,32.000000,2,0.00,0.0000,1
37320,63.6746,32.000000,2,0.00,0.0000,1
37340,63.7087,32.000000,2,0.00,0.0000,1
37360,63.7428,32.000000,2,0.00,0.0000,1
37380,63.7770,32.000000,2,0.00,0.0000,1
37400,63.8111,32.000000,2,0.00,0.0000,1
37420,63.8452,32.000000,2,0.00,0.0000,1
37440,63.8793,32.000000,2,0.00,0.0000,1
37460,63.9134,32.000000,2,0.00,0.0000,1
37480,63.9476,32.000000,2,0.00,0.0000,1
37500,63.9817,32.000000,2,0.00,0.0000,1
37520,64.0158,32.000000,2,0.00,0.0000,1
37540,64.0499,32.000000,2,0.00,0.0000,1
37560,64.0841,32.000000,2,0.00,0.0000,1
37580,64.1182,32.000000,2,0.00,0.0000,1
37600,64.1523,32.000000,2,0.00,0.0000,1
37620,64.1864,32.000000,2,0.00,0.0000,1
37640,64.2206,32.000000,2,0.00,0.0000,1
37660,64.2547,32.000000,2,0.00,0.0000,1
37680,64.2888,32.000000,2,0.00,0.0000,1
37700,64.3229,32.000000,2,0.00,0.0000,1
37720,64.3571,32.000000,2,0.00,0.0000,1
37740,64.3912,32.000000,2,0.00,0.0000,1
37760,64.4253,32.000000,2,0.00,0.0000,1
37780,64.4594,32.000000,2,0.00,0.0000,1
37800,64.4935,32.000000,2,0.00,0.0000,1
37820,64.5277,32.000000,2,0.00,0.0000,1
37840,64.5618,32.000000,2,0.00,0.0000,1
37860,64.5959,32.000000,2,0.00,0.0000,1
37880,64.6300,32.000000,2,0.00,0.0000,1
37900,64.6642,32.000000,2,0.00,0.0000,1
37920,64.6983,32.000000,2,0.00,0.0000,1
37940,64.7324,32.000000,2,0.00,0.0000,1
37960,64.7665,32.000000,2,0.00,0.0000,1
37980,64.8007,32.000000,2,0.00,0.0000,1
38000,64.8348,32.000000,2,0.00,0.0000,1
38020,64.8689,32.000000,2,0.00,0.0000,1
38040,64.9030,32.000000,2,0.00,0.0000,1
38060,64.9372,32.000000,2,0.00,0.0000,1
38080,64.9713,32.000000,2,0.00,0.0000,1
38100,65.0054,32.000000,2,0.00,0.0000,1
38120,65.0395,32.000000,2,0.00,0.0000,1
38140,65.0736,32.000000,2,0.00,0.0000,1
38160,65.1078,32.000000,2,0.00,0.0000,1
38180,65.1419,32.000000,2,0.00,0.0000,1
38200,65.1760,32.000000,2,0.00,0.0000,1
38220,65.2101,32.000000,2,0.00,0.0000,1
38240,65.2443,32.000000,2,0.00,0.0000,1
38260,65.2784,32.000000,2,0.00,0.0000,1
38280,65.3125,32.000000,2,0.00,0.0000,1
38300,65.3466,32.000000,2,0.00,0.0000,1
38320,65.3808,32.000000,2,0.00,0.0000,1
38340,65.4149,32.000000,2,0.00,0.0000,1
38360,65.4490,32.000000,2,0.00,0.0000,1
38380,65.4831,32.000000,2,0.00,0.0000,1
38400,65.5173,32.000000,2,0.00,0.0000,1
38420,65.5514,32.000000,2,0.00,0.0000,1
38440,65.5855,32.000000,2,0.00,0.0000,1
38460,65.6196,32.000000,2,0.00,0.0000,1
38480,65.6537,32.000000,2,0.00,0.0000,1
38500,65.6879,32.000000,2,0.00,0.0000,1
38520,65.7220,32.000000,2,0.00,0.0000,1
38540,65.7561,32.000000,2,0.00,0.0000,1
38560,65.7902,32.000000,2,0.00,0.0000,1
38580,65.8244,32.000000,2,0.00,0.0000,1
38600,65.8585,32.000000,2,0.00,0.0000,1
38620,65.8926,32.000000,2,0.00,0.0000,1
38640,65.9267,32.000000,2,0.00,0.0000,1
38660,65.9609,32.000000,2,0.00,0.0000,1
38680,65.9950,32.000000,2,0.00,0.0000,1
38700,66.0291,32.000000,2,0.00,0.0000,1
38720,66.0632,32.000000,2,0.00,0.0000,1
38740,66.0974,32.000000,2,0.00,0.0000,1
38760,66.1315,32.000000,2,0.00,0.0000,1
38780,66.1656,32.000000,2,0.00,0.0000,1
38800,66.1997,32.000000,2,0.00,0.0000,1
38820,66.2338,32.000000,2,0.00,0.0000,1
38840,66.2680,32.000000,2,0.00,0.0000,1
38860,66.3021,32.000000,2,0.00,0.0000,1
38880,66.3362,32.000000,2,0.00,0.0000,1
38900,66.3703,32.000000,2,0.00,0.0000,1
38920,66.4045,32.000000,2,0.00,0.0000,1
38940,66.4386,32.000000,2,0.00,0.0000,1
38960,66.4727,32.000000,2,0.00,0.0000,1
38980,66.5068,32.000000,2,0.00,0.0000,1
39000,66.5410,32.000000,2,0.00,0.0000,1
39020,66.5751,32.000000,2,0.00,0.0000,1
39040,66.6092,32.000000,2,0.00,0.0000,1
39060,66.6433,32.000000,2,0.00,0.0000,1
39080,66.6775,32.000000,2,0.00,0.0000,1
39100,66.7116,32.000000,2,0.00,0.0000,1
39120,66.7457,32.000000,2,0.00,0.0000,1
39140,66.7798,32.000000,2,0.00,0.0000,1
39160,66.8140,32.000000,2,0.00,0.0000,1
39180,66.8481,32.000000,2,0.00,0.0000,1
39200,66.8822,32.000000,2,0.00,0.0000,1
39220,66.9163,32.000000,2,0.00,0.0000,1
39240,66.9504,32.000000,2,0.00,0.0000,1
39260,66.9846,32.000000,2,0.00,0.0000,1
39280,67.0187,32.000000,2,0.00,0.0000,1
39300,67.0528,32.000000,2,0.00,0.0000,1
39320,67.0869,32.000000,2,0.00,0.0000,1
39340,67.1211,32.000000,2,0.00,0.0000,1
39360,67.1552,32.000000,2,0.00,0.0000,1
39380,67.1893,32.000000,2,0.00,0.0000,1
39400,67.2234,32.000000,2,0.00,0.0000,1
39420,67.2576,32.000000,2,0.00,0.0000,1
39440,67.2917,32.000000,2,0.00,0.0000,1
39460,67.3258,32.000000,2,0.00,0.0000,1
39480,67.3599,32.000000,2,0.00,0.0000,1
39500,67.3941,32.000000,2,0.00,0.0000,1
39520,67.4282,32.000000,2,0.00,0.0000,1
39540,67.4623,32.000000,2,0.00,0.0000,1
39560,67.4964,32.000000,2,0.00,0.0000,1
39580,67.5305,32.000000,2,0.00,0.0000,1
39600,67.5647,32.000000,2,0.00,0.0000,1
39620,67.5988,32.000000,2,0.00,0.0000,1
39640,67.6329,32.000000,2,0.00,0.0000,1
39660,67.6670,32.000000,2,0.00,0.0000,1
39680,67.7012,32.000000,2,0.00,0.0000,1
39700,67.7353,32.000000,2,0.00,0.0000,1
39720,67.7694,32.000000,2,0.00,0.0000,1
39740,67.8035,32.000000,2,0.00,0.0000,1
39760,67.8377,32.000000,2,0.00,0.0000,1
39780,67.8718,32.000000,2,0.00,0.0000,1
39800,67.9059,32.000000,2,0.00,0.0000,1
39820,67.9400,32.000000,2,0.00,0.0000,1
39840,67.9742,32.000000,2,0.00,0.0000,1
39860,68.0083,32.000000,2,0.00,0.0000,1
39880,68.0424,32.000000,2,0.00,0.0000,1
39900,68.0765,32.000000,2,0.00,0.0000,1
39920,68.1106,32.000000,2,0.00,0.0000,1
39940,68.1448,32.000000,2,0.00,0.0000,1
39960,68.1789,32.000000,2,0.00,0.0000,1
39980,68.2130,32.000000,2,0.00,0.0000,1
40000,68.2471,32.000000,2,0.00,0.0000,1
40020,68.2813,32.000000,2,0.00,0.0000,1
40040,68.3154,32.000000,2,0.00,0.0000,1
40060,68.3495,32.000000,2,0.00,0.0000,1
40080,68.3836,32.000000,2,0.00,0.0000,1
40100,68.4178,32.000000,2,0.00,0.0000,1
40120,68.4519,32.000000,2,0.00,0.0000,1
40140,68.4860,32.000000,2,0.00,0.0000,1
40160,68.5201,32.000000,2,0.00,0.0000,1
40180,68.5543,32.000000,2,0.00,0.0000,1
40200,68.5884,32.000000,2,0.00,0.0000,1
40220,68.6225,32.000000,2,0.00,0.0000,1
40240,68.6566,32.000000,2,0.00,0.0000,1
40260,68.6907,32.000000,2,0.00,0.0000,1
40280,68.7249,32.000000,2,0.00,0.0000,1
40300,68.7590,32.000000,2,0.00,0.0000,1
40320,68.7931,32.000000,2,0.00,0.0000,1
40340,68.8272,32.000000,2,0.00,0.0000,1
40360,68.8614,32.000000,2,0.00,0.0000,1
40380,68.8955,32.000000,2,0.00,0.0000,1
40400,68.9296,32.000000,2,0.00,0.0000,1
40420,68.9637,32.000000,2,0.00,0.0000,1
40440,68.9979,32.000000,2,0.00,0.0000,1
40460,69.0320,32.000000,2,0.00,0.0000,1
40480,69.0661,32.000000,2,0.00,0.0000,1
40500,69.1002,32.000000,2,0.00,0.0000,1
40520,69.1344,32.000000,2,0.00,0.0000,1
40540,69.1685,32.000000,2,0.00,0.0000,1
40560,69.2026,32.000000,2,0.00,0.0000,1
40580,69.2367,32.000000,2,0.00,0.0000,1
40600,69.2708,32.000000,2,0.00,0.0000,1
40620,69.3050,32.000000,2,0.00,0.0000,1
40640,69.3391,32.000000,2,0.00,0.0000,1
40660,69.3732,32.000000,2,0.00,0.0000,1
40680,69.4073,32.000000,2,0.00,0.0000,1
40700,69.4415,32.000000,2,0.00,0.0000,1
40720,69.4756,32.000000,2,0.00,0.0000,1
40740,69.5097,32.000000,2,0.00,0.0000,1
40760,69.5438,32.000000,2,0.00,0.0000,1
40780,69.5780,32.000000,2,0.00,0.0000,1
40800,69.6121,32.000000,2,0.00,0.0000,1
40820,69.6462,32.000000,2,0.00,0.0000,1
40840,69.6803,32.000000,2,0.00,0.0000,1
40860,69.7145,32.000000,2,0.00,0.0000,1
40880,69.7486,32.000000,2,0.00,0.0000,1
40900,69.7827,32.000000,2,0.00,0.0000,1
40920,69.8168,32.000000,2,0.00,0.0000,1
40940,69.8509,32.000000,2,0.00,0.0000,1
40960,69.8851,32.000000,2,0.00,0.0000,1
40980,69.9192,32.000000,2,0.00,0.0000,1
41000,69.9533,32.000000,2,0.00,0.0000,1
41020,69.9874,32.000000,2,0.00,0.0000,1
41040,70.0216,32.000000,2,0.00,0.0000,1
41060,70.0557,32.000000,2,0.00,0.0000,1
41080,70.0898,32.000000,2,0.00,0.0000,1
41100,70.1239,32.000000,2,0.00,0.0000,1
41120,70.1581,32.000000,2,0.00,0.0000,1
41140,70.1922,32.000000,2,0.00,0.0000,1
41160,70.2263,32.000000,2,0.00,0.0000,1
41180,70.2604,32.000000,2,0.00,0.0000,1
41200,70.2946,32.000000,2,0.00,0.0000,1
41220,70.3287,32.000000,2,0.00,0.0000,1
41240,70.3628,32.000000,2,0.00,0.0000,1
41260,70.3969,32.000000,2,0.00,0.0000,1
41280,70.4310,32.000000,2,0.00,0.0000,1
41300,70.4652,32.000000,2,0.00,0.0000,1
41320,70.4993,32.000000,2,0.00,0.0000,1
41340,70.5334,32.000000,2,0.00,0.0000,1
41360,70.5675,32.000000,2,0.00,0.0000,1
41380,70.6017,32.000000,2,0.00,0.0000,1
41400,70.6358,32.000000,2,0.00,0.0000,1
41420,70.6699,32.000000,2,0.00,0.0000,1
41440,70.7040,32.000000,2,0.00,0.0000,1
41460,70.7382,32.000000,2,0.00,0.0000,1
41480,70.7723,32.000000,2,0.00,0.0000,1
41500,70.8064,32.000000,2,0.00,0.0000,1
41520,70.8405,32.000000,2,0.00,0.0000,1
41540,70.8747,32.000000,2,0.00,0.0000,1
41560,70.9088,32.000000,2,0.00,0.0000,1
41580,70.9429,32.000000,2,0.00,0.0000,1
41600,70.9770,32.000000,2,0.00,0.0000,1
41620,71.0111,32.000000,2,0.00,0.0000,1
41640,71.0453,32.000000,2,0.00,0.0000,1
41660,71.0794,32.000000,2,0.00,0.0000,1
41680,71.1135,32.000000,2,0.00,0.0000,1
41700,71.1476,32.000000,2,0.00,0.0000,1
41720,71.1818,32.000000,2,0.00,0.0000,1
41740,71.2159,32.000000,2,0.00,0.0000,1
41760,71.2500,32.000000,2,0.00,0.0000,1
41780,71.2841,32.000000,2,0.00,0.0000,1
41800,71.3183,32.000000,2,0.00,0.0000,1
41820,71.3524,32.000000,2,0.00,0.0000,1
41840,71.3865,32.000000,2,0.00,0.0000,1
41860,71.4206,32.000000,2,0.00,0.0000,1
41880,71.4548,32.000000,2,0.00,0.0000,1
41900,71.4889,32.000000,2,0.00,0.0000,1
41920,71.5230,32.000000,2,0.00,0.0000,1
41940,71.5571,32.000000,2,0.00,0.0000,1
41960,71.5912,32.000000,2,0.00,0.0000,1
41980,71.6254,32.000000,2,0.00,0.0000,1
42000,71.6595,32.000000,2,0.00,0.0000,1
42020,71.6936,32.000000,2,0.00,0.0000,1
42040,71.7277,32.000000,2,0.00,0.0000,1
42060,71.7619,32.000000,2,0.00,0.0000,1
42080,71.7960,32.000000,2,0.00,0.0000,1
42100,71.8301,32.000000,2,0.00,0.0000,1
42120,71.8642,32.000000,2,0.00,0.0000,1
42140,71.8984,32.000000,2,0.00,0.0000,1
42160,71.9325,32.000000,2,0.00,0.0000,1
42180,71.9666,32.000000,2,0.00,0.0000,1
42200,72.0007,32.000000,2,0.00,0.0000,1
42220,72.0349,32.000000,2,0.00,0.0000,1
42240,72.0690,32.000000,2,0.00,0.0000,1
42260,72.1031,32.000000,2,0.00,0.0000,1
42280,72.1372,32.000000,2,0.00,0.0000,1
42300,72.1714,32.000000,2,0.00,0.0000,1
42320,72.2055,32.000000,2,0.00,0.0000,1
42340,72.2396,32.000000,2,0.00,0.0000,1
42360,72.2737,32.000000,2,0.00,0.0000,1
42380,72.3078,32.000000,2,0.00,0.0000,1
42400,72.3420,32.000000,2,0.00,0.0000,1
42420,72.3761,32.000000,2,0.00,0.0000,1
42440,72.4102,32.000000,2,0.00,0.0000,1
42460,72.4443,32.000000,2,0.00,0.0000,1
42480,72.4785,32.000000,2,0.00,0.0000,1
42500,72.5126,32.000000,2,0.00,0.0000,1
42520,72.5467,32.000000,2,0.00,0.0000,1
42540,72.5808,32.000000,2,0.00,0.0000,1
42560,72.6150,32.000000,2,0.00,0.0000,1
42580,72.6491,32.000000,2,0.00,0.0000,1
42600,72.6832,32.000000,2,0.00,0.0000,1
42620,72.7173,32.000000,2,0.00,0.0000,1
42640,72.7515,32.000000,2,0.00,0.0000,1
42660,72.7856,32.000000,2,0.00,0.0000,1
42680,72.8197,32.000000,2,0.00,0.0000,1
42700,72.8538,32.000000,2,0.00,0.0000,1
42720,72.8879,32.000000,2,0.00,0.0000,1
42740,72.9221,32.000000,2,0.00,0.0000,1
42760,72.9562,32.000000,2,0.00,0.0000,1
42780,72.9903,32.000000,2,0.00,0.0000,1
42800,73.0244,32.000000,2,0.00,0.0000,1
42820,73.0586,32.000000,2,0.00,0.0000,1
42840,73.0927,32.000000,2,0.00,0.0000,1
42860,73.1268,32.000000,2,0.00,0.0000,1
42880,73.1609,32.000000,2,0.00,0.0000,1
42900,73.1951,32.000000,2,0.00,0.0000,1
42920,73.2292,32.000000,2,0.00,0.0000,1
42940,73.2633,32.000000,2,0.00,0.0000,1
42960,73.2974,32.000000,2,0.00,0.0000,1
42980,73.3316,32.000000,2,0.00,0.0000,1
43000,73.3657,32.000000,2,0.00,0.0000,1
43020,73.3998,32.000000,2,0.00,0.0000,1
43040,73.4339,32.000000,2,0.00,0.0000,1
43060,73.4680,32.000000,2,0.00,0.0000,1
43080,73.5022,32.000000,2,0.00,0.0000,1
43100,73.5363,32.000000,2,0.00,0.0000,1
43120,73.5704,32.000000,2,0.00,0.0000,1
43140,73.6045,32.000000,2,0.00,0.0000,1
43160,73.6387,32.000000,2,0.00,0.0000,1
43180,73.6728,32.000000,2,0.00,0.0000,1
43200,73.7069,32.000000,2,0.00,0.0000,1
43220,73.7410,32.000000,2,0.00,0.0000,1
43240,73.7752,32.000000,2,0.00,0.0000,1
43260,73.8093,32.000000,2,0.00,0.0000,1
43280,73.8434,32.000000,2,0.00,0.0000,1
43300,73.8775,32.000000,2,0.00,0.0000,1
43320,73.9117,32.000000,2,0.00,0.0000,1
43340,73.9458,32.000000,2,0.00,0.0000,1
43360,73.9799,32.000000,2,0.00,0.0000,1
43380,74.0140,32.000000,2,0.00,0.0000,1
43400,74.0481,32.000000,2,0.00,0.0000,1
43420,74.0823,32.000000,2,0.00,0.0000,1
43440,74.1164,32.000000,2,0.00,0.0000,1
43460,74.1505,32.000000,2,0.00,0.0000,1
43480,74.1846,32.000000,2,0.00,0.0000,1
43500,74.2188,32.000000,2,0.00,0.0000,1
43520,74.2529,32.000000,2,0.00,0.0000,1
43540,74.2870,32.000000,2,0.00,0.0000,1
43560,74.3211,32.000000,2,0.00,0.0000,1
43580,74.3553,32.000000,2,0.00,0.0000,1
43600,74.3894,32.000000,2,0.00,0.0000,1
43620,74.4235,32.000000,2,0.00,0.0000,1
43640,74.4576,32.000000,2,0.00,0.0000,1
43660,74.4918,32.000000,2,0.00,0.0000,1
43680,74.5259,32.000000,2,0.00,0.0000,1
43700,74.5600,32.000000,2,0.00,0.0000,1
43720,74.5941,32.000000,2,0.00,0.0000,1
43740,74.6282,32.000000,2,0.00,0.0000,1
43760,74.6624,32.000000,2,0.00,0.0000,1
43780,74.6965,32.000000,2,0.00,0.0000,1
43800,74.7306,32.000000,2,0.00,0.0000,1
43820,74.7647,32.000000,2,0.00,0.0000,1
43840,74.7989,32.000000,2,0.00,0.0000,1
43860,74.8330,32.000000,2,0.00,0.0000,1
43880,74.8671,32.000000,2,0.00,0.0000,1
43900,74.9012,32.000000,2,0.00,0.0000,1
43920,74.9354,32.000000,2,0.00,0.0000,1
43940,74.9695,32.000000,2,0.00,0.0000,1
