rho_inf,time,E_lo_over_initial,E_hi_over_initial
1.000000000000000000e+00,0.000000000000000000e+00,1.000000000000000000e+00,1.000000000000000000e+00
1.000000000000000000e+00,1.000000000000000021e-03,1.000000000000000222e+00,9.999999999999996669e-01
1.000000000000000000e+00,2.000000000000000042e-03,1.000000000000000000e+00,9.999999999999994449e-01
1.000000000000000000e+00,3.000000000000000062e-03,1.000000000000000000e+00,9.999999999999994449e-01
1.000000000000000000e+00,4.000000000000000083e-03,1.000000000000000000e+00,9.999999999999997780e-01
1.000000000000000000e+00,5.000000000000000104e-03,9.999999999999996669e-01,9.999999999999962252e-01
1.000000000000000000e+00,6.000000000000000125e-03,1.000000000000000000e+00,9.999999999999965583e-01
1.000000000000000000e+00,7.000000000000000146e-03,1.000000000000000000e+00,9.999999999999967804e-01
1.000000000000000000e+00,8.000000000000000167e-03,9.999999999999997780e-01,9.999999999999967804e-01
1.000000000000000000e+00,9.000000000000001055e-03,9.999999999999997780e-01,9.999999999999967804e-01
1.000000000000000000e+00,1.000000000000000021e-02,9.999999999999997780e-01,9.999999999999932276e-01
1.000000000000000000e+00,1.099999999999999936e-02,1.000000000000000000e+00,9.999999999999913403e-01
1.000000000000000000e+00,1.200000000000000025e-02,9.999999999999997780e-01,9.999999999999911182e-01
1.000000000000000000e+00,1.300000000000000114e-02,9.999999999999996669e-01,9.999999999999916733e-01
1.000000000000000000e+00,1.400000000000000029e-02,9.999999999999996669e-01,9.999999999999913403e-01
1.000000000000000000e+00,1.499999999999999944e-02,9.999999999999997780e-01,9.999999999999878986e-01
1.000000000000000000e+00,1.600000000000000033e-02,9.999999999999997780e-01,9.999999999999862332e-01
1.000000000000000000e+00,1.700000000000000122e-02,9.999999999999996669e-01,9.999999999999859002e-01
1.000000000000000000e+00,1.800000000000000211e-02,9.999999999999996669e-01,9.999999999999862332e-01
1.000000000000000000e+00,1.899999999999999953e-02,9.999999999999996669e-01,9.999999999999865663e-01
1.000000000000000000e+00,2.000000000000000042e-02,9.999999999999997780e-01,9.999999999999846789e-01
1.000000000000000000e+00,2.100000000000000130e-02,1.000000000000000000e+00,9.999999999999837907e-01
1.000000000000000000e+00,2.199999999999999872e-02,1.000000000000000222e+00,9.999999999999830136e-01
1.000000000000000000e+00,2.299999999999999961e-02,1.000000000000000000e+00,9.999999999999833467e-01
1.000000000000000000e+00,2.400000000000000050e-02,1.000000000000000000e+00,9.999999999999841238e-01
1.000000000000000000e+00,2.500000000000000139e-02,9.999999999999997780e-01,9.999999999999816813e-01
1.000000000000000000e+00,2.600000000000000228e-02,1.000000000000000000e+00,9.999999999999802380e-01
1.000000000000000000e+00,2.699999999999999969e-02,9.999999999999997780e-01,9.999999999999813483e-01
1.000000000000000000e+00,2.800000000000000058e-02,9.999999999999997780e-01,9.999999999999814593e-01
1.000000000000000000e+00,2.900000000000000147e-02,9.999999999999996669e-01,9.999999999999809042e-01
1.000000000000000000e+00,2.999999999999999889e-02,9.999999999999996669e-01,9.999999999999794609e-01
1.000000000000000000e+00,3.099999999999999978e-02,1.000000000000000000e+00,9.999999999999822364e-01
1.000000000000000000e+00,3.200000000000000067e-02,9.999999999999996669e-01,9.999999999999840128e-01
1.000000000000000000e+00,3.300000000000000155e-02,9.999999999999996669e-01,9.999999999999846789e-01
1.000000000000000000e+00,3.400000000000000244e-02,9.999999999999994449e-01,9.999999999999845679e-01
1.000000000000000000e+00,3.500000000000000333e-02,9.999999999999994449e-01,9.999999999999813483e-01
1.000000000000000000e+00,3.600000000000000422e-02,9.999999999999996669e-01,9.999999999999765743e-01
1.000000000000000000e+00,3.699999999999999817e-02,9.999999999999994449e-01,9.999999999999754641e-01
1.000000000000000000e+00,3.799999999999999906e-02,9.999999999999996669e-01,9.999999999999757971e-01
1.000000000000000000e+00,3.899999999999999994e-02,9.999999999999994449e-01,9.999999999999764633e-01
1.000000000000000000e+00,4.000000000000000083e-02,9.999999999999994449e-01,9.999999999999764633e-01
1.000000000000000000e+00,4.100000000000000172e-02,9.999999999999993339e-01,9.999999999999771294e-01
1.000000000000000000e+00,4.200000000000000261e-02,9.999999999999988898e-01,9.999999999999770184e-01
1.000000000000000000e+00,4.300000000000000350e-02,9.999999999999991118e-01,9.999999999999771294e-01
1.000000000000000000e+00,4.399999999999999745e-02,9.999999999999991118e-01,9.999999999999775735e-01
1.000000000000000000e+00,4.499999999999999833e-02,9.999999999999991118e-01,9.999999999999783507e-01
1.000000000000000000e+00,4.599999999999999922e-02,9.999999999999991118e-01,9.999999999999770184e-01
1.000000000000000000e+00,4.700000000000000011e-02,9.999999999999988898e-01,9.999999999999752420e-01
1.000000000000000000e+00,4.800000000000000100e-02,9.999999999999988898e-01,9.999999999999752420e-01
1.000000000000000000e+00,4.900000000000000189e-02,9.999999999999988898e-01,9.999999999999756861e-01
1.000000000000000000e+00,5.000000000000000278e-02,9.999999999999991118e-01,9.999999999999730216e-01
1.000000000000000000e+00,5.100000000000000366e-02,9.999999999999993339e-01,9.999999999999709122e-01
1.000000000000000000e+00,5.200000000000000455e-02,9.999999999999994449e-01,9.999999999999681366e-01
1.000000000000000000e+00,5.299999999999999850e-02,9.999999999999993339e-01,9.999999999999684697e-01
1.000000000000000000e+00,5.399999999999999939e-02,9.999999999999993339e-01,9.999999999999686917e-01
1.000000000000000000e+00,5.500000000000000028e-02,9.999999999999991118e-01,9.999999999999698019e-01
1.000000000000000000e+00,5.600000000000000117e-02,9.999999999999991118e-01,9.999999999999671374e-01
1.000000000000000000e+00,5.700000000000000205e-02,9.999999999999991118e-01,9.999999999999670264e-01
1.000000000000000000e+00,5.800000000000000294e-02,9.999999999999993339e-01,9.999999999999671374e-01
1.000000000000000000e+00,5.900000000000000383e-02,9.999999999999996669e-01,9.999999999999673594e-01
1.000000000000000000e+00,5.999999999999999778e-02,9.999999999999996669e-01,9.999999999999658051e-01
1.000000000000000000e+00,6.099999999999999867e-02,9.999999999999996669e-01,9.999999999999682476e-01
1.000000000000000000e+00,6.199999999999999956e-02,9.999999999999994449e-01,9.999999999999673594e-01
1.000000000000000000e+00,6.300000000000000044e-02,9.999999999999993339e-01,9.999999999999654721e-01
1.000000000000000000e+00,6.400000000000000133e-02,9.999999999999993339e-01,9.999999999999662492e-01
1.000000000000000000e+00,6.500000000000000222e-02,9.999999999999991118e-01,9.999999999999668043e-01
1.000000000000000000e+00,6.600000000000000311e-02,9.999999999999993339e-01,9.999999999999689138e-01
1.000000000000000000e+00,6.700000000000000400e-02,9.999999999999994449e-01,9.999999999999694689e-01
1.000000000000000000e+00,6.800000000000000488e-02,9.999999999999993339e-01,9.999999999999701350e-01
1.000000000000000000e+00,6.900000000000000577e-02,9.999999999999991118e-01,9.999999999999701350e-01
1.000000000000000000e+00,7.000000000000000666e-02,9.999999999999991118e-01,9.999999999999708011e-01
1.000000000000000000e+00,7.100000000000000755e-02,9.999999999999993339e-01,9.999999999999730216e-01
1.000000000000000000e+00,7.200000000000000844e-02,9.999999999999994449e-01,9.999999999999670264e-01
1.000000000000000000e+00,7.299999999999999545e-02,9.999999999999994449e-01,9.999999999999668043e-01
1.000000000000000000e+00,7.399999999999999634e-02,9.999999999999996669e-01,9.999999999999663602e-01
1.000000000000000000e+00,7.499999999999999722e-02,9.999999999999994449e-01,9.999999999999662492e-01
1.000000000000000000e+00,7.599999999999999811e-02,9.999999999999994449e-01,9.999999999999673594e-01
1.000000000000000000e+00,7.699999999999999900e-02,9.999999999999994449e-01,9.999999999999682476e-01
1.000000000000000000e+00,7.799999999999999989e-02,9.999999999999993339e-01,9.999999999999692468e-01
1.000000000000000000e+00,7.900000000000000078e-02,9.999999999999991118e-01,9.999999999999698019e-01
1.000000000000000000e+00,8.000000000000000167e-02,9.999999999999991118e-01,9.999999999999703570e-01
1.000000000000000000e+00,8.100000000000000255e-02,9.999999999999991118e-01,9.999999999999711342e-01
1.000000000000000000e+00,8.200000000000000344e-02,9.999999999999993339e-01,9.999999999999708011e-01
1.000000000000000000e+00,8.300000000000000433e-02,9.999999999999993339e-01,9.999999999999705791e-01
1.000000000000000000e+00,8.400000000000000522e-02,9.999999999999993339e-01,9.999999999999709122e-01
1.000000000000000000e+00,8.500000000000000611e-02,9.999999999999993339e-01,9.999999999999705791e-01
1.000000000000000000e+00,8.600000000000000699e-02,9.999999999999993339e-01,9.999999999999700240e-01
1.000000000000000000e+00,8.700000000000000788e-02,9.999999999999993339e-01,9.999999999999714673e-01
1.000000000000000000e+00,8.799999999999999489e-02,9.999999999999993339e-01,9.999999999999700240e-01
1.000000000000000000e+00,8.899999999999999578e-02,9.999999999999993339e-01,9.999999999999698019e-01
1.000000000000000000e+00,8.999999999999999667e-02,9.999999999999993339e-01,9.999999999999701350e-01
1.000000000000000000e+00,9.099999999999999756e-02,9.999999999999988898e-01,9.999999999999694689e-01
1.000000000000000000e+00,9.199999999999999845e-02,9.999999999999987788e-01,9.999999999999709122e-01
1.000000000000000000e+00,9.299999999999999933e-02,9.999999999999987788e-01,9.999999999999698019e-01
1.000000000000000000e+00,9.400000000000000022e-02,9.999999999999988898e-01,9.999999999999703570e-01
1.000000000000000000e+00,9.500000000000000111e-02,9.999999999999993339e-01,9.999999999999703570e-01
1.000000000000000000e+00,9.600000000000000200e-02,9.999999999999993339e-01,9.999999999999703570e-01
1.000000000000000000e+00,9.700000000000000289e-02,9.999999999999991118e-01,9.999999999999682476e-01
1.000000000000000000e+00,9.800000000000000377e-02,9.999999999999991118e-01,9.999999999999643618e-01
1.000000000000000000e+00,9.900000000000000466e-02,9.999999999999993339e-01,9.999999999999644729e-01
1.000000000000000000e+00,1.000000000000000056e-01,9.999999999999991118e-01,9.999999999999652500e-01
5.000000000000000000e-01,0.000000000000000000e+00,1.000000000000000000e+00,1.000000000000000000e+00
5.000000000000000000e-01,1.000000000000000021e-03,9.999999999855693211e-01,1.041368340332202935e+00
5.000000000000000000e-01,2.000000000000000042e-03,9.999999998268358503e-01,7.956340748917347661e-01
5.000000000000000000e-01,3.000000000000000062e-03,9.999999995815385123e-01,4.804224093780599669e-01
5.000000000000000000e-01,4.000000000000000083e-03,9.999999992497066170e-01,2.246417196293292728e-01
5.000000000000000000e-01,5.000000000000000104e-03,9.999999988313839072e-01,1.182935986500141257e-01
5.000000000000000000e-01,6.000000000000000125e-03,9.999999983266265602e-01,8.018324637167953406e-02
5.000000000000000000e-01,7.000000000000000146e-03,9.999999977355055192e-01,4.601531973159039834e-02
5.000000000000000000e-01,8.000000000000000167e-03,9.999999970581052722e-01,2.131457220782006709e-02
5.000000000000000000e-01,9.000000000000001055e-03,9.999999962945231857e-01,1.197008635104420890e-02
5.000000000000000000e-01,1.000000000000000021e-02,9.999999954448708372e-01,8.107389558772699553e-03
5.000000000000000000e-01,1.099999999999999936e-02,9.999999945092736819e-01,4.418235668228920505e-03
5.000000000000000000e-01,1.200000000000000025e-02,9.999999934878701646e-01,2.046079862655357864e-03
5.000000000000000000e-01,1.300000000000000114e-02,9.999999923808121638e-01,1.220883903878819095e-03
5.000000000000000000e-01,1.400000000000000029e-02,9.999999911882657688e-01,8.127120630832312866e-04
5.000000000000000000e-01,1.499999999999999944e-02,9.999999899104099477e-01,4.213509185847115197e-04
5.000000000000000000e-01,1.600000000000000033e-02,9.999999885474375461e-01,1.984988131562492538e-04
5.000000000000000000e-01,1.700000000000000122e-02,9.999999870995543994e-01,1.249967532784913079e-04
5.000000000000000000e-01,1.800000000000000211e-02,9.999999855669799986e-01,8.069477017526832500e-05
5.000000000000000000e-01,1.899999999999999953e-02,9.999999839499476018e-01,4.000672686440247131e-05
5.000000000000000000e-01,2.000000000000000042e-02,9.999999822487032342e-01,1.949898777008153740e-05
5.000000000000000000e-01,2.100000000000000130e-02,9.999999804635063549e-01,1.280033198768927662e-05
5.000000000000000000e-01,2.199999999999999872e-02,9.999999785946300790e-01,7.932659883303200249e-06
5.000000000000000000e-01,2.299999999999999961e-02,9.999999766423598446e-01,3.793121519975327494e-06
5.000000000000000000e-01,2.400000000000000050e-02,9.999999746069953011e-01,1.940252946996639367e-06
5.000000000000000000e-01,2.500000000000000139e-02,9.999999724888486430e-01,1.306912812638040515e-06
5.000000000000000000e-01,2.600000000000000228e-02,9.999999702882451658e-01,7.721817747162755708e-07
5.000000000000000000e-01,2.699999999999999969e-02,9.999999680055232654e-01,3.603488806737167526e-07
5.000000000000000000e-01,2.800000000000000058e-02,9.999999656410342164e-01,1.953376239092367515e-07
5.000000000000000000e-01,2.900000000000000147e-02,9.999999631951422829e-01,1.326853020653620487e-07
5.000000000000000000e-01,2.999999999999999889e-02,9.999999606682248299e-01,7.448399383197665360e-08
5.000000000000000000e-01,3.099999999999999978e-02,9.999999580606711014e-01,3.442585787885290866e-08
5.000000000000000000e-01,3.200000000000000067e-02,9.999999553728846635e-01,1.984767078457991514e-08
5.000000000000000000e-01,3.300000000000000155e-02,9.999999526052804066e-01,1.336823422007942179e-08
5.000000000000000000e-01,3.400000000000000244e-02,9.999999497582860997e-01,7.128993210368004215e-09
5.000000000000000000e-01,3.500000000000000333e-02,9.999999468323420571e-01,3.318530072514165239e-09
5.000000000000000000e-01,3.600000000000000422e-02,9.999999438279016939e-01,2.028533072061642677e-09
5.000000000000000000e-01,3.699999999999999817e-02,9.999999407454300826e-01,1.334754202858808226e-09
5.000000000000000000e-01,3.799999999999999906e-02,9.999999375854050632e-01,6.783761196991863323e-10
5.000000000000000000e-01,3.899999999999999994e-02,9.999999343483162439e-01,3.236128965556957986e-10
5.000000000000000000e-01,4.000000000000000083e-02,9.999999310346657788e-01,2.077933575252254447e-10
5.000000000000000000e-01,4.100000000000000172e-02,9.999999276449678121e-01,1.319684918186611165e-10
5.000000000000000000e-01,4.200000000000000261e-02,9.999999241797483673e-01,6.434612708468360685e-11
5.000000000000000000e-01,4.300000000000000350e-02,9.999999206395455698e-01,3.196563204908270613e-11
5.000000000000000000e-01,4.399999999999999745e-02,9.999999170249096458e-01,2.125979088682008049e-11
5.000000000000000000e-01,4.499999999999999833e-02,9.999999133364020354e-01,1.291814273327414437e-11
5.000000000000000000e-01,4.599999999999999922e-02,9.999999095745959465e-01,6.103281707094764053e-12
5.000000000000000000e-01,4.700000000000000011e-02,9.999999057400766889e-01,3.197389470650364120e-12
5.000000000000000000e-01,4.800000000000000100e-02,9.999999018334400080e-01,2.166034670258359686e-12
5.000000000000000000e-01,4.900000000000000189e-02,9.999998978552943063e-01,1.252449502240706156e-12
5.000000000000000000e-01,5.000000000000000278e-02,9.999998938062580889e-01,5.809474265005973070e-13
5.000000000000000000e-01,5.100000000000000366e-02,9.999998896869622955e-01,3.232852282262045187e-13
5.000000000000000000e-01,5.200000000000000455e-02,9.999998854980476359e-01,2.192375723248238056e-13
5.000000000000000000e-01,5.299999999999999850e-02,9.999998812401671433e-01,1.203862553015898332e-13
5.000000000000000000e-01,5.399999999999999939e-02,9.999998769139837318e-01,5.569242544747284707e-14
5.000000000000000000e-01,5.500000000000000028e-02,9.999998725201709737e-01,3.294469752059065124e-14
5.000000000000000000e-01,5.600000000000000117e-02,9.999998680594142098e-01,2.200650073515456507e-14
5.000000000000000000e-01,5.700000000000000205e-02,9.999998635324084395e-01,1.149068041116990982e-14
5.000000000000000000e-01,5.800000000000000294e-02,9.999998589398594318e-01,5.393717572836232686e-15
5.000000000000000000e-01,5.900000000000000383e-02,9.999998542824836134e-01,3.371835301569854538e-15
5.000000000000000000e-01,5.999999999999999778e-02,9.999998495610067373e-01,2.188209576240331317e-15
5.000000000000000000e-01,6.099999999999999867e-02,9.999998447761656584e-01,1.091544180501455626e-15
5.000000000000000000e-01,6.199999999999999956e-02,9.999998399287068906e-01,5.288298689167060115e-16
5.000000000000000000e-01,6.300000000000000044e-02,9.999998350193868291e-01,3.453560672555963697e-16
5.000000000000000000e-01,6.400000000000000133e-02,9.999998300489709724e-01,2.154286690311130982e-16
5.000000000000000000e-01,6.500000000000000222e-02,9.999998250182356996e-01,1.034922161551806342e-16
5.000000000000000000e-01,6.600000000000000311e-02,9.999998199279662714e-01,5.252355745487967212e-17
5.000000000000000000e-01,6.700000000000000400e-02,9.999998147789570524e-01,3.528275647602191836e-17
5.000000000000000000e-01,6.800000000000000488e-02,9.999998095720119551e-01,2.100005402788332156e-17
5.000000000000000000e-01,6.900000000000000577e-02,9.999998043079443288e-01,9.826714063487688558e-18
5.000000000000000000e-01,7.000000000000000666e-02,9.999997989875761828e-01,5.279454731334346551e-18
5.000000000000000000e-01,7.100000000000000755e-02,9.999997936117391850e-01,3.585597486105961663e-18
5.000000000000000000e-01,7.200000000000000844e-02,9.999997881812718870e-01,2.028230335541057460e-18
5.000000000000000000e-01,7.299999999999999545e-02,9.999997826970238313e-01,9.378076947812321201e-19
5.000000000000000000e-01,7.399999999999999634e-02,9.999997771598514440e-01,5.358072504972770336e-19
5.000000000000000000e-01,7.499999999999999722e-02,9.999997715706196999e-01,3.616988169831560562e-19
5.000000000000000000e-01,7.599999999999999811e-02,9.999997659302025665e-01,1.943271572990166354e-19
5.000000000000000000e-01,7.699999999999999900e-02,9.999997602394814500e-01,9.026484256443561009e-20
5.000000000000000000e-01,7.799999999999999989e-02,9.999997544993458609e-01,5.472725531229904966e-20
5.000000000000000000e-01,7.900000000000000078e-02,9.999997487106933036e-01,3.616429487818244673e-20
5.000000000000000000e-01,8.000000000000000167e-02,9.999997428744282768e-01,1.850474564853883281e-20
5.000000000000000000e-01,8.100000000000000255e-02,9.999997369914636058e-01,8.786345542123621854e-21
5.000000000000000000e-01,8.200000000000000344e-02,9.999997310627192215e-01,5.605404337705392039e-21
5.000000000000000000e-01,8.300000000000000433e-02,9.999997250891218270e-01,3.580863557234979357e-21
5.000000000000000000e-01,8.400000000000000522e-02,9.999997190716056750e-01,1.755733426461289258e-21
5.000000000000000000e-01,8.500000000000000611e-02,9.999997130111126786e-01,8.662324923776395615e-22
5.000000000000000000e-01,8.600000000000000699e-02,9.999997069085897472e-01,5.737182411613074670e-22
5.000000000000000000e-01,8.700000000000000788e-02,9.999997007649918945e-01,3.510367912805318534e-22
5.000000000000000000e-01,8.799999999999999489e-02,9.999996945812801297e-01,1.664971397648120383e-22
5.000000000000000000e-01,8.899999999999999578e-02,9.999996883584215679e-01,8.649220475392265802e-23
5.000000000000000000e-01,8.999999999999999667e-02,9.999996820973898748e-01,5.849857140893664626e-23
5.000000000000000000e-01,9.099999999999999756e-02,9.999996757991647112e-01,3.408057849619897849e-23
5.000000000000000000e-01,9.199999999999999845e-02,9.999996694647313999e-01,1.583633766656436885e-23
5.000000000000000000e-01,9.299999999999999933e-02,9.999996630950808152e-01,8.732689550878655590e-24
5.000000000000000000e-01,9.400000000000000022e-02,9.999996566912101592e-01,5.927481763206767384e-24
5.000000000000000000e-01,9.500000000000000111e-02,9.999996502541214083e-01,3.279732203473949526e-24
5.000000000000000000e-01,9.600000000000000200e-02,9.999996437848218678e-01,1.516236197853209548e-24
5.000000000000000000e-01,9.700000000000000289e-02,9.999996372843239500e-01,8.890733777509429613e-25
5.000000000000000000e-01,9.800000000000000377e-02,9.999996307536451745e-01,5.957660649865637705e-25
5.000000000000000000e-01,9.900000000000000466e-02,9.999996241938076125e-01,3.133300194308659429e-25
5.000000000000000000e-01,1.000000000000000056e-01,9.999996176058377761e-01,1.466005436184726106e-25
