node,x,y,damage
0,0.0,0.0,0.33862403750685266
1,0.08333333333333333,0.0,0.3386236584221742
2,0.16666666666666666,0.0,0.3386220877244389
3,0.25,0.0,0.3386163749066074
4,0.3333333333333333,0.0,0.33859675539886736
5,0.41666666666666663,0.0,0.33853315328888717
6,0.5,0.0,0.3383543157855128
7,0.5833333333333333,0.0,0.3380321031479765
8,0.6666666666666666,0.0,0.33784074608270803
9,0.75,0.0,0.3379685175203111
10,0.8333333333333333,0.0,0.33825053092324747
11,0.9166666666666666,0.0,0.33861285831521176
12,1.0,0.0,0.3394507205661112
13,1.0833333333333333,0.0,0.34277024290808394
14,1.1666666666666665,0.0,0.35774545836186467
15,1.25,0.0,0.42704661142391576
16,1.3333333333333333,0.0,0.5421491137224415
17,1.4166666666666665,0.0,0.40739101241767844
18,1.5,0.0,0.358692123380096
19,1.5833333333333333,0.0,0.34421629855932767
20,1.6666666666666665,0.0,0.3401388180426892
21,1.75,0.0,0.3390269274643912
22,1.8333333333333333,0.0,0.33873029676042865
23,1.9166666666666665,0.0,0.3386535022725726
24,2.0,0.0,0.3386395561051948
25,0.0,0.08333333333333333,0.3386237028194924
26,0.08333333333333333,0.08333333333333333,0.3386229846671081
27,0.16666666666666666,0.08333333333333333,0.33861971167641597
28,0.25,0.08333333333333333,0.33860750216940105
29,0.3333333333333333,0.08333333333333333,0.33856421983710183
30,0.41666666666666663,0.08333333333333333,0.33841796450334305
31,0.5,0.08333333333333333,0.3379891090930547
32,0.5833333333333333,0.08333333333333333,0.33721578319667384
33,0.6666666666666666,0.08333333333333333,0.33684415695229114
34,0.75,0.08333333333333333,0.3372570973474251
35,0.8333333333333333,0.08333333333333333,0.33789829078320505
36,0.9166666666666666,0.08333333333333333,0.3385227977148942
37,1.0,0.08333333333333333,0.3396144015845669
38,1.0833333333333333,0.08333333333333333,0.34336090244359263
39,1.1666666666666665,0.08333333333333333,0.3584231163580008
40,1.25,0.08333333333333333,0.4188124166833988
41,1.3333333333333333,0.08333333333333333,0.5416637741805751
42,1.4166666666666665,0.08333333333333333,0.4153094745106717
43,1.5,0.08333333333333333,0.35826702078965966
44,1.5833333333333333,0.08333333333333333,0.3436482921542421
45,1.6666666666666665,0.08333333333333333,0.3399070535799818
46,1.75,0.08333333333333333,0.33895131555980457
47,1.8333333333333333,0.08333333333333333,0.3387078547772484
48,1.9166666666666665,0.08333333333333333,0.3386469008953291
49,2.0,0.08333333333333333,0.3386352471977237
50,0.0,0.16666666666666666,0.3386225583767811
51,0.08333333333333333,0.16666666666666666,0.3386204228904505
52,0.16666666666666666,0.16666666666666666,0.33861012158163484
53,0.25,0.16666666666666666,0.33856928775526424
54,0.3333333333333333,0.16666666666666666,0.33841348140546407
55,0.41666666666666663,0.16666666666666666,0.33783691916753655
56,0.5,0.16666666666666666,0.3359897082145331
57,0.5833333333333333,0.16666666666666666,0.332573945245886
58,0.6666666666666666,0.16666666666666666,0.33136094667034277
59,0.75,0.16666666666666666,0.3336425395887068
60,0.8333333333333333,0.16666666666666666,0.3361903675690364
61,0.9166666666666666,0.16666666666666666,0.3378750973631181
62,1.0,0.16666666666666666,0.33944184332788574
63,1.0833333333333333,0.16666666666666666,0.34337585050989927
64,1.1666666666666665,0.16666666666666666,0.35824774754153327
65,1.25,0.16666666666666666,0.41731260448348884
66,1.3333333333333333,0.16666666666666666,0.5419260806491796
67,1.4166666666666665,0.16666666666666666,0.41670942400291694
68,1.5,0.16666666666666666,0.35819446757156853
69,1.5833333333333333,0.16666666666666666,0.3435324662328208
70,1.6666666666666665,0.16666666666666666,0.3398557936672478
71,1.75,0.16666666666666666,0.33893344488508914
72,1.8333333333333333,0.16666666666666666,0.33870221388386096
73,1.9166666666666665,0.16666666666666666,0.3386450672011049
74,2.0,0.16666666666666666,0.33863414238502915
75,0.0,0.25,0.3386190926205987
76,0.08333333333333333,0.25,0.3386124216740971
77,0.16666666666666666,0.25,0.3385782006129919
78,0.25,0.25,0.3384340631457677
79,0.3333333333333333,0.25,0.3378409468884843
80,0.41666666666666663,0.25,0.33542963474294285
81,0.5,0.25,0.3270040371978836
82,0.5833333333333333,0.25,0.31115941449020906
83,0.6666666666666666,0.25,0.3077648050072778
84,0.75,0.25,0.32036246809808056
85,0.8333333333333333,0.25,0.3308727603900526
86,0.9166666666666666,0.25,0.3360888861140423
87,1.0,0.25,0.33890892505415493
88,1.0833333333333333,0.25,0.3432229701703501
89,1.1666666666666665,0.25,0.35812441404159484
90,1.25,0.25,0.41702922279104254
91,1.3333333333333333,0.25,0.5420225231377727
92,1.4166666666666665,0.25,0.41695234436370715
93,1.5,0.25,0.358180574767182
94,1.5833333333333333,0.25,0.343508418161945
95,1.6666666666666665,0.25,0.33984441422881523
96,1.75,0.25,0.3389292420883424
97,1.8333333333333333,0.25,0.33870081206834013
98,1.9166666666666665,0.25,0.3386445755559965
99,2.0,0.25,0.3386338599184157
100,0.0,0.3333333333333333,0.3386101761246661
101,0.08333333333333333,0.3333333333333333,0.33859122914050993
102,0.16666666666666666,0.3333333333333333,0.3384880345684574
103,0.25,0.3333333333333333,0.33802779513257636
104,0.3333333333333333,0.3333333333333333,0.3359948977874979
105,0.41666666666666663,0.3333333333333333,0.3269913667668433
106,0.5,0.3333333333333333,0.29472498799563773
107,0.5833333333333333,0.3333333333333333,0.26168787552029316
108,0.6666666666666666,0.3333333333333333,0.25052380866123986
109,0.75,0.3333333333333333,0.2756359025574984
110,0.8333333333333333,0.3333333333333333,0.31676405240093447
111,0.9166666666666666,0.3333333333333333,0.33218350464188934
112,1.0,0.3333333333333333,0.33790223873581565
113,1.0833333333333333,0.3333333333333333,0.34296979877674466
114,1.1666666666666665,0.3333333333333333,0.3580390850899473
115,1.25,0.3333333333333333,0.4169618848900574
116,1.3333333333333333,0.3333333333333333,0.5420448713047527
117,1.4166666666666665,0.3333333333333333,0.41699357809322857
118,1.5,0.3333333333333333,0.3581775938206311
119,1.5833333333333333,0.3333333333333333,0.3435033487993829
120,1.6666666666666665,0.3333333333333333,0.3398418841542679
121,1.75,0.3333333333333333,0.33892826021281625
122,1.8333333333333333,0.3333333333333333,0.3387004666368342
123,1.9166666666666665,0.3333333333333333,0.3386444470954496
124,2.0,0.3333333333333333,0.3386337872837219
125,0.0,0.41666666666666663,0.33859428981679124
126,0.08333333333333333,0.41666666666666663,0.33855350046088684
127,0.16666666666666666,0.41666666666666663,0.33832430234418326
128,0.25,0.41666666666666663,0.3372802897583041
129,0.3333333333333333,0.41666666666666663,0.33255101643356005
130,0.41666666666666663,0.41666666666666663,0.31100530516704006
131,0.5,0.41666666666666663,0.2611902499690405
132,0.5833333333333333,0.41666666666666663,0.22305939886674542
133,0.6666666666666666,0.41666666666666663,0.21605266713808885
134,0.75,0.41666666666666663,0.23192781796209158
135,0.8333333333333333,0.41666666666666663,0.28888986311784876
136,0.9166666666666666,0.41666666666666663,0.32623783694647784
137,1.0,0.41666666666666663,0.33664817488555776
138,1.0833333333333333,0.41666666666666663,0.34270706874304513
139,1.1666666666666665,0.41666666666666663,0.35797856066534006
140,1.25,0.41666666666666663,0.4169384760576386
141,1.3333333333333333,0.41666666666666663,0.5420487404087831
142,1.4166666666666665,0.41666666666666663,0.4170004728736551
143,1.5,0.41666666666666663,0.3581769845661204
144,1.5833333333333333,0.41666666666666663,0.3435023183222941
145,1.6666666666666665,0.41666666666666663,0.33984134105677954
146,1.75,0.41666666666666663,0.3389280357414588
147,1.8333333333333333,0.41666666666666663,0.3387003819197632
148,1.9166666666666665,0.41666666666666663,0.3386444123011006
149,2.0,0.41666666666666663,0.33863376630388103
150,0.0,0.5,0.33858120333877506
151,0.08333333333333333,0.5,0.3385258603472435
152,0.16666666666666666,0.5,0.33822092628695005
153,0.25,0.5,0.3368939360933437
154,0.3333333333333333,0.5,0.33121176065010643
155,0.41666666666666663,0.5,0.30705952736624137
156,0.5,0.5,0.24780347689583768
157,0.5833333333333333,0.5,0.214228742384827
158,0.6666666666666666,0.5,0.20841767320066681
159,0.75,0.5,0.22202192900129247
160,0.8333333333333333,0.5,0.27550838369559416
161,0.9166666666666666,0.5,0.32377241190265765
162,1.0,0.5,0.3362329735837047
163,1.0833333333333333,0.5,0.3426473346613562
164,1.1666666666666665,0.5,0.3579718765079933
165,1.25,0.5,0.4169378161279855
166,1.3333333333333333,0.5,0.5420506253214665
167,1.4166666666666665,0.5,0.4170020552413841
168,1.5,0.5,0.3581772288777382
169,1.5833333333333333,0.5,0.3435023015290323
170,1.6666666666666665,0.5,0.33984128632212107
171,1.75,0.5,0.33892799033070603
172,1.8333333333333333,0.5,0.33870035265691106
173,1.9166666666666665,0.5,0.3386443947908829
174,2.0,0.5,0.33863375232307114
175,0.0,0.5833333333333333,0.3385805871078327
176,0.08333333333333333,0.5833333333333333,0.33852994554730764
177,0.16666666666666666,0.5833333333333333,0.33826347381523886
178,0.25,0.5833333333333333,0.33719714316441035
179,0.3333333333333333,0.5833333333333333,0.33308260729690387
180,0.41666666666666663,0.5833333333333333,0.31773847111908216
181,0.5,0.5833333333333333,0.26333392716496806
182,0.5833333333333333,0.5833333333333333,0.22447840225380225
183,0.6666666666666666,0.5833333333333333,0.21780003573779885
184,0.75,0.5833333333333333,0.23087306699428567
185,0.8333333333333333,0.5833333333333333,0.27922968970757694
186,0.9166666666666666,0.5833333333333333,0.32542031346541206
187,1.0,0.5833333333333333,0.33677746223797494
188,1.0833333333333333,0.5833333333333333,0.34280682006741414
189,1.1666666666666665,0.5833333333333333,0.3580161595089967
190,1.25,0.5833333333333333,0.416952299091816
191,1.3333333333333333,0.5833333333333333,0.542052660874065
192,1.4166666666666665,0.5833333333333333,0.4170041248379914
193,1.5,0.5833333333333333,0.35817883339083606
194,1.5833333333333333,0.5833333333333333,0.3435029749496098
195,1.6666666666666665,0.5833333333333333,0.33984141774170484
196,1.75,0.5833333333333333,0.3389279487060661
197,1.8333333333333333,0.5833333333333333,0.33870029519009254
198,1.9166666666666665,0.5833333333333333,0.338644355760338
199,2.0,0.5833333333333333,0.3386337185224078
200,0.0,0.6666666666666666,0.3385896209834198
201,0.08333333333333333,0.6666666666666666,0.33855378987502666
202,0.16666666666666666,0.6666666666666666,0.33837335729768325
203,0.25,0.6666666666666666,0.33770608960373416
204,0.3333333333333333,0.6666666666666666,0.33535155352920765
205,0.41666666666666663,0.6666666666666666,0.327378877742271
206,0.5,0.6666666666666666,0.3016994177333006
207,0.5833333333333333,0.6666666666666666,0.2658521251238748
208,0.6666666666666666,0.6666666666666666,0.26015555530736034
209,0.75,0.6666666666666666,0.27602438779004346
210,0.8333333333333333,0.6666666666666666,0.3017581931004883
211,0.9166666666666666,0.6666666666666666,0.33090898651277567
212,1.0,0.6666666666666666,0.33808376349337077
213,1.0833333333333333,0.6666666666666666,0.34311410426134065
214,1.1666666666666665,0.6666666666666666,0.35808917507930904
215,1.25,0.6666666666666666,0.4169680625676616
216,1.3333333333333333,0.6666666666666666,0.5420505993200601
217,1.4166666666666665,0.6666666666666666,0.41701315484016505
218,1.5,0.6666666666666666,0.358185387922055
219,1.5833333333333333,0.6666666666666666,0.34350507287999804
220,1.6666666666666665,0.6666666666666666,0.33984152031265547
221,1.75,0.6666666666666666,0.3389276403981123
222,1.8333333333333333,0.6666666666666666,0.3387000576656464
223,1.9166666666666665,0.6666666666666666,0.3386442241764612
224,2.0,0.6666666666666666,0.33863361744487164
225,0.0,0.75,0.33860169833229714
226,0.08333333333333333,0.75,0.3385812866597892
227,0.16666666666666666,0.75,0.33848356540962643
228,0.25,0.75,0.3381565898429928
229,0.3333333333333333,0.75,0.33714472705214454
230,0.41666666666666663,0.75,0.33430071432621755
231,0.5,0.75,0.32764917166023083
232,0.5833333333333333,0.75,0.31914174850724114
233,0.6666666666666666,0.75,0.31179718254247013
234,0.75,0.75,0.322748859790603
235,0.8333333333333333,0.75,0.3303233082187874
236,0.9166666666666666,0.75,0.33686198286051044
237,1.0,0.75,0.3393415369640129
238,1.0833333333333333,0.75,0.343387112584331
239,1.1666666666666665,0.75,0.35815096945784747
240,1.25,0.75,0.41694390216932914
241,1.3333333333333333,0.75,0.5420276344459077
242,1.4166666666666665,0.75,0.4170615730539267
243,1.5,0.75,0.35821028019397205
244,1.5833333333333333,0.75,0.34350946955274686
245,1.6666666666666665,0.75,0.33984001854792645
246,1.75,0.75,0.3389259773005276
247,1.8333333333333333,0.75,0.3386991548256962
248,1.9166666666666665,0.75,0.33864381414928213
249,2.0,0.75,0.33863333747846813
250,0.0,0.8333333333333333,0.3386115774138207
251,0.08333333333333333,0.8333333333333333,0.33860169560011444
252,0.16666666666666666,0.8333333333333333,0.33855665138871355
253,0.25,0.8333333333333333,0.33842063774534914
254,0.3333333333333333,0.8333333333333333,0.33805091544238586
255,0.41666666666666663,0.8333333333333333,0.3371693323586565
256,0.5,0.8333333333333333,0.3354983703535413
257,0.5833333333333333,0.8333333333333333,0.33361082056005925
258,0.6666666666666666,0.8333333333333333,0.3325937160504884
259,0.75,0.8333333333333333,0.3349972076057795
260,0.8333333333333333,0.8333333333333333,0.3368310485531403
261,0.9166666666666666,0.8333333333333333,0.3384178598983446
262,1.0,0.8333333333333333,0.3397189223007433
263,1.0833333333333333,0.8333333333333333,0.3434969684651095
264,1.1666666666666665,0.8333333333333333,0.35818528701891666
265,1.25,0.8333333333333333,0.41670691882306843
266,1.3333333333333333,0.8333333333333333,0.5419292299422781
267,1.4166666666666665,0.8333333333333333,0.4173300868490948
268,1.5,0.8333333333333333,0.35829104297129327
269,1.5833333333333333,0.8333333333333333,0.3435076704909056
270,1.6666666666666665,0.8333333333333333,0.3398280161314984
271,1.75,0.8333333333333333,0.3389189447067897
272,1.8333333333333333,0.8333333333333333,0.33869620181707627
273,1.9166666666666665,0.8333333333333333,0.33864269137733605
274,2.0,0.8333333333333333,0.338632652304841
275,0.0,0.9166666666666666,0.33861738764457977
276,0.08333333333333333,0.9166666666666666,0.338612904546904
277,0.16666666666666666,0.9166666666666666,0.3385932905700602
278,0.25,0.9166666666666666,0.3385396951622158
279,0.3333333333333333,0.9166666666666666,0.33841090408251884
280,0.41666666666666663,0.9166666666666666,0.33814545392359635
281,0.5,0.9166666666666666,0.3377199012038592
282,0.5833333333333333,0.9166666666666666,0.33730533763270404
283,0.6666666666666666,0.9166666666666666,0.3371972873589543
284,0.75,0.9166666666666666,0.33776480658012653
285,0.8333333333333333,0.9166666666666666,0.33826170425682506
286,0.9166666666666666,0.9166666666666666,0.3388147404203826
287,1.0,0.9166666666666666,0.3398676353542409
288,1.0833333333333333,0.9166666666666666,0.3436373323454123
289,1.1666666666666665,0.9166666666666666,0.35826403634611326
290,1.25,0.9166666666666666,0.415308713022687
291,1.3333333333333333,0.9166666666666666,0.5416654669242996
292,1.4166666666666665,0.9166666666666666,0.41882143771845814
293,1.5,0.9166666666666666,0.3584440104813689
294,1.5833333333333333,0.9166666666666666,0.3434189365611515
295,1.6666666666666665,0.9166666666666666,0.33976819829737837
296,1.75,0.9166666666666666,0.3388947794923014
297,1.8333333333333333,0.9166666666666666,0.3386880945321866
298,1.9166666666666665,0.9166666666666666,0.33864010447504445
299,2.0,0.9166666666666666,0.33863122345485147
300,0.0,1.0,0.3386183938456226
301,0.08333333333333333,1.0,0.3386156357845831
302,0.16666666666666666,1.0,0.33860235702280456
303,0.25,1.0,0.3385687725944097
304,0.3333333333333333,1.0,0.3384955114200589
305,0.41666666666666663,1.0,0.33836062418799384
306,0.5,1.0,0.3381708279797058
307,0.5833333333333333,1.0,0.3380129761443253
308,0.6666666666666666,1.0,0.3380157081046183
309,0.75,1.0,0.3382736054336203
310,0.8333333333333333,1.0,0.33854163102246526
311,0.9166666666666666,1.0,0.3389662745782162
312,1.0,1.0,0.340120652193398
313,1.0833333333333333,1.0,0.34421109966861996
314,1.1666666666666665,1.0,0.3586907007409959
315,1.25,1.0,0.4073907628575332
316,1.3333333333333333,1.0,0.5421506864108574
317,1.4166666666666665,1.0,0.4270538272258177
318,1.5,1.0,0.3577608664866046
319,1.5833333333333333,1.0,0.34281012732308797
320,1.6666666666666665,1.0,0.33954857474390543
321,1.75,1.0,0.33883014317271454
322,1.8333333333333333,1.0,0.33867068316990906
323,1.9166666666666665,1.0,0.33863545858758654
324,2.0,1.0,0.33862874822607875
