element,centroid_x,centroid_y,E,Gc,history
0,0.05555555555555555,0.027777777777777776,1000.0,1.0,3.199999999999999
1,0.027777777777777776,0.05555555555555555,1000.0,1.0,3.199999999999999
2,0.13888888888888887,0.027777777777777776,1000.0,1.0,3.199999999999999
3,0.1111111111111111,0.05555555555555555,1000.0,1.0,3.199999999999999
4,0.2222222222222222,0.027777777777777776,1000.0,1.0,3.2
5,0.19444444444444442,0.05555555555555555,1000.0,1.0,3.2
6,0.3055555555555555,0.027777777777777776,1000.0,1.0,3.2000000000000006
7,0.27777777777777773,0.05555555555555555,1000.0,1.0,3.2000000000000006
8,0.38888888888888884,0.027777777777777776,1000.0,1.0,3.2
9,0.3611111111111111,0.05555555555555555,1000.0,1.0,3.2
10,0.47222222222222215,0.027777777777777776,1000.0,1.0,3.199999999999999
11,0.4444444444444444,0.05555555555555555,1000.0,1.0,3.199999999999999
12,0.5555555555555555,0.027777777777777776,1000.0,1.0,3.2
13,0.5277777777777778,0.05555555555555555,1000.0,1.0,3.2
14,0.6388888888888888,0.027777777777777776,1000.0,1.0,3.199999999999999
15,0.611111111111111,0.05555555555555555,1000.0,1.0,3.199999999999999
16,0.7222222222222222,0.027777777777777776,1000.0,1.0,3.199999999999999
17,0.6944444444444443,0.05555555555555555,1000.0,1.0,3.199999999999999
18,0.8055555555555555,0.027777777777777776,1000.0,1.0,3.2
19,0.7777777777777777,0.05555555555555555,1000.0,1.0,3.2
20,0.8888888888888888,0.027777777777777776,1000.0,1.0,3.199999999999999
21,0.861111111111111,0.05555555555555555,1000.0,1.0,3.199999999999999
22,0.9722222222222222,0.027777777777777776,1000.0,1.0,3.1999999999999997
23,0.9444444444444443,0.05555555555555555,1000.0,1.0,3.1999999999999997
24,1.0555555555555554,0.027777777777777776,1000.0,1.0,3.1999999999999997
25,1.0277777777777777,0.05555555555555555,1000.0,1.0,3.1999999999999997
26,1.1388888888888888,0.027777777777777776,1000.0,1.0,3.2
27,1.111111111111111,0.05555555555555555,1000.0,1.0,3.2
28,1.222222222222222,0.027777777777777776,1000.0,1.0,3.1999999999999997
29,1.1944444444444444,0.05555555555555555,1000.0,1.0,3.1999999999999997
30,1.3055555555555554,0.027777777777777776,1000.0,0.35,3.2
31,1.2777777777777777,0.05555555555555555,1000.0,0.35,3.2
32,1.3888888888888886,0.027777777777777776,1000.0,0.35,3.2
33,1.361111111111111,0.05555555555555555,1000.0,0.35,3.2
34,1.472222222222222,0.027777777777777776,1000.0,1.0,3.1999999999999993
35,1.4444444444444444,0.05555555555555555,1000.0,1.0,3.1999999999999993
36,1.5555555555555554,0.027777777777777776,1000.0,1.0,3.1999999999999997
37,1.5277777777777777,0.05555555555555555,1000.0,1.0,3.1999999999999997
38,1.6388888888888886,0.027777777777777776,1000.0,1.0,3.1999999999999997
39,1.611111111111111,0.05555555555555555,1000.0,1.0,3.1999999999999997
40,1.722222222222222,0.027777777777777776,1000.0,1.0,3.1999999999999997
41,1.6944444444444444,0.05555555555555555,1000.0,1.0,3.1999999999999997
42,1.8055555555555554,0.027777777777777776,1000.0,1.0,3.1999999999999997
43,1.7777777777777777,0.05555555555555555,1000.0,1.0,3.1999999999999997
44,1.8888888888888886,0.027777777777777776,1000.0,1.0,3.1999999999999997
45,1.861111111111111,0.05555555555555555,1000.0,1.0,3.1999999999999997
46,1.972222222222222,0.027777777777777776,1000.0,1.0,3.1999999999999997
47,1.9444444444444444,0.05555555555555555,1000.0,1.0,3.1999999999999997
48,0.05555555555555555,0.1111111111111111,1000.0,1.0,3.199999999999999
49,0.027777777777777776,0.13888888888888887,1000.0,1.0,3.199999999999999
50,0.13888888888888887,0.1111111111111111,1000.0,1.0,3.199999999999999
51,0.1111111111111111,0.13888888888888887,1000.0,1.0,3.199999999999999
52,0.2222222222222222,0.1111111111111111,1000.0,1.0,3.2
53,0.19444444444444442,0.13888888888888887,1000.0,1.0,3.2
54,0.3055555555555555,0.1111111111111111,1000.0,1.0,3.2000000000000006
55,0.27777777777777773,0.13888888888888887,1000.0,1.0,3.2000000000000006
56,0.38888888888888884,0.1111111111111111,1000.0,1.0,3.2
57,0.3611111111111111,0.13888888888888887,1000.0,1.0,3.2
58,0.47222222222222215,0.1111111111111111,1000.0,1.0,3.199999999999999
59,0.4444444444444444,0.13888888888888887,1000.0,1.0,3.199999999999999
60,0.5555555555555555,0.1111111111111111,1000.0,1.0,3.2
61,0.5277777777777778,0.13888888888888887,1000.0,1.0,3.2
62,0.6388888888888888,0.1111111111111111,1000.0,1.0,3.199999999999999
63,0.611111111111111,0.13888888888888887,1000.0,1.0,3.199999999999999
64,0.7222222222222222,0.1111111111111111,1000.0,1.0,3.199999999999999
65,0.6944444444444443,0.13888888888888887,1000.0,1.0,3.199999999999999
66,0.8055555555555555,0.1111111111111111,1000.0,1.0,3.2
67,0.7777777777777777,0.13888888888888887,1000.0,1.0,3.2
68,0.8888888888888888,0.1111111111111111,1000.0,1.0,3.199999999999999
69,0.861111111111111,0.13888888888888887,1000.0,1.0,3.199999999999999
70,0.9722222222222222,0.1111111111111111,1000.0,1.0,3.1999999999999997
71,0.9444444444444443,0.13888888888888887,1000.0,1.0,3.1999999999999997
72,1.0555555555555554,0.1111111111111111,1000.0,1.0,3.1999999999999997
73,1.0277777777777777,0.13888888888888887,1000.0,1.0,3.1999999999999997
74,1.1388888888888888,0.1111111111111111,1000.0,1.0,3.2
75,1.111111111111111,0.13888888888888887,1000.0,1.0,3.2
76,1.222222222222222,0.1111111111111111,1000.0,1.0,3.1999999999999997
77,1.1944444444444444,0.13888888888888887,1000.0,1.0,3.1999999999999997
78,1.3055555555555554,0.1111111111111111,1000.0,0.35,3.2
79,1.2777777777777777,0.13888888888888887,1000.0,0.35,3.2
80,1.3888888888888886,0.1111111111111111,1000.0,0.35,3.2
81,1.361111111111111,0.13888888888888887,1000.0,0.35,3.2
82,1.472222222222222,0.1111111111111111,1000.0,1.0,3.1999999999999993
83,1.4444444444444444,0.13888888888888887,1000.0,1.0,3.1999999999999993
84,1.5555555555555554,0.1111111111111111,1000.0,1.0,3.1999999999999997
85,1.5277777777777777,0.13888888888888887,1000.0,1.0,3.1999999999999997
86,1.6388888888888886,0.1111111111111111,1000.0,1.0,3.1999999999999997
87,1.611111111111111,0.13888888888888887,1000.0,1.0,3.1999999999999997
88,1.722222222222222,0.1111111111111111,1000.0,1.0,3.1999999999999997
89,1.6944444444444444,0.13888888888888887,1000.0,1.0,3.1999999999999997
90,1.8055555555555554,0.1111111111111111,1000.0,1.0,3.1999999999999997
91,1.7777777777777777,0.13888888888888887,1000.0,1.0,3.1999999999999997
92,1.8888888888888886,0.1111111111111111,1000.0,1.0,3.1999999999999997
93,1.861111111111111,0.13888888888888887,1000.0,1.0,3.1999999999999997
94,1.972222222222222,0.1111111111111111,1000.0,1.0,3.1999999999999997
95,1.9444444444444444,0.13888888888888887,1000.0,1.0,3.1999999999999997
96,0.05555555555555555,0.19444444444444442,1000.0,1.0,3.200000000000001
97,0.027777777777777776,0.2222222222222222,1000.0,1.0,3.200000000000001
98,0.13888888888888887,0.19444444444444442,1000.0,1.0,3.200000000000001
99,0.1111111111111111,0.2222222222222222,1000.0,1.0,3.200000000000001
100,0.2222222222222222,0.19444444444444442,1000.0,1.0,3.199999999999999
101,0.19444444444444442,0.2222222222222222,1000.0,1.0,3.199999999999999
102,0.3055555555555555,0.19444444444444442,1000.0,1.0,3.199999999999999
103,0.27777777777777773,0.2222222222222222,1000.0,1.0,3.199999999999999
104,0.38888888888888884,0.19444444444444442,1000.0,1.0,3.1999999999999997
105,0.3611111111111111,0.2222222222222222,1000.0,1.0,3.1999999999999997
106,0.47222222222222215,0.19444444444444442,1000.0,1.0,3.199999999999999
107,0.4444444444444444,0.2222222222222222,1000.0,1.0,3.199999999999999
108,0.5555555555555555,0.19444444444444442,1000.0,1.0,3.199999999999999
109,0.5277777777777778,0.2222222222222222,1000.0,1.0,3.199999999999999
110,0.6388888888888888,0.19444444444444442,1000.0,1.0,3.199999999999999
111,0.611111111111111,0.2222222222222222,1000.0,1.0,3.199999999999999
112,0.7222222222222222,0.19444444444444442,1000.0,1.0,3.199999999999999
113,0.6944444444444443,0.2222222222222222,1000.0,1.0,3.199999999999999
114,0.8055555555555555,0.19444444444444442,1000.0,1.0,3.1999999999999997
115,0.7777777777777777,0.2222222222222222,1000.0,1.0,3.1999999999999997
116,0.8888888888888888,0.19444444444444442,1000.0,1.0,3.199999999999999
117,0.861111111111111,0.2222222222222222,1000.0,1.0,3.199999999999999
118,0.9722222222222222,0.19444444444444442,1000.0,1.0,3.1999999999999997
119,0.9444444444444443,0.2222222222222222,1000.0,1.0,3.1999999999999997
120,1.0555555555555554,0.19444444444444442,1000.0,1.0,3.1999999999999993
121,1.0277777777777777,0.2222222222222222,1000.0,1.0,3.1999999999999993
122,1.1388888888888888,0.19444444444444442,1000.0,1.0,3.1999999999999997
123,1.111111111111111,0.2222222222222222,1000.0,1.0,3.1999999999999997
124,1.222222222222222,0.19444444444444442,1000.0,1.0,3.1999999999999997
125,1.1944444444444444,0.2222222222222222,1000.0,1.0,3.1999999999999997
126,1.3055555555555554,0.19444444444444442,1000.0,0.35,3.1999999999999997
127,1.2777777777777777,0.2222222222222222,1000.0,0.35,3.1999999999999997
128,1.3888888888888886,0.19444444444444442,1000.0,0.35,3.1999999999999997
129,1.361111111111111,0.2222222222222222,1000.0,0.35,3.1999999999999997
130,1.472222222222222,0.19444444444444442,1000.0,1.0,3.1999999999999997
131,1.4444444444444444,0.2222222222222222,1000.0,1.0,3.1999999999999997
132,1.5555555555555554,0.19444444444444442,1000.0,1.0,3.1999999999999993
133,1.5277777777777777,0.2222222222222222,1000.0,1.0,3.1999999999999993
134,1.6388888888888886,0.19444444444444442,1000.0,1.0,3.1999999999999993
135,1.611111111111111,0.2222222222222222,1000.0,1.0,3.1999999999999993
136,1.722222222222222,0.19444444444444442,1000.0,1.0,3.1999999999999993
137,1.6944444444444444,0.2222222222222222,1000.0,1.0,3.1999999999999993
138,1.8055555555555554,0.19444444444444442,1000.0,1.0,3.1999999999999993
139,1.7777777777777777,0.2222222222222222,1000.0,1.0,3.1999999999999993
140,1.8888888888888886,0.19444444444444442,1000.0,1.0,3.1999999999999993
141,1.861111111111111,0.2222222222222222,1000.0,1.0,3.1999999999999993
142,1.972222222222222,0.19444444444444442,1000.0,1.0,3.1999999999999997
143,1.9444444444444444,0.2222222222222222,1000.0,1.0,3.1999999999999997
144,0.05555555555555555,0.27777777777777773,1000.0,1.0,3.199999999999999
145,0.027777777777777776,0.3055555555555555,1000.0,1.0,3.199999999999999
146,0.13888888888888887,0.27777777777777773,1000.0,1.0,3.199999999999999
147,0.1111111111111111,0.3055555555555555,1000.0,1.0,3.199999999999999
148,0.2222222222222222,0.27777777777777773,1000.0,1.0,3.199999999999997
149,0.19444444444444442,0.3055555555555555,1000.0,1.0,3.199999999999997
150,0.3055555555555555,0.27777777777777773,1000.0,1.0,3.1999999999999975
151,0.27777777777777773,0.3055555555555555,1000.0,1.0,3.1999999999999975
152,0.38888888888888884,0.27777777777777773,1000.0,1.0,3.1999999999999966
153,0.3611111111111111,0.3055555555555555,1000.0,1.0,3.1999999999999966
154,0.47222222222222215,0.27777777777777773,1000.0,1.0,3.199999999999999
155,0.4444444444444444,0.3055555555555555,1000.0,1.0,3.199999999999999
156,0.5555555555555555,0.27777777777777773,1000.0,1.0,3.199999999999997
157,0.5277777777777778,0.3055555555555555,1000.0,1.0,3.199999999999997
158,0.6388888888888888,0.27777777777777773,1000.0,1.0,3.199999999999999
159,0.611111111111111,0.3055555555555555,450.0,1.0,1.4399999999999995
160,0.7222222222222222,0.27777777777777773,1000.0,1.0,3.199999999999999
161,0.6944444444444443,0.3055555555555555,450.0,1.0,1.4399999999999995
162,0.8055555555555555,0.27777777777777773,1000.0,1.0,3.1999999999999966
163,0.7777777777777777,0.3055555555555555,1000.0,1.0,3.1999999999999966
164,0.8888888888888888,0.27777777777777773,1000.0,1.0,3.199999999999999
165,0.861111111111111,0.3055555555555555,1000.0,1.0,3.199999999999999
166,0.9722222222222222,0.27777777777777773,1000.0,1.0,3.1999999999999997
167,0.9444444444444443,0.3055555555555555,1000.0,1.0,3.1999999999999997
168,1.0555555555555554,0.27777777777777773,1000.0,1.0,3.1999999999999975
169,1.0277777777777777,0.3055555555555555,1000.0,1.0,3.1999999999999975
170,1.1388888888888888,0.27777777777777773,1000.0,1.0,3.1999999999999966
171,1.111111111111111,0.3055555555555555,1000.0,1.0,3.1999999999999966
172,1.222222222222222,0.27777777777777773,1000.0,1.0,3.1999999999999966
173,1.1944444444444444,0.3055555555555555,1000.0,1.0,3.1999999999999966
174,1.3055555555555554,0.27777777777777773,1000.0,0.35,3.1999999999999966
175,1.2777777777777777,0.3055555555555555,1000.0,0.35,3.1999999999999966
176,1.3888888888888886,0.27777777777777773,1000.0,0.35,3.1999999999999966
177,1.361111111111111,0.3055555555555555,1000.0,0.35,3.1999999999999966
178,1.472222222222222,0.27777777777777773,1000.0,1.0,3.1999999999999966
179,1.4444444444444444,0.3055555555555555,1000.0,1.0,3.1999999999999966
180,1.5555555555555554,0.27777777777777773,1000.0,1.0,3.1999999999999966
181,1.5277777777777777,0.3055555555555555,1000.0,1.0,3.1999999999999966
182,1.6388888888888886,0.27777777777777773,1000.0,1.0,3.199999999999997
183,1.611111111111111,0.3055555555555555,1000.0,1.0,3.199999999999997
184,1.722222222222222,0.27777777777777773,1000.0,1.0,3.1999999999999966
185,1.6944444444444444,0.3055555555555555,1000.0,1.0,3.1999999999999966
186,1.8055555555555554,0.27777777777777773,1000.0,1.0,3.1999999999999966
187,1.7777777777777777,0.3055555555555555,1000.0,1.0,3.1999999999999966
188,1.8888888888888886,0.27777777777777773,1000.0,1.0,3.1999999999999966
189,1.861111111111111,0.3055555555555555,1000.0,1.0,3.1999999999999966
190,1.972222222222222,0.27777777777777773,1000.0,1.0,3.1999999999999966
191,1.9444444444444444,0.3055555555555555,1000.0,1.0,3.1999999999999966
192,0.05555555555555555,0.3611111111111111,1000.0,1.0,3.200000000000005
193,0.027777777777777776,0.38888888888888884,1000.0,1.0,3.200000000000005
194,0.13888888888888887,0.3611111111111111,1000.0,1.0,3.200000000000005
195,0.1111111111111111,0.38888888888888884,1000.0,1.0,3.200000000000005
196,0.2222222222222222,0.3611111111111111,1000.0,1.0,3.2000000000000055
197,0.19444444444444442,0.38888888888888884,1000.0,1.0,3.2000000000000055
198,0.3055555555555555,0.3611111111111111,1000.0,1.0,3.2000000000000055
199,0.27777777777777773,0.38888888888888884,1000.0,1.0,3.2000000000000055
200,0.38888888888888884,0.3611111111111111,1000.0,1.0,3.200000000000005
201,0.3611111111111111,0.38888888888888884,1000.0,1.0,3.200000000000005
202,0.47222222222222215,0.3611111111111111,1000.0,1.0,3.200000000000005
203,0.4444444444444444,0.38888888888888884,1000.0,1.0,3.200000000000005
204,0.5555555555555555,0.3611111111111111,450.0,1.0,1.4400000000000024
205,0.5277777777777778,0.38888888888888884,450.0,1.0,1.4400000000000024
206,0.6388888888888888,0.3611111111111111,450.0,1.0,1.4400000000000024
207,0.611111111111111,0.38888888888888884,450.0,1.0,1.4400000000000024
208,0.7222222222222222,0.3611111111111111,450.0,1.0,1.4400000000000024
209,0.6944444444444443,0.38888888888888884,450.0,1.0,1.4400000000000024
210,0.8055555555555555,0.3611111111111111,1000.0,1.0,3.200000000000005
211,0.7777777777777777,0.38888888888888884,450.0,1.0,1.4400000000000024
212,0.8888888888888888,0.3611111111111111,1000.0,1.0,3.2000000000000055
213,0.861111111111111,0.38888888888888884,1000.0,1.0,3.2000000000000055
214,0.9722222222222222,0.3611111111111111,1000.0,1.0,3.200000000000005
215,0.9444444444444443,0.38888888888888884,1000.0,1.0,3.200000000000005
216,1.0555555555555554,0.3611111111111111,1000.0,1.0,3.2000000000000055
217,1.0277777777777777,0.38888888888888884,1000.0,1.0,3.2000000000000055
218,1.1388888888888888,0.3611111111111111,1000.0,1.0,3.200000000000005
219,1.111111111111111,0.38888888888888884,1000.0,1.0,3.200000000000005
220,1.222222222222222,0.3611111111111111,1000.0,1.0,3.200000000000005
221,1.1944444444444444,0.38888888888888884,1000.0,1.0,3.200000000000005
222,1.3055555555555554,0.3611111111111111,1000.0,0.35,3.2000000000000055
223,1.2777777777777777,0.38888888888888884,1000.0,0.35,3.2000000000000055
224,1.3888888888888886,0.3611111111111111,1000.0,0.35,3.200000000000005
225,1.361111111111111,0.38888888888888884,1000.0,0.35,3.200000000000005
226,1.472222222222222,0.3611111111111111,1000.0,1.0,3.2000000000000055
227,1.4444444444444444,0.38888888888888884,1000.0,1.0,3.2000000000000055
228,1.5555555555555554,0.3611111111111111,1000.0,1.0,3.2000000000000055
229,1.5277777777777777,0.38888888888888884,1000.0,1.0,3.2000000000000055
230,1.6388888888888886,0.3611111111111111,1000.0,1.0,3.200000000000006
231,1.611111111111111,0.38888888888888884,1000.0,1.0,3.200000000000006
232,1.722222222222222,0.3611111111111111,1000.0,1.0,3.200000000000005
233,1.6944444444444444,0.38888888888888884,1000.0,1.0,3.200000000000005
234,1.8055555555555554,0.3611111111111111,1000.0,1.0,3.2000000000000055
235,1.7777777777777777,0.38888888888888884,1000.0,1.0,3.2000000000000055
236,1.8888888888888886,0.3611111111111111,1000.0,1.0,3.2000000000000055
237,1.861111111111111,0.38888888888888884,1000.0,1.0,3.2000000000000055
238,1.972222222222222,0.3611111111111111,1000.0,1.0,3.200000000000005
239,1.9444444444444444,0.38888888888888884,1000.0,1.0,3.200000000000005
240,0.05555555555555555,0.4444444444444444,1000.0,1.0,3.200000000000001
241,0.027777777777777776,0.47222222222222215,1000.0,1.0,3.200000000000001
242,0.13888888888888887,0.4444444444444444,1000.0,1.0,3.200000000000001
243,0.1111111111111111,0.47222222222222215,1000.0,1.0,3.200000000000001
244,0.2222222222222222,0.4444444444444444,1000.0,1.0,3.200000000000001
245,0.19444444444444442,0.47222222222222215,1000.0,1.0,3.200000000000001
246,0.3055555555555555,0.4444444444444444,1000.0,1.0,3.200000000000001
247,0.27777777777777773,0.47222222222222215,1000.0,1.0,3.200000000000001
248,0.38888888888888884,0.4444444444444444,1000.0,1.0,3.200000000000001
249,0.3611111111111111,0.47222222222222215,1000.0,1.0,3.200000000000001
250,0.47222222222222215,0.4444444444444444,450.0,1.0,1.4399999999999988
251,0.4444444444444444,0.47222222222222215,1000.0,1.0,3.1999999999999975
252,0.5555555555555555,0.4444444444444444,450.0,1.0,1.4400000000000008
253,0.5277777777777778,0.47222222222222215,450.0,1.0,1.4400000000000008
254,0.6388888888888888,0.4444444444444444,450.0,1.0,1.4399999999999988
255,0.611111111111111,0.47222222222222215,450.0,1.0,1.4399999999999988
256,0.7222222222222222,0.4444444444444444,450.0,1.0,1.4399999999999988
257,0.6944444444444443,0.47222222222222215,450.0,1.0,1.4399999999999988
258,0.8055555555555555,0.4444444444444444,450.0,1.0,1.4400000000000006
259,0.7777777777777777,0.47222222222222215,450.0,1.0,1.4400000000000006
260,0.8888888888888888,0.4444444444444444,1000.0,1.0,3.1999999999999975
261,0.861111111111111,0.47222222222222215,1000.0,1.0,3.1999999999999975
262,0.9722222222222222,0.4444444444444444,1000.0,1.0,3.1999999999999975
263,0.9444444444444443,0.47222222222222215,1000.0,1.0,3.1999999999999975
264,1.0555555555555554,0.4444444444444444,1000.0,1.0,3.2000000000000006
265,1.0277777777777777,0.47222222222222215,1000.0,1.0,3.2000000000000006
266,1.1388888888888888,0.4444444444444444,1000.0,1.0,3.200000000000001
267,1.111111111111111,0.47222222222222215,1000.0,1.0,3.200000000000001
268,1.222222222222222,0.4444444444444444,1000.0,1.0,3.200000000000001
269,1.1944444444444444,0.47222222222222215,1000.0,1.0,3.200000000000001
270,1.3055555555555554,0.4444444444444444,1000.0,0.35,3.200000000000001
271,1.2777777777777777,0.47222222222222215,1000.0,0.35,3.200000000000001
272,1.3888888888888886,0.4444444444444444,1000.0,0.35,3.200000000000001
273,1.361111111111111,0.47222222222222215,1000.0,0.35,3.200000000000001
274,1.472222222222222,0.4444444444444444,1000.0,1.0,3.2000000000000006
275,1.4444444444444444,0.47222222222222215,1000.0,1.0,3.2000000000000006
276,1.5555555555555554,0.4444444444444444,1000.0,1.0,3.2000000000000006
277,1.5277777777777777,0.47222222222222215,1000.0,1.0,3.2000000000000006
278,1.6388888888888886,0.4444444444444444,1000.0,1.0,3.200000000000001
279,1.611111111111111,0.47222222222222215,1000.0,1.0,3.200000000000001
280,1.722222222222222,0.4444444444444444,1000.0,1.0,3.200000000000001
281,1.6944444444444444,0.47222222222222215,1000.0,1.0,3.200000000000001
282,1.8055555555555554,0.4444444444444444,1000.0,1.0,3.2000000000000006
283,1.7777777777777777,0.47222222222222215,1000.0,1.0,3.2000000000000006
284,1.8888888888888886,0.4444444444444444,1000.0,1.0,3.2000000000000006
285,1.861111111111111,0.47222222222222215,1000.0,1.0,3.2000000000000006
286,1.972222222222222,0.4444444444444444,1000.0,1.0,3.200000000000001
287,1.9444444444444444,0.47222222222222215,1000.0,1.0,3.200000000000001
288,0.05555555555555555,0.5277777777777778,1000.0,1.0,3.199999999999997
289,0.027777777777777776,0.5555555555555555,1000.0,1.0,3.199999999999997
290,0.13888888888888887,0.5277777777777778,1000.0,1.0,3.199999999999997
291,0.1111111111111111,0.5555555555555555,1000.0,1.0,3.199999999999997
292,0.2222222222222222,0.5277777777777778,1000.0,1.0,3.199999999999997
293,0.19444444444444442,0.5555555555555555,1000.0,1.0,3.199999999999997
294,0.3055555555555555,0.5277777777777778,1000.0,1.0,3.200000000000002
295,0.27777777777777773,0.5555555555555555,1000.0,1.0,3.200000000000002
296,0.38888888888888884,0.5277777777777778,1000.0,1.0,3.200000000000001
297,0.3611111111111111,0.5555555555555555,1000.0,1.0,3.200000000000001
298,0.47222222222222215,0.5277777777777778,450.0,1.0,1.4399999999999988
299,0.4444444444444444,0.5555555555555555,1000.0,1.0,3.199999999999997
300,0.5555555555555555,0.5277777777777778,450.0,1.0,1.4399999999999988
301,0.5277777777777778,0.5555555555555555,450.0,1.0,1.4399999999999988
302,0.6388888888888888,0.5277777777777778,450.0,1.0,1.4399999999999988
303,0.611111111111111,0.5555555555555555,450.0,1.0,1.4399999999999988
304,0.7222222222222222,0.5277777777777778,450.0,1.0,1.4399999999999988
305,0.6944444444444443,0.5555555555555555,450.0,1.0,1.4399999999999988
306,0.8055555555555555,0.5277777777777778,450.0,1.0,1.4399999999999986
307,0.7777777777777777,0.5555555555555555,450.0,1.0,1.4399999999999986
308,0.8888888888888888,0.5277777777777778,1000.0,1.0,3.1999999999999975
309,0.861111111111111,0.5555555555555555,1000.0,1.0,3.1999999999999975
310,0.9722222222222222,0.5277777777777778,1000.0,1.0,3.1999999999999966
311,0.9444444444444443,0.5555555555555555,1000.0,1.0,3.1999999999999966
312,1.0555555555555554,0.5277777777777778,1000.0,1.0,3.1999999999999966
313,1.0277777777777777,0.5555555555555555,1000.0,1.0,3.1999999999999966
314,1.1388888888888888,0.5277777777777778,1000.0,1.0,3.1999999999999966
315,1.111111111111111,0.5555555555555555,1000.0,1.0,3.1999999999999966
316,1.222222222222222,0.5277777777777778,1000.0,1.0,3.200000000000001
317,1.1944444444444444,0.5555555555555555,1000.0,1.0,3.200000000000001
318,1.3055555555555554,0.5277777777777778,1000.0,0.35,3.1999999999999966
319,1.2777777777777777,0.5555555555555555,1000.0,0.35,3.1999999999999966
320,1.3888888888888886,0.5277777777777778,1000.0,0.35,3.1999999999999966
321,1.361111111111111,0.5555555555555555,1000.0,0.35,3.1999999999999966
322,1.472222222222222,0.5277777777777778,1000.0,1.0,3.200000000000001
323,1.4444444444444444,0.5555555555555555,1000.0,1.0,3.200000000000001
324,1.5555555555555554,0.5277777777777778,1000.0,1.0,3.1999999999999966
325,1.5277777777777777,0.5555555555555555,1000.0,1.0,3.1999999999999966
326,1.6388888888888886,0.5277777777777778,1000.0,1.0,3.199999999999997
327,1.611111111111111,0.5555555555555555,1000.0,1.0,3.199999999999997
328,1.722222222222222,0.5277777777777778,1000.0,1.0,3.2000000000000006
329,1.6944444444444444,0.5555555555555555,1000.0,1.0,3.2000000000000006
330,1.8055555555555554,0.5277777777777778,1000.0,1.0,3.1999999999999966
331,1.7777777777777777,0.5555555555555555,1000.0,1.0,3.1999999999999966
332,1.8888888888888886,0.5277777777777778,1000.0,1.0,3.1999999999999966
333,1.861111111111111,0.5555555555555555,1000.0,1.0,3.1999999999999966
334,1.972222222222222,0.5277777777777778,1000.0,1.0,3.200000000000001
335,1.9444444444444444,0.5555555555555555,1000.0,1.0,3.200000000000001
336,0.05555555555555555,0.611111111111111,1000.0,1.0,3.199999999999997
337,0.027777777777777776,0.6388888888888888,1000.0,1.0,3.199999999999997
338,0.13888888888888887,0.611111111111111,1000.0,1.0,3.199999999999997
339,0.1111111111111111,0.6388888888888888,1000.0,1.0,3.199999999999997
340,0.2222222222222222,0.611111111111111,1000.0,1.0,3.199999999999997
341,0.19444444444444442,0.6388888888888888,1000.0,1.0,3.199999999999997
342,0.3055555555555555,0.611111111111111,1000.0,1.0,3.199999999999997
343,0.27777777777777773,0.6388888888888888,1000.0,1.0,3.199999999999997
344,0.38888888888888884,0.611111111111111,1000.0,1.0,3.1999999999999966
345,0.3611111111111111,0.6388888888888888,1000.0,1.0,3.1999999999999966
346,0.47222222222222215,0.611111111111111,1000.0,1.0,3.1999999999999975
347,0.4444444444444444,0.6388888888888888,1000.0,1.0,3.1999999999999975
348,0.5555555555555555,0.611111111111111,450.0,1.0,1.4399999999999988
349,0.5277777777777778,0.6388888888888888,450.0,1.0,1.4399999999999988
350,0.6388888888888888,0.611111111111111,450.0,1.0,1.4399999999999988
351,0.611111111111111,0.6388888888888888,450.0,1.0,1.4399999999999988
352,0.7222222222222222,0.611111111111111,450.0,1.0,1.4399999999999988
353,0.6944444444444443,0.6388888888888888,450.0,1.0,1.4399999999999988
354,0.8055555555555555,0.611111111111111,450.0,1.0,1.4399999999999986
355,0.7777777777777777,0.6388888888888888,450.0,1.0,1.4399999999999986
356,0.8888888888888888,0.611111111111111,1000.0,1.0,3.1999999999999975
357,0.861111111111111,0.6388888888888888,1000.0,1.0,3.1999999999999975
358,0.9722222222222222,0.611111111111111,1000.0,1.0,3.1999999999999975
359,0.9444444444444443,0.6388888888888888,1000.0,1.0,3.1999999999999975
360,1.0555555555555554,0.611111111111111,1000.0,1.0,3.1999999999999966
361,1.0277777777777777,0.6388888888888888,1000.0,1.0,3.1999999999999966
362,1.1388888888888888,0.611111111111111,1000.0,1.0,3.1999999999999966
363,1.111111111111111,0.6388888888888888,1000.0,1.0,3.1999999999999966
364,1.222222222222222,0.611111111111111,1000.0,1.0,3.1999999999999966
365,1.1944444444444444,0.6388888888888888,1000.0,1.0,3.1999999999999966
366,1.3055555555555554,0.611111111111111,1000.0,0.35,3.1999999999999966
367,1.2777777777777777,0.6388888888888888,1000.0,0.35,3.1999999999999966
368,1.3888888888888886,0.611111111111111,1000.0,0.35,3.1999999999999966
369,1.361111111111111,0.6388888888888888,1000.0,0.35,3.1999999999999966
370,1.472222222222222,0.611111111111111,1000.0,1.0,3.1999999999999966
371,1.4444444444444444,0.6388888888888888,1000.0,1.0,3.1999999999999966
372,1.5555555555555554,0.611111111111111,1000.0,1.0,3.1999999999999966
373,1.5277777777777777,0.6388888888888888,1000.0,1.0,3.1999999999999966
374,1.6388888888888886,0.611111111111111,1000.0,1.0,3.199999999999997
375,1.611111111111111,0.6388888888888888,1000.0,1.0,3.199999999999997
376,1.722222222222222,0.611111111111111,1000.0,1.0,3.1999999999999966
377,1.6944444444444444,0.6388888888888888,1000.0,1.0,3.1999999999999966
378,1.8055555555555554,0.611111111111111,1000.0,1.0,3.1999999999999966
379,1.7777777777777777,0.6388888888888888,1000.0,1.0,3.1999999999999966
380,1.8888888888888886,0.611111111111111,1000.0,1.0,3.1999999999999966
381,1.861111111111111,0.6388888888888888,1000.0,1.0,3.1999999999999966
382,1.972222222222222,0.611111111111111,1000.0,1.0,3.1999999999999966
383,1.9444444444444444,0.6388888888888888,1000.0,1.0,3.1999999999999966
384,0.05555555555555555,0.6944444444444443,1000.0,1.0,3.199999999999997
385,0.027777777777777776,0.7222222222222222,1000.0,1.0,3.199999999999997
386,0.13888888888888887,0.6944444444444443,1000.0,1.0,3.199999999999997
387,0.1111111111111111,0.7222222222222222,1000.0,1.0,3.199999999999997
388,0.2222222222222222,0.6944444444444443,1000.0,1.0,3.199999999999997
389,0.19444444444444442,0.7222222222222222,1000.0,1.0,3.199999999999997
390,0.3055555555555555,0.6944444444444443,1000.0,1.0,3.199999999999997
391,0.27777777777777773,0.7222222222222222,1000.0,1.0,3.199999999999997
392,0.38888888888888884,0.6944444444444443,1000.0,1.0,3.1999999999999966
393,0.3611111111111111,0.7222222222222222,1000.0,1.0,3.1999999999999966
394,0.47222222222222215,0.6944444444444443,1000.0,1.0,3.1999999999999975
395,0.4444444444444444,0.7222222222222222,1000.0,1.0,3.1999999999999975
396,0.5555555555555555,0.6944444444444443,1000.0,1.0,3.1999999999999975
397,0.5277777777777778,0.7222222222222222,1000.0,1.0,3.1999999999999975
398,0.6388888888888888,0.6944444444444443,450.0,1.0,1.4399999999999988
399,0.611111111111111,0.7222222222222222,1000.0,1.0,3.1999999999999975
400,0.7222222222222222,0.6944444444444443,1000.0,1.0,3.1999999999999975
401,0.6944444444444443,0.7222222222222222,1000.0,1.0,3.1999999999999975
402,0.8055555555555555,0.6944444444444443,1000.0,1.0,3.1999999999999966
403,0.7777777777777777,0.7222222222222222,1000.0,1.0,3.1999999999999966
404,0.8888888888888888,0.6944444444444443,1000.0,1.0,3.1999999999999975
405,0.861111111111111,0.7222222222222222,1000.0,1.0,3.1999999999999975
406,0.9722222222222222,0.6944444444444443,1000.0,1.0,3.1999999999999975
407,0.9444444444444443,0.7222222222222222,1000.0,1.0,3.1999999999999975
408,1.0555555555555554,0.6944444444444443,1000.0,1.0,3.1999999999999966
409,1.0277777777777777,0.7222222222222222,1000.0,1.0,3.1999999999999966
410,1.1388888888888888,0.6944444444444443,1000.0,1.0,3.1999999999999966
411,1.111111111111111,0.7222222222222222,1000.0,1.0,3.1999999999999966
412,1.222222222222222,0.6944444444444443,1000.0,1.0,3.1999999999999966
413,1.1944444444444444,0.7222222222222222,1000.0,1.0,3.1999999999999966
414,1.3055555555555554,0.6944444444444443,1000.0,0.35,3.1999999999999966
415,1.2777777777777777,0.7222222222222222,1000.0,0.35,3.1999999999999966
416,1.3888888888888886,0.6944444444444443,1000.0,0.35,3.1999999999999966
417,1.361111111111111,0.7222222222222222,1000.0,0.35,3.1999999999999966
418,1.472222222222222,0.6944444444444443,1000.0,1.0,3.1999999999999966
419,1.4444444444444444,0.7222222222222222,1000.0,1.0,3.1999999999999966
420,1.5555555555555554,0.6944444444444443,1000.0,1.0,3.1999999999999966
421,1.5277777777777777,0.7222222222222222,1000.0,1.0,3.1999999999999966
422,1.6388888888888886,0.6944444444444443,1000.0,1.0,3.199999999999997
423,1.611111111111111,0.7222222222222222,1000.0,1.0,3.199999999999997
424,1.722222222222222,0.6944444444444443,1000.0,1.0,3.1999999999999966
425,1.6944444444444444,0.7222222222222222,1000.0,1.0,3.1999999999999966
426,1.8055555555555554,0.6944444444444443,1000.0,1.0,3.1999999999999966
427,1.7777777777777777,0.7222222222222222,1000.0,1.0,3.1999999999999966
428,1.8888888888888886,0.6944444444444443,1000.0,1.0,3.1999999999999966
429,1.861111111111111,0.7222222222222222,1000.0,1.0,3.1999999999999966
430,1.972222222222222,0.6944444444444443,1000.0,1.0,3.1999999999999966
431,1.9444444444444444,0.7222222222222222,1000.0,1.0,3.1999999999999966
432,0.05555555555555555,0.7777777777777777,1000.0,1.0,3.200000000000005
433,0.027777777777777776,0.8055555555555555,1000.0,1.0,3.200000000000005
434,0.13888888888888887,0.7777777777777777,1000.0,1.0,3.200000000000005
435,0.1111111111111111,0.8055555555555555,1000.0,1.0,3.200000000000005
436,0.2222222222222222,0.7777777777777777,1000.0,1.0,3.2000000000000055
437,0.19444444444444442,0.8055555555555555,1000.0,1.0,3.2000000000000055
438,0.3055555555555555,0.7777777777777777,1000.0,1.0,3.2000000000000055
439,0.27777777777777773,0.8055555555555555,1000.0,1.0,3.2000000000000055
440,0.38888888888888884,0.7777777777777777,1000.0,1.0,3.200000000000005
441,0.3611111111111111,0.8055555555555555,1000.0,1.0,3.200000000000005
442,0.47222222222222215,0.7777777777777777,1000.0,1.0,3.200000000000005
443,0.4444444444444444,0.8055555555555555,1000.0,1.0,3.200000000000005
444,0.5555555555555555,0.7777777777777777,1000.0,1.0,3.2000000000000055
445,0.5277777777777778,0.8055555555555555,1000.0,1.0,3.2000000000000055
446,0.6388888888888888,0.7777777777777777,1000.0,1.0,3.2000000000000055
447,0.611111111111111,0.8055555555555555,1000.0,1.0,3.2000000000000055
448,0.7222222222222222,0.7777777777777777,1000.0,1.0,3.2000000000000055
449,0.6944444444444443,0.8055555555555555,1000.0,1.0,3.2000000000000055
450,0.8055555555555555,0.7777777777777777,1000.0,1.0,3.200000000000005
451,0.7777777777777777,0.8055555555555555,1000.0,1.0,3.200000000000005
452,0.8888888888888888,0.7777777777777777,1000.0,1.0,3.2000000000000055
453,0.861111111111111,0.8055555555555555,1000.0,1.0,3.2000000000000055
454,0.9722222222222222,0.7777777777777777,1000.0,1.0,3.200000000000005
455,0.9444444444444443,0.8055555555555555,1000.0,1.0,3.200000000000005
456,1.0555555555555554,0.7777777777777777,1000.0,1.0,3.2000000000000055
457,1.0277777777777777,0.8055555555555555,1000.0,1.0,3.2000000000000055
458,1.1388888888888888,0.7777777777777777,1000.0,1.0,3.200000000000005
459,1.111111111111111,0.8055555555555555,1000.0,1.0,3.200000000000005
460,1.222222222222222,0.7777777777777777,1000.0,1.0,3.200000000000005
461,1.1944444444444444,0.8055555555555555,1000.0,1.0,3.200000000000005
462,1.3055555555555554,0.7777777777777777,1000.0,0.35,3.200000000000005
463,1.2777777777777777,0.8055555555555555,1000.0,0.35,3.200000000000005
464,1.3888888888888886,0.7777777777777777,1000.0,0.35,3.200000000000005
465,1.361111111111111,0.8055555555555555,1000.0,0.35,3.200000000000005
466,1.472222222222222,0.7777777777777777,1000.0,1.0,3.200000000000005
467,1.4444444444444444,0.8055555555555555,1000.0,1.0,3.200000000000005
468,1.5555555555555554,0.7777777777777777,1000.0,1.0,3.2000000000000055
469,1.5277777777777777,0.8055555555555555,1000.0,1.0,3.2000000000000055
470,1.6388888888888886,0.7777777777777777,1000.0,1.0,3.200000000000006
471,1.611111111111111,0.8055555555555555,1000.0,1.0,3.200000000000006
472,1.722222222222222,0.7777777777777777,1000.0,1.0,3.2000000000000055
473,1.6944444444444444,0.8055555555555555,1000.0,1.0,3.2000000000000055
474,1.8055555555555554,0.7777777777777777,1000.0,1.0,3.2000000000000055
475,1.7777777777777777,0.8055555555555555,1000.0,1.0,3.2000000000000055
476,1.8888888888888886,0.7777777777777777,1000.0,1.0,3.2000000000000055
477,1.861111111111111,0.8055555555555555,1000.0,1.0,3.2000000000000055
478,1.972222222222222,0.7777777777777777,1000.0,1.0,3.200000000000005
479,1.9444444444444444,0.8055555555555555,1000.0,1.0,3.200000000000005
480,0.05555555555555555,0.861111111111111,1000.0,1.0,3.199999999999997
481,0.027777777777777776,0.8888888888888888,1000.0,1.0,3.199999999999997
482,0.13888888888888887,0.861111111111111,1000.0,1.0,3.199999999999997
483,0.1111111111111111,0.8888888888888888,1000.0,1.0,3.199999999999997
484,0.2222222222222222,0.861111111111111,1000.0,1.0,3.199999999999997
485,0.19444444444444442,0.8888888888888888,1000.0,1.0,3.199999999999997
486,0.3055555555555555,0.861111111111111,1000.0,1.0,3.199999999999997
487,0.27777777777777773,0.8888888888888888,1000.0,1.0,3.199999999999997
488,0.38888888888888884,0.861111111111111,1000.0,1.0,3.1999999999999966
489,0.3611111111111111,0.8888888888888888,1000.0,1.0,3.1999999999999966
490,0.47222222222222215,0.861111111111111,1000.0,1.0,3.1999999999999975
491,0.4444444444444444,0.8888888888888888,1000.0,1.0,3.1999999999999975
492,0.5555555555555555,0.861111111111111,1000.0,1.0,3.1999999999999975
493,0.5277777777777778,0.8888888888888888,1000.0,1.0,3.1999999999999975
494,0.6388888888888888,0.861111111111111,1000.0,1.0,3.1999999999999975
495,0.611111111111111,0.8888888888888888,1000.0,1.0,3.1999999999999975
496,0.7222222222222222,0.861111111111111,1000.0,1.0,3.1999999999999975
497,0.6944444444444443,0.8888888888888888,1000.0,1.0,3.1999999999999975
498,0.8055555555555555,0.861111111111111,1000.0,1.0,3.1999999999999966
499,0.7777777777777777,0.8888888888888888,1000.0,1.0,3.1999999999999966
500,0.8888888888888888,0.861111111111111,1000.0,1.0,3.1999999999999975
501,0.861111111111111,0.8888888888888888,1000.0,1.0,3.1999999999999975
502,0.9722222222222222,0.861111111111111,1000.0,1.0,3.1999999999999975
503,0.9444444444444443,0.8888888888888888,1000.0,1.0,3.1999999999999975
504,1.0555555555555554,0.861111111111111,1000.0,1.0,3.1999999999999966
505,1.0277777777777777,0.8888888888888888,1000.0,1.0,3.1999999999999966
506,1.1388888888888888,0.861111111111111,1000.0,1.0,3.1999999999999966
507,1.111111111111111,0.8888888888888888,1000.0,1.0,3.1999999999999966
508,1.222222222222222,0.861111111111111,1000.0,1.0,3.1999999999999966
509,1.1944444444444444,0.8888888888888888,1000.0,1.0,3.1999999999999966
510,1.3055555555555554,0.861111111111111,1000.0,0.35,3.1999999999999966
511,1.2777777777777777,0.8888888888888888,1000.0,0.35,3.1999999999999966
512,1.3888888888888886,0.861111111111111,1000.0,0.35,3.1999999999999966
513,1.361111111111111,0.8888888888888888,1000.0,0.35,3.1999999999999966
514,1.472222222222222,0.861111111111111,1000.0,1.0,3.1999999999999966
515,1.4444444444444444,0.8888888888888888,1000.0,1.0,3.1999999999999966
516,1.5555555555555554,0.861111111111111,1000.0,1.0,3.1999999999999966
517,1.5277777777777777,0.8888888888888888,1000.0,1.0,3.1999999999999966
518,1.6388888888888886,0.861111111111111,1000.0,1.0,3.199999999999997
519,1.611111111111111,0.8888888888888888,1000.0,1.0,3.199999999999997
520,1.722222222222222,0.861111111111111,1000.0,1.0,3.1999999999999966
521,1.6944444444444444,0.8888888888888888,1000.0,1.0,3.1999999999999966
522,1.8055555555555554,0.861111111111111,1000.0,1.0,3.1999999999999966
523,1.7777777777777777,0.8888888888888888,1000.0,1.0,3.1999999999999966
524,1.8888888888888886,0.861111111111111,1000.0,1.0,3.1999999999999966
525,1.861111111111111,0.8888888888888888,1000.0,1.0,3.1999999999999966
526,1.972222222222222,0.861111111111111,1000.0,1.0,3.1999999999999966
527,1.9444444444444444,0.8888888888888888,1000.0,1.0,3.1999999999999966
528,0.05555555555555555,0.9444444444444443,1000.0,1.0,3.2000000000000055
529,0.027777777777777776,0.9722222222222222,1000.0,1.0,3.2000000000000055
530,0.13888888888888887,0.9444444444444443,1000.0,1.0,3.2000000000000055
531,0.1111111111111111,0.9722222222222222,1000.0,1.0,3.2000000000000055
532,0.2222222222222222,0.9444444444444443,1000.0,1.0,3.2000000000000055
533,0.19444444444444442,0.9722222222222222,1000.0,1.0,3.2000000000000055
534,0.3055555555555555,0.9444444444444443,1000.0,1.0,3.2000000000000055
535,0.27777777777777773,0.9722222222222222,1000.0,1.0,3.2000000000000055
536,0.38888888888888884,0.9444444444444443,1000.0,1.0,3.200000000000005
537,0.3611111111111111,0.9722222222222222,1000.0,1.0,3.200000000000005
538,0.47222222222222215,0.9444444444444443,1000.0,1.0,3.1999999999999975
539,0.4444444444444444,0.9722222222222222,1000.0,1.0,3.1999999999999975
540,0.5555555555555555,0.9444444444444443,1000.0,1.0,3.2000000000000055
541,0.5277777777777778,0.9722222222222222,1000.0,1.0,3.2000000000000055
542,0.6388888888888888,0.9444444444444443,1000.0,1.0,3.1999999999999975
543,0.611111111111111,0.9722222222222222,1000.0,1.0,3.1999999999999975
544,0.7222222222222222,0.9444444444444443,1000.0,1.0,3.1999999999999975
545,0.6944444444444443,0.9722222222222222,1000.0,1.0,3.1999999999999975
546,0.8055555555555555,0.9444444444444443,1000.0,1.0,3.200000000000005
547,0.7777777777777777,0.9722222222222222,1000.0,1.0,3.200000000000005
548,0.8888888888888888,0.9444444444444443,1000.0,1.0,3.1999999999999975
549,0.861111111111111,0.9722222222222222,1000.0,1.0,3.1999999999999975
550,0.9722222222222222,0.9444444444444443,1000.0,1.0,3.1999999999999975
551,0.9444444444444443,0.9722222222222222,1000.0,1.0,3.1999999999999975
552,1.0555555555555554,0.9444444444444443,1000.0,1.0,3.2000000000000055
553,1.0277777777777777,0.9722222222222222,1000.0,1.0,3.2000000000000055
554,1.1388888888888888,0.9444444444444443,1000.0,1.0,3.200000000000005
555,1.111111111111111,0.9722222222222222,1000.0,1.0,3.200000000000005
556,1.222222222222222,0.9444444444444443,1000.0,1.0,3.200000000000005
557,1.1944444444444444,0.9722222222222222,1000.0,1.0,3.200000000000005
558,1.3055555555555554,0.9444444444444443,1000.0,0.35,3.200000000000005
559,1.2777777777777777,0.9722222222222222,1000.0,0.35,3.200000000000005
560,1.3888888888888886,0.9444444444444443,1000.0,0.35,3.200000000000005
561,1.361111111111111,0.9722222222222222,1000.0,0.35,3.200000000000005
562,1.472222222222222,0.9444444444444443,1000.0,1.0,3.2000000000000055
563,1.4444444444444444,0.9722222222222222,1000.0,1.0,3.2000000000000055
564,1.5555555555555554,0.9444444444444443,1000.0,1.0,3.2000000000000055
565,1.5277777777777777,0.9722222222222222,1000.0,1.0,3.2000000000000055
566,1.6388888888888886,0.9444444444444443,1000.0,1.0,3.200000000000006
567,1.611111111111111,0.9722222222222222,1000.0,1.0,3.200000000000006
568,1.722222222222222,0.9444444444444443,1000.0,1.0,3.200000000000005
569,1.6944444444444444,0.9722222222222222,1000.0,1.0,3.200000000000005
570,1.8055555555555554,0.9444444444444443,1000.0,1.0,3.2000000000000055
571,1.7777777777777777,0.9722222222222222,1000.0,1.0,3.2000000000000055
572,1.8888888888888886,0.9444444444444443,1000.0,1.0,3.2000000000000055
573,1.861111111111111,0.9722222222222222,1000.0,1.0,3.2000000000000055
574,1.972222222222222,0.9444444444444443,1000.0,1.0,3.200000000000005
575,1.9444444444444444,0.9722222222222222,1000.0,1.0,3.200000000000005
